# method=RefitRotate,deformation=Localized,triangles=3402,vertices=9582,treeNodes=983,maxTrisPerLeaf=10,moveSpeed=2.0000,moveDistance=3.0000
run,frame,cycleProgress,deformMs,updateMs,queryMs,totalMs,verticesChecked,nodesVisitedUpdate,dirtyNodes,nodesVisitedQuery,collidedVertices
1,0,0.0024,0.6449,0.5555,0.0068,1.2092,10206,983,983,1,0
1,1,0.0041,0.6241,0.5205,0.0059,1.1526,10206,983,983,1,0
1,2,0.0058,0.6142,0.5877,0.0060,1.2100,10206,983,983,1,0
1,3,0.0074,0.6828,0.5208,0.0069,1.2133,10206,983,983,1,0
1,4,0.0090,0.6425,0.4946,0.0077,1.1468,10206,983,983,1,0
1,5,0.0107,0.6425,0.5065,0.0069,1.1577,10206,983,983,1,0
1,6,0.0123,0.6408,0.6086,0.0065,1.2576,10206,983,983,1,0
1,7,0.0141,0.6279,0.4850,0.0110,1.1264,10206,983,983,1,0
1,8,0.0157,0.6297,0.5108,0.0069,1.1495,10206,983,983,1,0
1,9,0.0173,0.6273,0.6024,0.0065,1.2387,10206,983,983,1,0
1,10,0.0190,0.6397,0.6074,0.0061,1.2551,10206,983,983,1,0
1,11,0.0206,0.6276,0.5115,0.0085,1.1502,10206,983,983,1,0
1,12,0.0222,0.6182,0.4842,0.0065,1.1108,10206,983,983,1,0
1,13,0.0238,0.6213,0.5261,0.0062,1.1560,10206,983,983,1,0
1,14,0.0253,0.6359,0.5226,0.0064,1.1667,10206,983,983,1,0
1,15,0.0271,0.6197,0.6444,0.0066,1.2728,10206,983,983,1,0
1,16,0.0288,0.6359,0.4785,0.0076,1.1242,10206,983,983,1,0
1,17,0.0304,0.6233,0.5152,0.0076,1.1496,10206,983,983,1,0
1,18,0.0321,0.6128,0.6007,0.0067,1.2216,10206,983,983,1,0
1,19,0.0338,0.6505,0.5042,0.0071,1.1646,10206,983,983,1,0
1,20,0.0354,0.5945,0.5882,0.0071,1.1925,10206,983,983,1,0
1,21,0.0370,0.6260,0.4878,0.0076,1.1235,10206,983,983,1,0
1,22,0.0385,0.6352,0.4903,0.0071,1.1344,10206,983,983,1,0
1,23,0.0402,0.6729,0.4862,0.0119,1.1727,10206,983,983,1,0
1,24,0.0418,0.6439,0.4930,0.0068,1.1458,10206,983,983,1,0
1,25,0.0434,0.6166,0.5199,0.0068,1.1463,10206,983,983,1,0
1,26,0.0451,0.5922,0.4884,0.0078,1.0924,10206,983,983,1,0
1,27,0.0468,0.6244,0.4689,0.0119,1.1087,10206,983,983,1,0
1,28,0.0484,0.5991,0.5877,0.0068,1.1959,10206,983,983,1,0
1,29,0.0500,0.6175,0.6012,0.0091,1.2294,10206,983,983,1,0
1,30,0.0517,0.6456,0.5504,0.0067,1.2043,10206,983,983,1,0
1,31,0.0534,0.6354,0.5961,0.0065,1.2402,10206,983,983,1,0
1,32,0.0551,0.6213,0.4836,0.0067,1.1137,10206,983,983,1,0
1,33,0.0567,0.6469,0.6056,0.0057,1.2604,10206,983,983,1,0
1,34,0.0583,0.6221,0.5935,0.0061,1.2233,10206,983,983,1,0
1,35,0.0600,0.6383,0.5299,0.0072,1.1771,10206,983,983,1,0
1,36,0.0617,0.6205,0.5066,0.0061,1.1347,10206,983,983,1,0
1,37,0.0633,0.6179,0.4789,0.0060,1.1049,10206,983,983,1,0
1,38,0.0649,0.6417,0.5143,0.0055,1.1639,10206,983,983,1,0
1,39,0.0664,0.6027,0.6173,0.0079,1.2320,10206,983,983,1,0
1,40,0.0681,0.6588,0.5031,0.0082,1.1726,10206,983,983,1,0
1,41,0.0697,0.5906,0.6071,0.0088,1.2091,10206,983,983,1,0
1,42,0.0713,0.6336,0.5834,0.0067,1.2261,10206,983,983,1,0
1,43,0.0730,0.6403,0.5107,0.0076,1.1615,10206,983,983,1,0
1,44,0.0746,0.6354,0.5148,0.0072,1.1597,10206,983,983,1,0
1,45,0.0762,0.6405,0.4922,0.0067,1.1413,10206,983,983,1,0
1,46,0.0778,0.6319,0.4838,0.0054,1.1231,10206,983,983,1,0
1,47,0.0794,0.6506,0.4989,0.0069,1.1583,10206,983,983,1,0
1,48,0.0811,0.6286,0.4949,0.0080,1.1334,10206,983,983,1,0
1,49,0.0827,0.6346,0.6374,0.0061,1.2805,10206,983,983,1,0
1,50,0.0844,0.6272,0.5911,0.0066,1.2266,10206,983,983,1,0
1,51,0.0860,0.6089,0.6079,0.0090,1.2279,10206,983,983,1,0
1,52,0.0876,0.6262,0.5996,0.0064,1.2343,10206,983,983,1,0
1,53,0.0893,0.6444,0.6073,0.0057,1.2593,10206,983,983,1,0
1,54,0.0910,0.6241,0.6081,0.0069,1.2416,10206,983,983,1,0
1,55,0.0927,0.6249,0.6314,0.0066,1.2659,10206,983,983,1,0
1,56,0.0944,0.6292,0.4794,0.0127,1.1231,10206,983,983,1,0
1,57,0.0961,0.6195,0.5672,0.0070,1.1963,10206,983,983,1,0
1,58,0.0979,0.6259,0.5259,0.0074,1.1623,10206,983,983,1,0
1,59,0.0999,0.5883,0.4656,0.0064,1.0620,10206,983,983,1,0
1,60,0.1019,0.6249,0.4679,0.0063,1.1009,10206,983,983,1,0
1,61,0.1036,0.6185,0.4945,0.0079,1.1234,10206,983,983,1,0
1,62,0.1053,0.6646,0.5361,0.0062,1.2088,10206,983,983,1,0
1,63,0.1069,0.6152,0.4873,0.0071,1.1119,10206,983,983,1,0
1,64,0.1086,0.6495,0.4914,0.0060,1.1489,10206,983,983,1,0
1,65,0.1102,0.6302,0.5913,0.0066,1.2299,10206,983,983,1,0
1,66,0.1119,0.6388,0.5381,0.0063,1.1853,10206,983,983,1,0
1,67,0.1135,0.6497,0.4881,0.0062,1.1459,10206,983,983,1,0
1,68,0.1152,0.6468,0.4758,0.0074,1.1319,10206,983,983,1,0
1,69,0.1168,0.6412,0.6048,0.0069,1.2551,10206,983,983,1,0
1,70,0.1184,0.6160,0.6005,0.0057,1.2257,10206,983,983,1,0
1,71,0.1201,0.6516,0.5357,0.0073,1.1971,10206,983,983,1,0
1,72,0.1217,0.6331,0.4862,0.0080,1.1292,10206,983,983,1,0
1,73,0.1234,0.6190,0.5004,0.0072,1.1291,10206,983,983,1,0
1,74,0.1250,0.6244,0.5989,0.0063,1.2318,10206,983,983,1,0
1,75,0.1267,0.5946,0.6084,0.0073,1.2143,10206,983,983,1,0
1,76,0.1283,0.6057,0.4738,0.0066,1.0912,10206,983,983,1,0
1,77,0.1299,0.6126,0.4773,0.0071,1.0991,10206,983,983,1,0
1,78,0.1315,0.6407,0.4937,0.0075,1.1453,10206,983,983,1,0
1,79,0.1332,0.6407,0.4958,0.0070,1.1471,10206,983,983,1,0
1,80,0.1349,0.6387,0.4792,0.0065,1.1263,10206,983,983,1,0
1,81,0.1365,0.5896,0.5730,0.0070,1.1712,10206,983,983,1,0
1,82,0.1382,0.6265,0.4583,0.0077,1.0949,10206,983,983,1,0
1,83,0.1399,0.6331,0.4850,0.0069,1.1271,10206,983,983,1,0
1,84,0.1415,0.6326,0.5934,0.0065,1.2342,10206,983,983,1,0
1,85,0.1432,0.6285,0.6007,0.0063,1.2381,10206,983,983,1,0
1,86,0.1448,0.6268,0.6058,0.0060,1.2408,10206,983,983,1,0
1,87,0.1465,0.6284,0.5924,0.0063,1.2290,10206,983,983,1,0
1,88,0.1482,0.6475,0.6153,0.0064,1.2723,10206,983,983,1,0
1,89,0.1499,0.6302,0.4784,0.0071,1.1175,10206,983,983,1,0
1,90,0.1516,0.6397,0.4795,0.0075,1.1286,10206,983,983,1,0
1,91,0.1532,0.6274,0.6049,0.0081,1.2447,10206,983,983,1,0
1,92,0.1549,0.6426,0.4788,0.0072,1.1304,10206,983,983,1,0
1,93,0.1566,0.6251,0.4795,0.0068,1.1152,10206,983,983,1,0
1,94,0.1582,0.6274,0.4901,0.0067,1.1262,10206,983,983,1,0
1,95,0.1603,0.6792,0.5721,0.0069,1.2603,10206,983,983,1,0
1,96,0.1620,0.6209,0.5940,0.0066,1.2229,10206,983,983,1,0
1,97,0.1637,0.6335,0.4761,0.0073,1.1186,10206,983,983,1,0
1,98,0.1654,0.6418,0.4818,0.0076,1.1342,10206,983,983,1,0
1,99,0.1671,0.6355,0.4679,0.0080,1.1131,10206,983,983,1,0
1,100,0.1688,0.6394,0.4827,0.0076,1.1317,10206,983,983,1,0
1,101,0.1706,0.6529,0.4948,0.0086,1.1591,10206,983,983,1,0
1,102,0.1724,0.8256,0.5944,0.0070,1.4290,10206,983,983,1,0
1,103,0.1743,0.6328,0.4833,0.0066,1.1255,10206,983,983,1,0
1,104,0.1760,0.6436,0.6153,0.0065,1.2674,10206,983,983,1,0
1,105,0.1778,0.6956,0.4941,0.0066,1.1986,10206,983,983,1,0
1,106,0.1795,0.6444,0.4822,0.0071,1.1368,10206,983,983,1,0
1,107,0.1811,0.6314,0.4773,0.0071,1.1180,10206,983,983,1,0
1,108,0.1829,0.6268,0.4841,0.0072,1.1214,10206,983,983,1,0
1,109,0.1845,0.6517,0.4756,0.0081,1.1377,10206,983,983,1,0
1,110,0.1861,0.6560,0.4707,0.0069,1.1357,10206,983,983,1,0
1,111,0.1878,0.6313,0.5153,0.0065,1.1547,10206,983,983,1,0
1,112,0.1894,0.6476,0.4850,0.0078,1.1423,10206,983,983,1,0
1,113,0.1911,0.6438,0.4810,0.0071,1.1337,10206,983,983,1,0
1,114,0.1928,0.6570,0.6120,0.0072,1.2779,10206,983,983,1,0
1,115,0.1944,0.6306,0.4774,0.0071,1.1169,10206,983,983,1,0
1,116,0.1961,0.6258,0.4880,0.0073,1.1235,10206,983,983,1,0
1,117,0.1978,0.6421,0.5936,0.0064,1.2441,10206,983,983,1,0
1,118,0.1995,0.6296,0.4856,0.0067,1.1239,10206,983,983,1,0
1,119,0.2010,0.6281,0.4810,0.0074,1.1187,10206,983,983,1,0
1,120,0.2026,0.6241,0.4833,0.0077,1.1172,10206,983,983,1,0
1,121,0.2043,0.6150,0.4796,0.0070,1.1052,10206,983,983,1,0
1,122,0.2059,0.6032,0.5781,0.0082,1.1923,10206,983,983,1,0
1,123,0.2076,0.6782,0.5703,0.0079,1.2588,10206,983,983,1,0
1,124,0.2093,0.6180,0.4737,0.0070,1.1019,10206,983,983,1,0
1,125,0.2109,0.6523,0.4923,0.0080,1.1546,10206,983,983,1,0
1,126,0.2127,0.6249,0.7541,0.0086,1.3901,10206,983,983,1,0
1,127,0.2145,0.6306,0.5690,0.0066,1.2088,10206,983,983,1,0
1,128,0.2161,0.6326,0.5831,0.0066,1.2243,10206,983,983,1,0
1,129,0.2178,0.6122,0.4720,0.0069,1.0934,10206,983,983,1,0
1,130,0.2194,0.6327,0.6004,0.0080,1.2426,10206,983,983,1,0
1,131,0.2211,0.6274,0.4790,0.0065,1.1159,10206,983,983,1,0
1,132,0.2228,0.6200,0.5816,0.0082,1.2126,10206,983,983,1,0
1,133,0.2244,0.6340,0.5564,0.0068,1.1990,10206,983,983,1,0
1,134,0.2261,0.6241,0.4919,0.0072,1.1263,10206,983,983,1,0
1,135,0.2278,0.7026,0.6001,0.0090,1.3137,10206,983,983,1,0
1,136,0.2295,0.6381,0.6110,0.0062,1.2593,10206,983,983,1,0
1,137,0.2312,0.6230,0.5979,0.0058,1.2294,10206,983,983,1,0
1,138,0.2329,0.6315,0.4750,0.0067,1.1152,10206,983,983,1,0
1,139,0.2345,0.6391,0.4953,0.0067,1.1428,10206,983,983,1,0
1,140,0.2362,0.6296,0.4814,0.0074,1.1203,10206,983,983,1,0
1,141,0.2379,0.6573,0.5855,0.0060,1.2508,10206,983,983,1,0
1,142,0.2395,0.6160,0.5145,0.0053,1.1375,10206,983,983,1,0
1,143,0.2412,0.6238,0.4792,0.0066,1.1115,10206,983,983,1,0
1,144,0.2428,0.5997,0.6442,0.0070,1.2547,10206,983,983,1,0
1,145,0.2444,0.6240,0.4842,0.0066,1.1171,10206,983,983,1,0
1,146,0.2460,0.6248,0.6136,0.0067,1.2475,10206,983,983,1,0
1,147,0.2477,0.6879,0.6036,0.0061,1.2992,10206,983,983,1,0
1,148,0.2495,0.6546,0.4967,0.0079,1.1617,10206,983,983,1,0
1,149,0.2511,0.6426,0.4942,0.0078,1.1466,10206,983,983,1,0
1,150,0.2528,0.6949,0.5462,0.0063,1.2489,10206,983,983,1,0
1,151,0.2545,0.6297,0.5127,0.0066,1.1511,10206,983,983,1,0
1,152,0.2562,0.6449,0.5241,0.0082,1.1799,10206,983,983,1,0
1,153,0.2578,0.6296,0.4818,0.0067,1.1203,10206,983,983,1,0
1,154,0.2595,0.6326,0.7294,0.0075,1.3719,10206,983,983,1,0
1,155,0.2611,0.6425,0.6051,0.0060,1.2557,10206,983,983,1,0
1,156,0.2628,0.6478,0.5972,0.0067,1.2551,10206,983,983,1,0
1,157,0.2644,0.6431,0.4887,0.0068,1.1404,10206,983,983,1,0
1,158,0.2660,0.6227,0.5907,0.0116,1.2271,10206,983,983,1,0
1,159,0.2678,0.6077,0.6190,0.0064,1.2351,10206,983,983,1,0
1,160,0.2694,0.6305,0.4913,0.0072,1.1318,10206,983,983,1,0
1,161,0.2711,0.6393,0.5001,0.0074,1.1500,10206,983,983,1,0
1,162,0.2727,0.6513,0.6149,0.0066,1.2754,10206,983,983,1,0
1,163,0.2743,0.6321,0.4867,0.0076,1.1290,10206,983,983,1,0
1,164,0.2760,0.6524,0.4990,0.0071,1.1604,10206,983,983,1,0
1,165,0.2776,0.6400,0.5787,0.0065,1.2278,10206,983,983,1,0
1,166,0.2793,0.6443,0.6151,0.0074,1.2695,10206,983,983,1,0
1,167,0.2809,0.6250,0.5985,0.0079,1.2333,10206,983,983,1,0
1,168,0.2825,0.6453,0.4918,0.0069,1.1461,10206,983,983,1,0
1,169,0.2842,0.6436,0.4842,0.0074,1.1371,10206,983,983,1,0
1,170,0.2858,0.6449,0.4871,0.0075,1.1415,10206,983,983,1,0
1,171,0.2874,0.6271,0.4888,0.0065,1.1245,10206,983,983,1,0
1,172,0.2890,0.6468,0.4856,0.0073,1.1416,10206,983,983,1,0
1,173,0.2907,0.6422,0.4741,0.0075,1.1257,10206,983,983,1,0
1,174,0.2923,0.6291,0.5489,0.0061,1.1853,10206,983,983,1,0
1,175,0.2940,0.6330,0.4904,0.0066,1.1331,10206,983,983,1,0
1,176,0.2955,0.6248,0.4785,0.0076,1.1148,10206,983,983,1,0
1,177,0.2971,0.6302,0.4840,0.0072,1.1231,10206,983,983,1,0
1,178,0.2988,0.6510,0.6024,0.0070,1.2628,10206,983,983,1,0
1,179,0.3004,0.6434,0.6053,0.0071,1.2584,10206,983,983,1,0
1,180,0.3021,0.6241,0.5954,0.0063,1.2282,10206,983,983,1,0
1,181,0.3039,0.6309,0.5135,0.0069,1.1531,10206,983,983,1,0
1,182,0.3056,0.6372,0.4732,0.0070,1.1196,10206,983,983,1,0
1,183,0.3073,0.6377,0.4887,0.0073,1.1357,10206,983,983,1,0
1,184,0.3089,0.6445,0.4893,0.0078,1.1435,10206,983,983,1,0
1,185,0.3106,0.6429,0.4892,0.0074,1.1430,10206,983,983,1,0
1,186,0.3122,0.6480,0.4903,0.0076,1.1479,10206,983,983,1,0
1,187,0.3139,0.6460,0.4781,0.0077,1.1335,10206,983,983,1,0
1,188,0.3156,0.6361,0.4824,0.0067,1.1276,10206,983,983,1,0
1,189,0.3173,0.6178,0.5013,0.0065,1.1269,10206,983,983,1,0
1,190,0.3190,0.6493,0.4833,0.0067,1.1417,10206,983,983,1,0
1,191,0.3207,0.6211,0.4818,0.0064,1.1114,10206,983,983,1,0
1,192,0.3224,0.6185,0.4777,0.0069,1.1058,10206,983,983,1,0
1,193,0.3241,0.6498,0.5090,0.0077,1.1692,10206,983,983,1,0
1,194,0.3258,0.6193,0.4813,0.0070,1.1098,10206,983,983,1,0
1,195,0.3276,0.6308,0.5840,0.0101,1.2269,10206,983,983,1,0
1,196,0.3293,0.6163,0.6012,0.0085,1.2290,10206,983,983,1,0
1,197,0.3309,0.6364,0.6135,0.0073,1.2601,10206,983,983,1,0
1,198,0.3326,0.6449,0.4858,0.0079,1.1407,10206,983,983,1,0
1,199,0.3343,0.6303,0.4861,0.0064,1.1254,10206,983,983,1,0
1,200,0.3360,0.6377,0.5248,0.0068,1.1714,10206,983,983,1,0
1,201,0.3377,0.7179,0.6706,0.0085,1.4001,10206,983,983,1,0
1,202,0.3397,0.6198,0.4810,0.0071,1.1102,10206,983,983,1,0
1,203,0.3414,0.6529,0.4801,0.0072,1.1423,10206,983,983,1,0
1,204,0.3431,0.6158,0.5760,0.0069,1.2004,10206,983,983,1,0
1,205,0.3448,0.6181,0.4864,0.0073,1.1145,10206,983,983,1,0
1,206,0.3465,0.6189,0.4746,0.0066,1.1029,10206,983,983,1,0
1,207,0.3482,0.6379,0.5525,0.0064,1.1988,10206,983,983,1,0
1,208,0.3500,0.6160,0.5926,0.0059,1.2170,10206,983,983,1,0
1,209,0.3517,0.6166,0.4716,0.0064,1.0986,10206,983,983,1,0
1,210,0.3533,0.6226,0.4723,0.0069,1.1041,10206,983,983,1,0
1,211,0.3549,0.6176,0.4751,0.0062,1.1008,10206,983,983,1,0
1,212,0.3566,0.6348,0.4899,0.0064,1.1338,10206,983,983,1,0
1,213,0.3582,0.6240,0.4865,0.0071,1.1201,10206,983,983,1,0
1,214,0.3599,0.6249,0.4859,0.0070,1.1198,10206,983,983,1,0
1,215,0.3616,0.6201,0.4809,0.0069,1.1105,10206,983,983,1,0
1,216,0.3633,0.6427,0.4892,0.0071,1.1414,10206,983,983,1,0
1,217,0.3650,0.6143,0.4791,0.0068,1.1037,10206,983,983,1,0
1,218,0.3667,0.6288,0.4779,0.0064,1.1152,10206,983,983,1,0
1,219,0.3684,0.6053,0.5388,0.0058,1.1513,10206,983,983,1,0
1,220,0.3700,0.6238,0.5288,0.0067,1.1613,10206,983,983,1,0
1,221,0.3717,0.6491,0.4968,0.0093,1.1577,10206,983,983,1,0
1,222,0.3735,0.6602,0.5708,0.0084,1.2422,10206,983,983,1,0
1,223,0.3755,0.6394,0.4802,0.0066,1.1280,10206,983,983,1,0
1,224,0.3772,0.6434,0.6240,0.0069,1.2764,10206,983,983,1,0
1,225,0.3788,0.6189,0.6003,0.0060,1.2276,10206,983,983,1,0
1,226,0.3806,0.6235,0.4670,0.0070,1.1012,10206,983,983,1,0
1,227,0.3822,0.6374,0.4922,0.0068,1.1391,10206,983,983,1,0
1,228,0.3838,0.6565,0.4948,0.0074,1.1607,10206,983,983,1,0
1,229,0.3855,0.6186,0.4825,0.0058,1.1098,10206,983,983,1,0
1,230,0.3872,0.6250,0.6076,0.0086,1.2429,10206,983,983,1,0
1,231,0.3891,0.7738,0.6067,0.0083,1.3902,10206,983,983,1,0
1,232,0.3909,0.6148,0.4892,0.0078,1.1136,10206,983,983,1,0
1,233,0.3926,0.6366,0.4787,0.0081,1.1251,10206,983,983,1,0
1,234,0.3944,0.6398,0.6024,0.0076,1.2518,10206,983,983,1,0
1,235,0.3963,0.6350,0.4984,0.0071,1.1432,10206,983,983,1,0
1,236,0.3983,0.6610,0.6476,0.0114,1.3231,10206,983,983,1,0
1,237,0.4002,0.6437,0.6082,0.0077,1.2626,10206,983,983,1,0
1,238,0.4021,0.7614,0.6741,0.0091,1.4469,10206,983,983,1,0
1,239,0.4042,0.6754,0.5545,0.0070,1.2388,10206,983,983,1,0
1,240,0.4062,0.6724,0.6415,0.0075,1.3246,10206,983,983,1,0
1,241,0.4081,0.6406,0.5653,0.0070,1.2147,10206,983,983,1,0
1,242,0.4098,0.5940,0.4648,0.0075,1.0688,10206,983,983,1,0
1,243,0.4114,0.6311,0.4903,0.0063,1.1300,10206,983,983,1,0
1,244,0.4130,0.6079,0.5830,0.0064,1.1997,10206,983,983,1,0
1,245,0.4147,0.6024,0.5864,0.0066,1.2080,10206,983,983,1,0
1,246,0.4163,0.6185,0.4888,0.0079,1.1176,10206,983,983,1,0
1,247,0.4180,0.6633,0.4938,0.0071,1.1664,10206,983,983,1,0
1,248,0.4197,0.6356,0.5994,0.0064,1.2429,10206,983,983,1,0
1,249,0.4214,0.6282,0.5366,0.0062,1.1725,10206,983,983,1,0
1,250,0.4230,0.6101,0.4995,0.0079,1.1201,10206,983,983,1,0
1,251,0.4246,0.6129,0.5916,0.0060,1.2129,10206,983,983,1,0
1,252,0.4263,0.6186,0.4877,0.0075,1.1160,10206,983,983,1,0
1,253,0.4280,0.6407,0.5224,0.0066,1.1720,10206,983,983,1,0
1,254,0.4297,0.6306,0.4902,0.0075,1.1317,10206,983,983,1,0
1,255,0.4314,0.6296,0.5948,0.0060,1.2325,10206,983,983,1,0
1,256,0.4330,0.6163,0.6035,0.0067,1.2291,10206,983,983,1,0
1,257,0.4347,0.6322,0.5964,0.0059,1.2366,10206,983,983,1,0
1,258,0.4364,0.6220,0.4861,0.0068,1.1170,10206,983,983,1,0
1,259,0.4381,0.6250,0.5936,0.0070,1.2277,10206,983,983,1,0
1,260,0.4398,0.6454,0.5088,0.0065,1.1624,10206,983,983,1,0
1,261,0.4414,0.6287,0.4841,0.0067,1.1226,10206,983,983,1,0
1,262,0.4431,0.6236,0.4896,0.0069,1.1226,10206,983,983,1,0
1,263,0.4448,0.6061,0.5975,0.0058,1.2109,10206,983,983,1,0
1,264,0.4464,0.6234,0.4775,0.0059,1.1088,10206,983,983,1,0
1,265,0.4481,0.6225,0.5993,0.0071,1.2307,10206,983,983,1,0
1,266,0.4497,0.6354,0.5375,0.0068,1.1814,10206,983,983,1,0
1,267,0.4514,0.6400,0.5198,0.0060,1.1679,10206,983,983,1,0
1,268,0.4530,0.5981,0.4640,0.0073,1.0717,10206,983,983,1,0
1,269,0.4547,0.6565,0.4840,0.0115,1.1541,10206,983,983,1,0
1,270,0.4564,0.6293,0.5168,0.0068,1.1548,10206,983,983,1,0
1,271,0.4581,0.6330,0.5432,0.0058,1.1842,10206,983,983,1,0
1,272,0.4598,0.6848,0.6570,0.0109,1.3547,10206,983,983,1,0
1,273,0.4615,0.6434,0.5239,0.0063,1.1758,10206,983,983,1,0
1,274,0.4632,0.6372,0.4906,0.0075,1.1371,10206,983,983,1,0
1,275,0.4648,0.6450,0.5241,0.0064,1.1774,10206,983,983,1,0
1,276,0.4665,0.6181,0.4866,0.0069,1.1134,10206,983,983,1,0
1,277,0.4681,0.6267,0.4904,0.0084,1.1287,10206,983,983,1,0
1,278,0.4698,0.6136,0.5972,0.0061,1.2197,10206,983,983,1,0
1,279,0.4715,0.6128,0.6016,0.0179,1.2343,10206,983,983,1,0
1,280,0.4732,0.6193,0.5485,0.0065,1.1757,10206,983,983,1,0
1,281,0.4748,0.6842,0.6423,0.0099,1.3408,10206,983,983,1,0
1,282,0.4765,0.6016,0.4716,0.0080,1.0834,10206,983,983,1,0
1,283,0.4782,0.6468,0.5174,0.0063,1.1725,10206,983,983,1,0
1,284,0.4798,0.6303,0.5203,0.0065,1.1588,10206,983,983,1,0
1,285,0.4815,0.6420,0.5375,0.0062,1.1877,10206,983,983,1,0
1,286,0.4832,0.6467,0.5405,0.0066,1.1960,10206,983,983,1,0
1,287,0.4849,0.6102,0.5577,0.0057,1.1751,10206,983,983,1,0
1,288,0.4865,0.6423,0.6065,0.0060,1.2568,10206,983,983,1,0
1,289,0.4882,0.6007,0.7015,0.0071,1.3121,10206,983,983,1,0
1,290,0.4898,0.6774,0.4720,0.0118,1.1637,10206,983,983,1,0
1,291,0.4914,0.6128,0.5515,0.0064,1.1732,10206,983,983,1,0
1,292,0.4931,0.6225,0.5975,0.0065,1.2284,10206,983,983,1,0
1,293,0.4947,0.6254,0.5029,0.0078,1.1385,10206,983,983,1,0
1,294,0.4963,0.6121,0.6013,0.0063,1.2214,10206,983,983,1,0
1,295,0.4980,0.6208,0.6067,0.0148,1.2438,10206,983,983,1,0
1,296,0.4997,0.6547,0.5310,0.0066,1.1940,10206,983,983,1,0
1,297,0.5013,0.8642,0.5959,0.0080,1.4715,10206,983,983,1,0
1,298,0.5030,0.5997,0.4955,0.0068,1.1049,10206,983,983,1,0
1,299,0.5046,0.6304,0.4783,0.0069,1.1175,10206,983,983,1,0
1,300,0.5063,0.6213,0.6037,0.0067,1.2339,10206,983,983,1,0
1,301,0.5079,0.6844,0.7301,0.0158,1.4349,10206,983,983,1,0
1,302,0.5096,0.6189,0.5056,0.0077,1.1354,10206,983,983,1,0
1,303,0.5112,0.6437,0.4998,0.0085,1.1562,10206,983,983,1,0
1,304,0.5130,0.6283,0.5930,0.0061,1.2292,10206,983,983,1,0
1,305,0.5147,0.6146,0.6041,0.0066,1.2271,10206,983,983,1,0
1,306,0.5163,0.6423,0.6098,0.0073,1.2612,10206,983,983,1,0
1,307,0.5180,0.6451,0.5841,0.0083,1.2394,10206,983,983,1,0
1,308,0.5196,0.6896,0.6916,0.0073,1.3915,10206,983,983,1,0
1,309,0.5213,0.6100,0.4718,0.0068,1.0903,10206,983,983,1,0
1,310,0.5229,0.6733,0.5585,0.0066,1.2400,10206,983,983,1,0
1,311,0.5245,0.6337,0.5913,0.0111,1.2391,10206,983,983,1,0
1,312,0.5263,0.6088,0.4807,0.0133,1.1049,10206,983,983,1,0
1,313,0.5279,0.6325,0.4993,0.0068,1.1402,10206,983,983,1,0
1,314,0.5295,0.6375,0.5154,0.0069,1.1618,10206,983,983,1,0
1,315,0.5312,0.6415,0.5510,0.0065,1.2006,10206,983,983,1,0
1,316,0.5328,0.6429,0.6072,0.0087,1.2609,10206,983,983,1,0
1,317,0.5344,0.6349,0.6067,0.0067,1.2519,10206,983,983,1,0
1,318,0.5361,0.6361,0.6049,0.0070,1.2509,10206,983,983,1,0
1,319,0.5377,0.6324,0.6336,0.0059,1.2740,10206,983,983,1,0
1,320,0.5394,0.6219,0.5377,0.0063,1.1686,10206,983,983,1,0
1,321,0.5411,0.6388,0.5445,0.0065,1.1918,10206,983,983,1,0
1,322,0.5428,0.6359,0.5812,0.0068,1.2257,10206,983,983,1,0
1,323,0.5445,0.6176,0.5856,0.0065,1.2120,10206,983,983,1,0
1,324,0.5462,0.6526,0.6100,0.0066,1.2712,10206,983,983,1,0
1,325,0.5478,0.6537,0.5941,0.0061,1.2559,10206,983,983,1,0
1,326,0.5494,0.6410,0.5253,0.0075,1.1758,10206,983,983,1,0
1,327,0.5511,0.6516,0.6033,0.0133,1.2699,10206,983,983,1,0
1,328,0.5528,0.6411,0.5676,0.0068,1.2177,10206,983,983,1,0
1,329,0.5544,0.6484,0.5221,0.0068,1.1798,10206,983,983,1,0
1,330,0.5561,0.6426,0.5639,0.0112,1.2197,10206,983,983,1,0
1,331,0.5578,0.6590,0.5605,0.0098,1.2311,10206,983,983,1,0
1,332,0.5595,0.6259,0.4998,0.0060,1.1338,10206,983,983,1,0
1,333,0.5611,0.6489,0.4884,0.0090,1.1488,10206,983,983,1,0
1,334,0.5627,0.6173,0.6070,0.0061,1.2326,10206,983,983,1,0
1,335,0.5644,0.6331,0.5450,0.0065,1.1868,10206,983,983,1,0
1,336,0.5660,0.6442,0.6174,0.0064,1.2699,10206,983,983,1,0
1,337,0.5677,0.6333,0.5399,0.0071,1.1832,10206,983,983,1,0
1,338,0.5694,0.6367,0.5749,0.0063,1.2197,10206,983,983,1,0
1,339,0.5710,0.6274,0.5165,0.0093,1.1567,10206,983,983,1,0
1,340,0.5727,0.6468,0.5822,0.0064,1.2374,10206,983,983,1,0
1,341,0.5744,0.6194,0.5093,0.0063,1.1369,10206,983,983,1,0
1,342,0.5760,0.6402,0.5504,0.0065,1.2016,10206,983,983,1,0
1,343,0.5789,0.5792,0.4580,0.0060,1.0600,10206,983,983,1,0
1,344,0.5811,0.5961,0.4685,0.0058,1.0723,10206,983,983,1,0
1,345,0.5834,0.5856,0.5621,0.0057,1.1550,10206,983,983,1,0
1,346,0.5855,0.5803,0.4586,0.0055,1.0462,10206,983,983,1,0
1,347,0.5877,0.5894,0.4673,0.0056,1.0640,10206,983,983,1,0
1,348,0.5900,0.5881,0.4705,0.0056,1.0657,10206,983,983,1,0
1,349,0.5924,0.5859,0.4620,0.0059,1.0557,10206,983,983,1,0
1,350,0.5945,0.5905,0.5764,0.0060,1.1749,10206,983,983,1,0
1,351,0.5967,0.5991,0.4641,0.0055,1.0700,10206,983,983,1,0
1,352,0.5993,0.5765,0.5123,0.0053,1.0959,10206,983,983,1,0
1,353,0.6016,0.5789,0.4526,0.0055,1.0386,10206,983,983,1,0
1,354,0.6039,0.5759,0.4547,0.0054,1.0376,10206,983,983,1,0
1,355,0.6062,0.5830,0.4554,0.0057,1.0460,10206,983,983,1,0
1,356,0.6086,0.5839,0.5724,0.0057,1.1636,10206,983,983,1,0
1,357,0.6111,0.5873,0.4597,0.0060,1.0548,10206,983,983,1,0
1,358,0.6135,0.5859,0.4675,0.0060,1.0613,10206,983,983,1,0
1,359,0.6161,0.5817,0.4541,0.0058,1.0432,10206,983,983,1,0
1,360,0.6185,0.5860,0.4556,0.0057,1.0487,10206,983,983,1,0
1,361,0.6213,0.5738,0.4561,0.0057,1.0370,10206,983,983,1,0
1,362,0.6241,0.6046,0.4560,0.0062,1.0683,10206,983,983,1,0
1,363,0.6270,0.5751,0.4572,0.0053,1.0393,10206,983,983,1,0
1,364,0.6295,0.5885,0.4590,0.0056,1.0550,10206,983,983,1,0
1,365,0.6408,0.6053,0.4422,0.0056,1.0545,10206,983,983,1,0
1,366,0.6431,0.6948,0.5799,0.0098,1.2863,10206,983,983,1,0
1,367,0.6450,0.6724,0.5803,0.0076,1.2624,10206,983,983,1,0
1,368,0.6470,0.7461,0.4864,0.0157,1.2503,10206,983,983,1,0
1,369,0.6489,0.6934,0.5962,0.0186,1.3106,10206,983,983,1,0
1,370,0.6508,0.7164,0.5847,0.0182,1.3211,10206,983,983,29,4
1,371,0.6528,0.7565,0.5889,0.0361,1.3838,10206,983,983,29,8
1,372,0.6547,0.8281,0.4842,0.0382,1.3520,10206,983,983,29,8
1,373,0.6567,0.7575,0.6285,0.0453,1.4335,10206,983,983,29,33
1,374,0.6587,0.7329,0.6208,0.0494,1.4051,10206,983,983,45,52
1,375,0.6608,0.7525,0.6092,0.0322,1.3968,10206,983,983,45,59
1,376,0.6627,0.7322,0.6149,0.0561,1.4055,10206,983,983,49,90
1,377,0.6645,0.6358,0.5311,0.0562,1.2248,10206,983,983,109,130
1,378,0.6662,0.6447,0.5280,0.0609,1.2353,10206,983,983,115,158
1,379,0.6679,0.6770,0.5549,0.0676,1.3012,10206,983,983,123,182
1,380,0.6697,0.6188,0.5457,0.0915,1.2586,10206,983,983,163,261
1,381,0.6714,0.6374,0.5390,0.0968,1.2754,10206,983,983,171,295
1,382,0.6732,0.6543,0.4892,0.1252,1.2707,10206,983,983,187,378
1,383,0.6750,0.6237,0.5180,0.1200,1.2638,10206,983,983,197,462
1,384,0.6768,0.6321,0.5015,0.1648,1.3007,10206,983,983,245,641
1,385,0.6788,0.6244,0.6220,0.2400,1.4889,10206,983,983,285,868
1,386,0.6809,0.6619,0.7348,0.3662,1.7659,10206,983,983,343,1405
1,387,0.6832,0.6149,0.6285,0.3486,1.5934,10206,983,983,393,1873
1,388,0.6856,0.6024,0.4725,0.3774,1.4541,10206,983,983,399,2290
1,389,0.6881,0.6420,0.5018,0.4184,1.5642,10206,983,983,427,2549
1,390,0.6909,0.6416,0.4988,0.4808,1.6233,10206,983,983,485,3048
1,391,0.6938,0.6532,0.5043,0.5010,1.6604,10206,983,983,521,3359
1,392,0.6969,0.6547,0.5021,0.5525,1.7109,10206,983,983,571,3711
1,393,0.7001,0.6557,0.6107,0.6523,1.9205,10206,983,983,631,4199
1,394,0.7037,0.7973,0.6618,0.6792,2.1404,10206,983,983,711,4879
1,395,0.7077,0.7670,0.5319,0.7490,2.0502,10206,983,983,771,5495
1,396,0.7121,0.6694,0.5375,0.8358,2.0452,10206,983,983,837,6129
1,397,0.7166,0.6611,0.6355,0.8959,2.1939,10206,983,983,871,6742
1,398,0.7214,0.6956,0.6584,0.9048,2.2614,10206,983,983,917,7377
1,399,0.7263,0.6273,0.4918,1.0595,2.1806,10206,983,983,945,8027
1,400,0.7311,0.7201,0.5339,0.9801,2.2368,10206,983,983,957,8346
1,401,0.7369,0.6740,0.6204,1.0234,2.3201,10206,983,983,975,8872
1,402,0.7430,0.7213,0.5364,1.0420,2.3021,10206,983,983,983,9280
1,403,0.7489,0.8142,0.5331,1.0038,2.3536,10206,983,983,983,9364
1,404,0.7549,0.7179,0.6222,1.0455,2.3883,10206,983,983,983,9337
1,405,0.7622,0.6851,0.5300,0.9794,2.1965,10206,983,983,975,8926
1,406,0.7708,0.6358,0.6210,0.9196,2.1787,10206,983,983,951,8264
1,407,0.7779,0.6658,0.5043,0.8741,2.0462,10206,983,983,909,7425
1,408,0.7827,0.6637,0.7009,0.8429,2.2104,10206,983,983,865,6819
1,409,0.7896,0.7625,0.5079,0.7332,2.0055,10206,983,983,813,5837
1,410,0.7937,0.6665,0.6278,0.6995,1.9962,10206,983,983,749,5232
1,411,0.7978,0.7218,0.5212,0.6036,1.8490,10206,983,983,661,4440
1,412,0.8027,0.6117,0.6156,0.5340,1.7629,10206,983,983,551,3660
1,413,0.8059,0.7350,0.5490,0.5158,1.8024,10206,983,983,515,3345
1,414,0.8091,0.6502,0.5020,0.4733,1.6270,10206,983,983,487,3002
1,415,0.8121,0.6425,0.5021,0.3945,1.5407,10206,983,983,421,2517
1,416,0.8148,0.6383,0.5016,0.3886,1.5298,10206,983,983,385,2219
1,417,0.8174,0.6373,0.4972,0.3355,1.4717,10206,983,983,355,1769
1,418,0.8199,0.6239,0.4855,0.2680,1.3790,10206,983,983,321,1014
1,419,0.8221,0.6282,0.6099,0.2116,1.4520,10206,983,983,275,763
1,420,0.8241,0.6935,0.5842,0.1598,1.4405,10206,983,983,233,558
1,421,0.8261,0.6465,0.4858,0.1293,1.2638,10206,983,983,211,411
1,422,0.8280,0.6520,0.4913,0.1122,1.2572,10206,983,983,171,312
1,423,0.8299,0.6434,0.6014,0.0908,1.3375,10206,983,983,163,261
1,424,0.8317,0.6301,0.5700,0.0748,1.2773,10206,983,983,137,204
1,425,0.8335,0.6205,0.4831,0.0734,1.1794,10206,983,983,115,164
1,426,0.8352,0.6261,0.6324,0.0607,1.3213,10206,983,983,111,136
1,427,0.8369,0.6267,0.5102,0.0361,1.1747,10206,983,983,49,100
1,428,0.8386,0.6149,0.6399,0.0376,1.2945,10206,983,983,45,78
1,429,0.8404,0.6225,0.5073,0.0289,1.1606,10206,983,983,45,52
1,430,0.8420,0.6131,0.5138,0.0219,1.1510,10206,983,983,29,45
1,431,0.8437,0.6054,0.5018,0.0214,1.1315,10206,983,983,29,20
1,432,0.8454,0.6441,0.5047,0.0216,1.1722,10206,983,983,29,8
1,433,0.8470,0.6089,0.5843,0.0202,1.2161,10206,983,983,29,8
1,434,0.8486,0.6081,0.4732,0.0210,1.1040,10206,983,983,29,8
1,435,0.8502,0.6330,0.5112,0.0102,1.1567,10206,983,983,1,0
1,436,0.8519,0.6135,0.5023,0.0057,1.1232,10206,983,983,1,0
1,437,0.8535,0.6577,0.5842,0.0065,1.2503,10206,983,983,1,0
1,438,0.8552,0.6395,0.5281,0.0068,1.1766,10206,983,983,1,0
1,439,0.8568,0.6326,0.5413,0.0062,1.1826,10206,983,983,1,0
1,440,0.8584,0.6433,0.5552,0.0092,1.2098,10206,983,983,1,0
1,441,0.8600,0.6469,0.5390,0.0066,1.1952,10206,983,983,1,0
1,442,0.8616,0.6396,0.5689,0.0081,1.2186,10206,983,983,1,0
1,443,0.8633,0.6305,0.6096,0.0061,1.2496,10206,983,983,1,0
1,444,0.8649,0.6237,0.5972,0.0087,1.2321,10206,983,983,1,0
1,445,0.8666,0.6122,0.5951,0.0066,1.2155,10206,983,983,1,0
1,446,0.8682,0.6294,0.5932,0.0065,1.2311,10206,983,983,1,0
1,447,0.8698,0.7532,0.6535,0.0166,1.4250,10206,983,983,1,0
1,448,0.8715,0.6123,0.7114,0.0086,1.3342,10206,983,983,1,0
1,449,0.8731,0.6283,0.6066,0.0067,1.2435,10206,983,983,1,0
1,450,0.8748,0.6164,0.5494,0.0061,1.1738,10206,983,983,1,0
1,451,0.8765,0.6527,0.5571,0.0065,1.2184,10206,983,983,1,0
1,452,0.8781,0.6315,0.5618,0.0057,1.2006,10206,983,983,1,0
1,453,0.8798,0.6601,0.5484,0.0069,1.2178,10206,983,983,1,0
1,454,0.8814,0.6077,0.5811,0.0061,1.1982,10206,983,983,1,0
1,455,0.8829,0.6308,0.6006,0.0062,1.2398,10206,983,983,1,0
1,456,0.8846,0.6176,0.5998,0.0078,1.2279,10206,983,983,1,0
1,457,0.8862,0.6222,0.7045,0.0076,1.3363,10206,983,983,1,0
1,458,0.8879,0.5964,0.5997,0.0074,1.2064,10206,983,983,1,0
1,459,0.8895,0.6311,0.5991,0.0065,1.2390,10206,983,983,1,0
1,460,0.8912,0.6426,0.6004,0.0067,1.2521,10206,983,983,1,0
1,461,0.8928,0.6666,0.6062,0.0070,1.2812,10206,983,983,1,0
1,462,0.8945,0.6161,0.6121,0.0173,1.2471,10206,983,983,1,0
1,463,0.8962,0.6408,0.5997,0.0068,1.2495,10206,983,983,1,0
1,464,0.8979,0.6331,0.6413,0.0099,1.2860,10206,983,983,1,0
1,465,0.8996,0.6229,0.5945,0.0059,1.2254,10206,983,983,1,0
1,466,0.9012,0.6201,0.5391,0.0065,1.1676,10206,983,983,1,0
1,467,0.9028,0.6214,0.6356,0.0065,1.2664,10206,983,983,1,0
1,468,0.9044,0.6555,0.6011,0.0060,1.2646,10206,983,983,1,0
1,469,0.9061,0.6218,0.5173,0.0061,1.1473,10206,983,983,1,0
1,470,0.9077,0.6438,0.6490,0.0096,1.3039,10206,983,983,1,0
1,471,0.9094,0.6361,0.6033,0.0076,1.2487,10206,983,983,1,0
1,472,0.9110,0.6316,0.5117,0.0074,1.1545,10206,983,983,1,0
1,473,0.9127,0.6397,0.5620,0.0059,1.2098,10206,983,983,1,0
1,474,0.9143,0.6441,0.5441,0.0068,1.1973,10206,983,983,1,0
1,475,0.9159,0.6310,0.5629,0.0059,1.2019,10206,983,983,1,0
1,476,0.9175,0.6473,0.5356,0.0068,1.1917,10206,983,983,1,0
1,477,0.9192,0.6138,0.5961,0.0085,1.2197,10206,983,983,1,0
1,478,0.9208,0.6379,0.5361,0.0070,1.1828,10206,983,983,1,0
1,479,0.9225,0.6549,0.5194,0.0061,1.1825,10206,983,983,1,0
1,480,0.9242,0.6163,0.5055,0.0069,1.1307,10206,983,983,1,0
1,481,0.9257,0.6258,0.5374,0.0062,1.1714,10206,983,983,1,0
1,482,0.9273,0.6285,0.5156,0.0062,1.1529,10206,983,983,1,0
1,483,0.9290,0.6581,0.6201,0.0089,1.2921,10206,983,983,1,0
1,484,0.9306,0.6304,0.6070,0.0101,1.2493,10206,983,983,1,0
1,485,0.9323,0.6219,0.6026,0.0058,1.2330,10206,983,983,1,0
1,486,0.9339,0.6253,0.5187,0.0064,1.1537,10206,983,983,1,0
1,487,0.9356,0.6160,0.5200,0.0062,1.1443,10206,983,983,1,0
1,488,0.9372,0.6272,0.5429,0.0064,1.1801,10206,983,983,1,0
1,489,0.9388,0.6330,0.5332,0.0062,1.1743,10206,983,983,1,0
1,490,0.9406,0.6204,0.5101,0.0062,1.1389,10206,983,983,1,0
1,491,0.9422,0.6373,0.5262,0.0062,1.1722,10206,983,983,1,0
1,492,0.9438,0.6153,0.5012,0.0067,1.1255,10206,983,983,1,0
1,493,0.9454,0.6034,0.5832,0.0062,1.1942,10206,983,983,1,0
1,494,0.9471,0.6589,0.5832,0.0086,1.2522,10206,983,983,1,0
1,495,0.9487,0.6325,0.6073,0.0067,1.2496,10206,983,983,1,0
1,496,0.9504,0.6223,0.5532,0.0067,1.1844,10206,983,983,1,0
1,497,0.9520,0.6406,0.5087,0.0065,1.1580,10206,983,983,1,0
1,498,0.9536,0.6210,0.5315,0.0061,1.1604,10206,983,983,1,0
1,499,0.9552,0.6392,0.5144,0.0065,1.1621,10206,983,983,1,0
1,500,0.9569,0.6416,0.5402,0.0064,1.1909,10206,983,983,1,0
1,501,0.9585,0.6468,0.4895,0.0084,1.1468,10206,983,983,1,0
1,502,0.9601,0.6174,0.6011,0.0060,1.2272,10206,983,983,1,0
1,503,0.9617,0.6369,0.6078,0.0064,1.2533,10206,983,983,1,0
1,504,0.9634,0.6413,0.5926,0.0089,1.2446,10206,983,983,1,0
1,505,0.9650,0.6467,0.5227,0.0084,1.1801,10206,983,983,1,0
1,506,0.9667,0.6329,0.5293,0.0068,1.1715,10206,983,983,1,0
1,507,0.9683,0.6335,0.5017,0.0077,1.1453,10206,983,983,1,0
1,508,0.9699,0.6256,0.5898,0.0074,1.2248,10206,983,983,1,0
1,509,0.9715,0.6236,0.5704,0.0058,1.2014,10206,983,983,1,0
1,510,0.9731,0.6129,0.5804,0.0064,1.2014,10206,983,983,1,0
1,511,0.9747,0.6363,0.4849,0.0116,1.1348,10206,983,983,1,0
1,512,0.9764,0.6494,0.5490,0.0068,1.2071,10206,983,983,1,0
1,513,0.9780,0.6356,0.5341,0.0087,1.1807,10206,983,983,1,0
1,514,0.9797,0.6290,0.5792,0.0067,1.2170,10206,983,983,1,0
1,515,0.9814,0.6180,0.4869,0.0070,1.1137,10206,983,983,1,0
1,516,0.9830,0.6655,0.4827,0.0103,1.1617,10206,983,983,1,0
1,517,0.9846,0.6381,0.5299,0.0064,1.1761,10206,983,983,1,0
1,518,0.9862,0.6609,0.4962,0.0081,1.1671,10206,983,983,1,0
1,519,0.9879,0.6353,0.5690,0.0093,1.2151,10206,983,983,1,0
1,520,0.9895,0.6323,0.6147,0.0067,1.2556,10206,983,983,1,0
1,521,0.9912,0.6279,0.5990,0.0066,1.2351,10206,983,983,1,0
1,522,0.9928,0.6400,0.6056,0.0072,1.2556,10206,983,983,1,0
1,523,0.9946,0.6362,0.5311,0.0062,1.1760,10206,983,983,1,0
1,524,0.9963,0.6373,0.4885,0.0070,1.1344,10206,983,983,1,0
1,525,0.9979,0.6046,0.5914,0.0064,1.2040,10206,983,983,1,0
1,526,0.9997,0.6381,0.6018,0.0154,1.2577,10206,983,983,1,0
2,527,0.0020,0.6290,0.5693,0.0075,1.2081,10206,983,983,1,0
2,528,0.0036,0.6305,0.5241,0.0064,1.1627,10206,983,983,1,0
2,529,0.0052,0.6318,0.4838,0.0117,1.1290,10206,983,983,1,0
2,530,0.0069,0.6409,0.4881,0.0062,1.1372,10206,983,983,1,0
2,531,0.0084,0.6153,0.5908,0.0064,1.2152,10206,983,983,1,0
2,532,0.0100,0.6382,0.5123,0.0069,1.1592,10206,983,983,1,0
2,533,0.0117,0.6397,0.5788,0.0088,1.2295,10206,983,983,1,0
2,534,0.0133,0.6369,0.4854,0.0095,1.1336,10206,983,983,1,0
2,535,0.0149,0.6295,0.4981,0.0077,1.1373,10206,983,983,1,0
2,536,0.0166,0.6474,0.5129,0.0075,1.1702,10206,983,983,1,0
2,537,0.0182,0.6218,0.4810,0.0078,1.1126,10206,983,983,1,0
2,538,0.0198,0.6324,0.6068,0.0064,1.2476,10206,983,983,1,0
2,539,0.0215,0.6362,0.6040,0.0070,1.2502,10206,983,983,1,0
2,540,0.0231,0.6162,0.5965,0.0066,1.2211,10206,983,983,1,0
2,541,0.0248,0.6338,0.5626,0.0068,1.2056,10206,983,983,1,0
2,542,0.0264,0.6410,0.6525,0.0066,1.3029,10206,983,983,1,0
2,543,0.0281,0.6387,0.5401,0.0058,1.1870,10206,983,983,1,0
2,544,0.0297,0.6861,0.6625,0.0127,1.3638,10206,983,983,1,0
2,545,0.0314,0.6445,0.5516,0.0063,1.2047,10206,983,983,1,0
2,546,0.0330,0.6441,0.6131,0.0068,1.2658,10206,983,983,1,0
2,547,0.0347,0.6158,0.6083,0.0073,1.2338,10206,983,983,1,0
2,548,0.0363,0.5958,0.4774,0.0073,1.0831,10206,983,983,1,0
2,549,0.0379,0.6254,0.5858,0.0061,1.2191,10206,983,983,1,0
2,550,0.0394,0.6060,0.4788,0.0066,1.0936,10206,983,983,1,0
2,551,0.0410,0.6190,0.5107,0.0064,1.1379,10206,983,983,1,0
2,552,0.0426,0.7232,0.6321,0.0073,1.3646,10206,983,983,1,0
2,553,0.0443,0.6243,0.5989,0.0068,1.2325,10206,983,983,1,0
2,554,0.0459,0.6308,0.4724,0.0064,1.1111,10206,983,983,1,0
2,555,0.0475,0.6284,0.5935,0.0060,1.2299,10206,983,983,1,0
2,556,0.0492,0.6344,0.5931,0.0078,1.2374,10206,983,983,1,0
2,557,0.0508,0.7551,0.5824,0.0062,1.3457,10206,983,983,1,0
2,558,0.0525,0.6036,0.4795,0.0079,1.0928,10206,983,983,1,0
2,559,0.0541,0.6335,0.5911,0.0058,1.2323,10206,983,983,1,0
2,560,0.0557,0.6320,0.4954,0.0071,1.1388,10206,983,983,1,0
2,561,0.0573,0.6468,0.5494,0.0070,1.2053,10206,983,983,1,0
2,562,0.0590,0.6848,0.5321,0.0067,1.2256,10206,983,983,1,0
2,563,0.0606,0.6372,0.5927,0.0068,1.2392,10206,983,983,1,0
2,564,0.0623,0.6310,0.5953,0.0063,1.2341,10206,983,983,1,0
2,565,0.0639,0.8148,0.6698,0.0194,1.5065,10206,983,983,1,0
2,566,0.0657,0.6443,0.4938,0.0080,1.1482,10206,983,983,1,0
2,567,0.0673,0.6470,0.4870,0.0068,1.1430,10206,983,983,1,0
2,568,0.0690,0.6831,0.5411,0.0064,1.2324,10206,983,983,1,0
2,569,0.0706,0.6436,0.6101,0.0060,1.2612,10206,983,983,1,0
2,570,0.0723,0.6196,0.5839,0.0066,1.2121,10206,983,983,1,0
2,571,0.0739,0.6457,0.5161,0.0113,1.1756,10206,983,983,1,0
2,572,0.0756,0.6284,0.5938,0.0065,1.2303,10206,983,983,1,0
2,573,0.0772,0.6336,0.5888,0.0066,1.2309,10206,983,983,1,0
2,574,0.0788,0.5865,0.4876,0.0070,1.0852,10206,983,983,1,0
2,575,0.0804,0.6295,0.5373,0.0060,1.1749,10206,983,983,1,0
2,576,0.0821,0.5871,0.4758,0.0077,1.0744,10206,983,983,1,0
2,577,0.0836,0.6505,0.5371,0.0059,1.1950,10206,983,983,1,0
2,578,0.0853,0.6220,0.4958,0.0082,1.1278,10206,983,983,1,0
2,579,0.0869,0.6346,0.5088,0.0071,1.1537,10206,983,983,1,0
2,580,0.0886,0.6273,0.5120,0.0070,1.1488,10206,983,983,1,0
2,581,0.0902,0.6335,0.4820,0.0065,1.1243,10206,983,983,1,0
2,582,0.0918,0.6207,0.6082,0.0068,1.2382,10206,983,983,1,0
2,583,0.0935,0.6394,0.6105,0.0059,1.2576,10206,983,983,1,0
2,584,0.0951,0.6304,0.4851,0.0073,1.1255,10206,983,983,1,0
2,585,0.0967,0.6151,0.4962,0.0069,1.1215,10206,983,983,1,0
2,586,0.0983,0.6146,0.5877,0.0064,1.2112,10206,983,983,1,0
2,587,0.0999,0.6425,0.4859,0.0067,1.1371,10206,983,983,1,0
2,588,0.1016,0.6152,0.6021,0.0078,1.2269,10206,983,983,1,0
2,589,0.1033,0.6449,0.4994,0.0061,1.1521,10206,983,983,1,0
2,590,0.1049,0.6534,0.4956,0.0066,1.1581,10206,983,983,1,0
2,591,0.1065,0.6680,0.5904,0.0074,1.2683,10206,983,983,1,0
2,592,0.1082,0.6324,0.5998,0.0071,1.2433,10206,983,983,1,0
2,593,0.1098,0.6290,0.6069,0.0066,1.2444,10206,983,983,1,0
2,594,0.1115,0.6521,0.5909,0.0062,1.2514,10206,983,983,1,0
2,595,0.1131,0.6458,0.6227,0.0066,1.2775,10206,983,983,1,0
2,596,0.1147,0.6361,0.5160,0.0076,1.1611,10206,983,983,1,0
2,597,0.1163,0.6447,0.4934,0.0074,1.1473,10206,983,983,1,0
2,598,0.1180,0.6346,0.5157,0.0064,1.1597,10206,983,983,1,0
2,599,0.1196,0.6419,0.4814,0.0081,1.1328,10206,983,983,1,0
2,600,0.1212,0.6307,0.4996,0.0072,1.1396,10206,983,983,1,0
2,601,0.1228,0.6293,0.5993,0.0076,1.2395,10206,983,983,1,0
2,602,0.1244,0.6155,0.5252,0.0072,1.1508,10206,983,983,1,0
2,603,0.1260,0.6534,0.5006,0.0073,1.1645,10206,983,983,1,0
2,604,0.1277,0.6098,0.5927,0.0061,1.2101,10206,983,983,1,0
2,605,0.1294,0.6180,0.4830,0.0068,1.1103,10206,983,983,1,0
2,606,0.1310,0.6479,0.4901,0.0061,1.1469,10206,983,983,1,0
2,607,0.1326,0.6222,0.4826,0.0067,1.1135,10206,983,983,1,0
2,608,0.1342,0.6399,0.7018,0.0081,1.3522,10206,983,983,1,0
2,609,0.1359,0.6311,0.4792,0.0072,1.1194,10206,983,983,1,0
2,610,0.1375,0.6336,0.5966,0.0063,1.2392,10206,983,983,1,0
2,611,0.1391,0.6481,0.6005,0.0067,1.2570,10206,983,983,1,0
2,612,0.1408,0.6168,0.4846,0.0065,1.1105,10206,983,983,1,0
2,613,0.1424,0.6314,0.5064,0.0082,1.1475,10206,983,983,1,0
2,614,0.1440,0.6661,0.4903,0.0075,1.1673,10206,983,983,1,0
2,615,0.1457,0.6168,0.4781,0.0070,1.1042,10206,983,983,1,0
2,616,0.1474,0.6230,0.4810,0.0062,1.1122,10206,983,983,1,0
2,617,0.1490,0.6267,0.4671,0.0064,1.1022,10206,983,983,1,0
2,618,0.1506,0.6475,0.4874,0.0070,1.1453,10206,983,983,1,0
2,619,0.1522,0.6832,0.5235,0.0072,1.2166,10206,983,983,1,0
2,620,0.1539,0.6057,0.4997,0.0062,1.1132,10206,983,983,1,0
2,621,0.1555,0.6153,0.4716,0.0082,1.0979,10206,983,983,1,0
2,622,0.1571,0.6446,0.4823,0.0075,1.1366,10206,983,983,1,0
2,623,0.1589,0.6439,0.6113,0.0080,1.2649,10206,983,983,1,0
2,624,0.1607,0.6471,0.4923,0.0083,1.1496,10206,983,983,1,0
2,625,0.1623,0.6361,0.4987,0.0081,1.1449,10206,983,983,1,0
2,626,0.1641,0.6490,0.5498,0.0065,1.2072,10206,983,983,1,0
2,627,0.1658,0.7569,0.6568,0.0066,1.4221,10206,983,983,1,0
2,628,0.1674,0.6013,0.4701,0.0069,1.0809,10206,983,983,1,0
2,629,0.1691,0.6573,0.7159,0.0071,1.3836,10206,983,983,1,0
2,630,0.1707,0.6421,0.4893,0.0067,1.1405,10206,983,983,1,0
2,631,0.1723,0.6522,0.4918,0.0073,1.1533,10206,983,983,1,0
2,632,0.1739,0.6811,0.6038,0.0060,1.3318,10206,983,983,1,0
2,633,0.1756,0.6234,0.5036,0.0066,1.1356,10206,983,983,1,0
2,634,0.1772,0.6383,0.6239,0.0084,1.2724,10206,983,983,1,0
2,635,0.1788,0.6095,0.5244,0.0066,1.1423,10206,983,983,1,0
2,636,0.1804,0.6289,0.4727,0.0072,1.1100,10206,983,983,1,0
2,637,0.1821,0.6455,0.4862,0.0065,1.1403,10206,983,983,1,0
2,638,0.1837,0.6568,0.6099,0.0101,1.2789,10206,983,983,1,0
2,639,0.1853,0.6366,0.6038,0.0065,1.2492,10206,983,983,1,0
2,640,0.1870,0.6308,0.5815,0.0081,1.2228,10206,983,983,1,0
2,641,0.1886,0.6192,0.4818,0.0077,1.1103,10206,983,983,1,0
2,642,0.1903,0.6407,0.4931,0.0077,1.1432,10206,983,983,1,0
2,643,0.1919,0.6229,0.4891,0.0076,1.1217,10206,983,983,1,0
2,644,0.1935,0.6397,0.5034,0.0082,1.1529,10206,983,983,1,0
2,645,0.1951,0.6533,0.4827,0.0074,1.1451,10206,983,983,1,0
2,646,0.1967,0.6496,0.4842,0.0066,1.1420,10206,983,983,1,0
2,647,0.1984,0.6404,0.6127,0.0071,1.2621,10206,983,983,1,0
2,648,0.2000,0.6408,0.6014,0.0075,1.2517,10206,983,983,1,0
2,649,0.2016,0.6376,0.4932,0.0068,1.1397,10206,983,983,1,0
2,650,0.2033,0.6418,0.4896,0.0071,1.1405,10206,983,983,1,0
2,651,0.2049,0.6373,0.4827,0.0072,1.1290,10206,983,983,1,0
2,652,0.2066,0.6423,0.5350,0.0056,1.1844,10206,983,983,1,0
2,653,0.2082,0.6191,0.4761,0.0070,1.1046,10206,983,983,1,0
2,654,0.2098,0.6252,0.6016,0.0060,1.2350,10206,983,983,1,0
2,655,0.2114,0.6556,0.5944,0.0069,1.2592,10206,983,983,1,0
2,656,0.2131,0.6299,0.5996,0.0072,1.2387,10206,983,983,1,0
2,657,0.2148,0.6420,0.6160,0.0073,1.2671,10206,983,983,1,0
2,658,0.2165,0.6868,0.5958,0.0061,1.2910,10206,983,983,1,0
2,659,0.2181,0.6416,0.5944,0.0107,1.2486,10206,983,983,1,0
2,660,0.2198,0.6449,0.5378,0.0077,1.1928,10206,983,983,1,0
2,661,0.2214,0.6360,0.6428,0.0061,1.2876,10206,983,983,1,0
2,662,0.2231,0.6387,0.4797,0.0072,1.1277,10206,983,983,1,0
2,663,0.2247,0.6066,0.5797,0.0067,1.1960,10206,983,983,1,0
2,664,0.2263,0.6238,0.4785,0.0065,1.1109,10206,983,983,1,0
2,665,0.2279,0.6552,0.4898,0.0070,1.1538,10206,983,983,1,0
2,666,0.2295,0.6310,0.4873,0.0069,1.1272,10206,983,983,1,0
2,667,0.2312,0.6443,0.4946,0.0068,1.1489,10206,983,983,1,0
2,668,0.2328,0.6108,0.5990,0.0067,1.2178,10206,983,983,1,0
2,669,0.2345,0.5891,0.5313,0.0062,1.1281,10206,983,983,1,0
2,670,0.2362,0.6203,0.5871,0.0070,1.2164,10206,983,983,1,0
2,671,0.2378,0.5805,0.4945,0.0073,1.0852,10206,983,983,1,0
2,672,0.2394,0.6310,0.4760,0.0066,1.1147,10206,983,983,1,0
2,673,0.2410,0.6333,0.6052,0.0054,1.2461,10206,983,983,1,0
2,674,0.2427,0.6164,0.4865,0.0068,1.1113,10206,983,983,1,0
2,675,0.2443,0.6341,0.5329,0.0062,1.1762,10206,983,983,1,0
2,676,0.2459,0.6304,0.4904,0.0131,1.1355,10206,983,983,1,0
2,677,0.2475,0.6527,0.4900,0.0069,1.1522,10206,983,983,1,0
2,678,0.2491,0.6791,0.5544,0.0062,1.2416,10206,983,983,1,0
2,679,0.2507,0.6367,0.6092,0.0063,1.2550,10206,983,983,1,0
2,680,0.2524,0.6146,0.5969,0.0065,1.2206,10206,983,983,1,0
2,681,0.2540,0.6394,0.5174,0.0069,1.1658,10206,983,983,1,0
2,682,0.2556,0.6222,0.5030,0.0070,1.1340,10206,983,983,1,0
2,683,0.2573,0.6394,0.4872,0.0068,1.1369,10206,983,983,1,0
2,684,0.2589,0.6253,0.5928,0.0069,1.2262,10206,983,983,1,0
2,685,0.2605,0.6129,0.5844,0.0058,1.2052,10206,983,983,1,0
2,686,0.2622,0.5859,0.4964,0.0071,1.0921,10206,983,983,1,0
2,687,0.2637,0.6418,0.5193,0.0065,1.1698,10206,983,983,1,0
2,688,0.2654,0.6513,0.4928,0.0078,1.1534,10206,983,983,1,0
2,689,0.2670,0.6441,0.5052,0.0075,1.1599,10206,983,983,1,0
2,690,0.2686,0.6300,0.6066,0.0060,1.2451,10206,983,983,1,0
2,691,0.2703,0.6358,0.5964,0.0069,1.2413,10206,983,983,1,0
2,692,0.2719,0.6069,0.5344,0.0075,1.1512,10206,983,983,1,0
2,693,0.2736,0.6151,0.4759,0.0072,1.1014,10206,983,983,1,0
2,694,0.2752,0.6476,0.5000,0.0069,1.1566,10206,983,983,1,0
2,695,0.2768,0.6208,0.4786,0.0063,1.1074,10206,983,983,1,0
2,696,0.2784,0.6285,0.4856,0.0076,1.1241,10206,983,983,1,0
2,697,0.2801,0.6259,0.4877,0.0063,1.1224,10206,983,983,1,0
2,698,0.2817,0.6764,0.4864,0.0072,1.1725,10206,983,983,1,0
2,699,0.2834,0.6018,0.4717,0.0064,1.0814,10206,983,983,1,0
2,700,0.2850,0.6165,0.4765,0.0068,1.1019,10206,983,983,1,0
2,701,0.2866,0.6273,0.4658,0.0066,1.1013,10206,983,983,1,0
2,702,0.2882,0.6339,0.6130,0.0071,1.2583,10206,983,983,1,0
2,703,0.2898,0.6460,0.5987,0.0068,1.2533,10206,983,983,1,0
2,704,0.2915,0.6353,0.6077,0.0076,1.2529,10206,983,983,1,0
2,705,0.2931,0.6456,0.5982,0.0075,1.2545,10206,983,983,1,0
2,706,0.2947,0.6303,0.4995,0.0124,1.1450,10206,983,983,1,0
2,707,0.2964,0.6510,0.4838,0.0063,1.1443,10206,983,983,1,0
2,708,0.2980,0.6208,0.5878,0.0067,1.2174,10206,983,983,1,0
2,709,0.2996,0.6259,0.6135,0.0073,1.2490,10206,983,983,1,0
2,710,0.3012,0.6384,0.5399,0.0063,1.1866,10206,983,983,1,0
2,711,0.3029,0.6492,0.4851,0.0084,1.1447,10206,983,983,1,0
2,712,0.3045,0.6262,0.4782,0.0064,1.1126,10206,983,983,1,0
2,713,0.3061,0.6588,0.4929,0.0073,1.1611,10206,983,983,1,0
2,714,0.3077,0.6297,0.4792,0.0069,1.1175,10206,983,983,1,0
2,715,0.3094,0.6480,0.4873,0.0077,1.1460,10206,983,983,1,0
2,716,0.3110,0.6187,0.5513,0.0069,1.1785,10206,983,983,1,0
2,717,0.3127,0.6178,0.6028,0.0082,1.2313,10206,983,983,1,0
2,718,0.3143,0.6389,0.4707,0.0065,1.1178,10206,983,983,1,0
2,719,0.3159,0.5831,0.4948,0.0064,1.0871,10206,983,983,1,0
2,720,0.3175,0.6127,0.5173,0.0058,1.1374,10206,983,983,1,0
2,721,0.3191,0.6498,0.4942,0.0082,1.1539,10206,983,983,1,0
2,722,0.3208,0.6306,0.4836,0.0067,1.1222,10206,983,983,1,0
2,723,0.3225,0.6190,0.4699,0.0074,1.0986,10206,983,983,1,0
2,724,0.3241,0.6544,0.4936,0.0076,1.1575,10206,983,983,1,0
2,725,0.3260,0.6418,0.4916,0.0065,1.1422,10206,983,983,1,0
2,726,0.3277,0.6178,0.4751,0.0072,1.1022,10206,983,983,1,0
2,727,0.3293,0.6469,0.4959,0.0072,1.1517,10206,983,983,1,0
2,728,0.3309,0.6395,0.4972,0.0076,1.1461,10206,983,983,1,0
2,729,0.3326,0.6449,0.6079,0.0080,1.2629,10206,983,983,1,0
2,730,0.3342,0.6212,0.5946,0.0059,1.2234,10206,983,983,1,0
2,731,0.3358,0.6453,0.5811,0.0072,1.2356,10206,983,983,1,0
2,732,0.3375,0.6258,0.5925,0.0068,1.2265,10206,983,983,1,0
2,733,0.3392,0.6312,0.4897,0.0066,1.1298,10206,983,983,1,0
2,734,0.3408,0.6305,0.4835,0.0068,1.1226,10206,983,983,1,0
2,735,0.3424,0.6136,0.4832,0.0063,1.1055,10206,983,983,1,0
2,736,0.3440,0.6548,0.4974,0.0064,1.1609,10206,983,983,1,0
2,737,0.3456,0.6102,0.4678,0.0082,1.0892,10206,983,983,1,0
2,738,0.3472,0.6338,0.4778,0.0068,1.1205,10206,983,983,1,0
2,739,0.3488,0.6244,0.6094,0.0060,1.2425,10206,983,983,1,0
2,740,0.3505,0.6233,0.5956,0.0058,1.2271,10206,983,983,1,0
2,741,0.3521,0.6418,0.5036,0.0065,1.1563,10206,983,983,1,0
2,742,0.3537,0.6424,0.4888,0.0065,1.1406,10206,983,983,1,0
2,743,0.3554,0.6183,0.4849,0.0062,1.1112,10206,983,983,1,0
2,744,0.3570,0.6131,0.5910,0.0065,1.2132,10206,983,983,1,0
2,745,0.3587,0.6395,0.5216,0.0067,1.1699,10206,983,983,1,0
2,746,0.3603,0.6285,0.5179,0.0062,1.1546,10206,983,983,1,0
2,747,0.3620,0.6387,0.4814,0.0069,1.1287,10206,983,983,1,0
2,748,0.3636,0.6088,0.5928,0.0065,1.2101,10206,983,983,1,0
2,749,0.3652,0.6176,0.4870,0.0071,1.1139,10206,983,983,1,0
2,750,0.3669,0.6350,0.4840,0.0062,1.1279,10206,983,983,1,0
2,751,0.3685,0.6249,0.4814,0.0067,1.1152,10206,983,983,1,0
2,752,0.3701,0.6268,0.6001,0.0059,1.2348,10206,983,983,1,0
2,753,0.3718,0.6394,0.6159,0.0072,1.2645,10206,983,983,1,0
2,754,0.3734,0.6398,0.4810,0.0060,1.1297,10206,983,983,1,0
2,755,0.3750,0.6213,0.4868,0.0059,1.1160,10206,983,983,1,0
2,756,0.3766,0.6340,0.4916,0.0067,1.1350,10206,983,983,1,0
2,757,0.3782,0.6186,0.4860,0.0067,1.1139,10206,983,983,1,0
2,758,0.3799,0.6130,0.5795,0.0063,1.2011,10206,983,983,1,0
2,759,0.3815,0.6192,0.4692,0.0060,1.0965,10206,983,983,1,0
2,760,0.3831,0.6238,0.6050,0.0061,1.2379,10206,983,983,1,0
2,761,0.3847,0.6310,0.5952,0.0072,1.2352,10206,983,983,1,0
2,762,0.3863,0.6243,0.6033,0.0064,1.2364,10206,983,983,1,0
2,763,0.3879,0.6395,0.6099,0.0060,1.2589,10206,983,983,1,0
2,764,0.3896,0.7160,0.6610,0.0154,1.3946,10206,983,983,1,0
2,765,0.3913,0.6706,0.5351,0.0064,1.2150,10206,983,983,1,0
2,766,0.3930,0.6383,0.5988,0.0071,1.2465,10206,983,983,1,0
2,767,0.3946,0.6202,0.4998,0.0076,1.1297,10206,983,983,1,0
2,768,0.3962,0.6297,0.4829,0.0071,1.1239,10206,983,983,1,0
2,769,0.3978,0.6369,0.4900,0.0085,1.1368,10206,983,983,1,0
2,770,0.3994,0.6327,0.4816,0.0068,1.1242,10206,983,983,1,0
2,771,0.4011,0.6255,0.5742,0.0075,1.2087,10206,983,983,1,0
2,772,0.4028,0.6187,0.4856,0.0079,1.1143,10206,983,983,1,0
2,773,0.4044,0.6382,0.4971,0.0122,1.1495,10206,983,983,1,0
2,774,0.4060,0.6312,0.4916,0.0075,1.1336,10206,983,983,1,0
2,775,0.4076,0.6367,0.6513,0.0064,1.2964,10206,983,983,1,0
2,776,0.4093,0.6161,0.5997,0.0067,1.2249,10206,983,983,1,0
2,777,0.4109,0.6308,0.4813,0.0063,1.1198,10206,983,983,1,0
2,778,0.4125,0.6189,0.4882,0.0074,1.1166,10206,983,983,1,0
2,779,0.4142,0.6371,0.4861,0.0060,1.1315,10206,983,983,1,0
2,780,0.4158,0.6065,0.5870,0.0070,1.2017,10206,983,983,1,0
2,781,0.4174,0.6423,0.4832,0.0062,1.1334,10206,983,983,1,0
2,782,0.4191,0.6289,0.6102,0.0061,1.2480,10206,983,983,1,0
2,783,0.4207,0.6297,0.5945,0.0060,1.2320,10206,983,983,1,0
2,784,0.4223,0.6180,0.4776,0.0067,1.1043,10206,983,983,1,0
2,785,0.4239,0.6447,0.6338,0.0067,1.2872,10206,983,983,1,0
2,786,0.4255,0.6365,0.4902,0.0118,1.1420,10206,983,983,1,0
2,787,0.4272,0.6437,0.4804,0.0057,1.1325,10206,983,983,1,0
2,788,0.4288,0.6021,0.5803,0.0064,1.1916,10206,983,983,1,0
2,789,0.4304,0.6446,0.4925,0.0065,1.1457,10206,983,983,1,0
2,790,0.4320,0.6394,0.5103,0.0062,1.1575,10206,983,983,1,0
2,791,0.4336,0.6383,0.7104,0.0070,1.3577,10206,983,983,1,0
2,792,0.4352,0.6203,0.4776,0.0076,1.1077,10206,983,983,1,0
2,793,0.4368,0.6312,0.4954,0.0065,1.1359,10206,983,983,1,0
2,794,0.4385,0.6113,0.5125,0.0077,1.1335,10206,983,983,1,0
2,795,0.4400,0.6395,0.4826,0.0064,1.1304,10206,983,983,1,0
2,796,0.4417,0.6378,0.6010,0.0075,1.2481,10206,983,983,1,0
2,797,0.4433,0.6434,0.5426,0.0066,1.1946,10206,983,983,1,0
2,798,0.4450,0.6503,0.4906,0.0114,1.1543,10206,983,983,1,0
2,799,0.4467,0.6235,0.4771,0.0066,1.1095,10206,983,983,1,0
2,800,0.4483,0.6448,0.4976,0.0067,1.1515,10206,983,983,1,0
2,801,0.4499,0.6226,0.5926,0.0095,1.2263,10206,983,983,1,0
2,802,0.4515,0.6399,0.5988,0.0063,1.2471,10206,983,983,1,0
2,803,0.4531,0.6369,0.5230,0.0061,1.1682,10206,983,983,1,0
2,804,0.4548,0.7483,0.4842,0.0131,1.2476,10206,983,983,1,0
2,805,0.4565,0.6440,0.6320,0.0072,1.2853,10206,983,983,1,0
2,806,0.4581,0.6244,0.5229,0.0072,1.1566,10206,983,983,1,0
2,807,0.4597,0.6371,0.4836,0.0076,1.1313,10206,983,983,1,0
2,808,0.4613,0.6432,0.5809,0.0072,1.2345,10206,983,983,1,0
2,809,0.4630,0.6221,0.4921,0.0117,1.1295,10206,983,983,1,0
2,810,0.4646,0.6415,0.6071,0.0062,1.2565,10206,983,983,1,0
2,811,0.4663,0.6122,0.5822,0.0067,1.2035,10206,983,983,1,0
2,812,0.4679,0.6099,0.5758,0.0068,1.1939,10206,983,983,1,0
2,813,0.4695,0.6280,0.4817,0.0070,1.1188,10206,983,983,1,0
2,814,0.4711,0.6161,0.5053,0.0075,1.1307,10206,983,983,1,0
2,815,0.4728,0.6374,0.4949,0.0119,1.1464,10206,983,983,1,0
2,816,0.4744,0.6473,0.4763,0.0065,1.1321,10206,983,983,1,0
2,817,0.4760,0.6295,0.5945,0.0064,1.2322,10206,983,983,1,0
2,818,0.4776,0.6440,0.6095,0.0058,1.2616,10206,983,983,1,0
2,819,0.4792,0.6255,0.5052,0.0066,1.1396,10206,983,983,1,0
2,820,0.4808,0.7275,0.6755,0.0079,1.4129,10206,983,983,1,0
2,821,0.4824,0.6256,0.5010,0.0064,1.1345,10206,983,983,1,0
2,822,0.4840,0.6457,0.5380,0.0060,1.1914,10206,983,983,1,0
2,823,0.4856,0.6164,0.5092,0.0059,1.1334,10206,983,983,1,0
2,824,0.4873,0.6335,0.5200,0.0060,1.1616,10206,983,983,1,0
2,825,0.4889,0.6234,0.5969,0.0065,1.2282,10206,983,983,1,0
2,826,0.4905,0.6377,0.5871,0.0057,1.2325,10206,983,983,1,0
2,827,0.4923,0.6175,0.5938,0.0066,1.2200,10206,983,983,1,0
2,828,0.4939,0.6280,0.6423,0.0064,1.2785,10206,983,983,1,0
2,829,0.4956,0.6160,0.5924,0.0064,1.2165,10206,983,983,1,0
2,830,0.4972,0.6256,0.5963,0.0062,1.2310,10206,983,983,1,0
2,831,0.4988,0.6247,0.6264,0.0068,1.2602,10206,983,983,1,0
2,832,0.5005,0.6192,0.4939,0.0084,1.1231,10206,983,983,1,0
2,833,0.5021,0.6380,0.5245,0.0071,1.1717,10206,983,983,1,0
2,834,0.5037,0.6386,0.5584,0.0060,1.2048,10206,983,983,1,0
2,835,0.5054,0.6376,0.4998,0.0075,1.1467,10206,983,983,1,0
2,836,0.5070,0.6248,0.5183,0.0061,1.1510,10206,983,983,1,0
2,837,0.5086,0.6053,0.4856,0.0077,1.0999,10206,983,983,1,0
2,838,0.5102,0.6051,0.5053,0.0073,1.1195,10206,983,983,1,0
2,839,0.5118,0.5940,0.4928,0.0086,1.0981,10206,983,983,1,0
2,840,0.5134,0.6140,0.4887,0.0071,1.1121,10206,983,983,1,0
2,841,0.5151,0.6472,0.5116,0.0076,1.1685,10206,983,983,1,0
2,842,0.5167,0.6196,0.5421,0.0061,1.1696,10206,983,983,1,0
2,843,0.5183,0.6252,0.5364,0.0067,1.1717,10206,983,983,1,0
2,844,0.5199,0.6180,0.6049,0.0147,1.2391,10206,983,983,1,0
2,845,0.5216,0.6873,0.5467,0.0064,1.2426,10206,983,983,1,0
2,846,0.5232,0.6431,0.5196,0.0072,1.1723,10206,983,983,1,0
2,847,0.5248,0.6331,0.5512,0.0066,1.1926,10206,983,983,1,0
2,848,0.5264,0.6225,0.6174,0.0065,1.2505,10206,983,983,1,0
2,849,0.5281,0.6320,0.6027,0.0098,1.2463,10206,983,983,1,0
2,850,0.5297,0.6418,0.5565,0.0064,1.2075,10206,983,983,1,0
2,851,0.5314,0.6548,0.5665,0.0061,1.2289,10206,983,983,1,0
2,852,0.5330,0.6522,0.5203,0.0077,1.1823,10206,983,983,1,0
2,853,0.5346,0.6257,0.5950,0.0060,1.2286,10206,983,983,1,0
2,854,0.5363,0.6129,0.6123,0.0064,1.2345,10206,983,983,1,0
2,855,0.5379,0.6280,0.5342,0.0061,1.1699,10206,983,983,1,0
2,856,0.5395,0.6399,0.4912,0.0080,1.1411,10206,983,983,1,0
2,857,0.5411,0.6356,0.5381,0.0063,1.1820,10206,983,983,1,0
2,858,0.5427,0.6461,0.6146,0.0066,1.2693,10206,983,983,1,0
2,859,0.5443,0.6350,0.5636,0.0067,1.2074,10206,983,983,1,0
2,860,0.5461,0.6009,0.5891,0.0065,1.2042,10206,983,983,1,0
2,861,0.5477,0.6239,0.4783,0.0061,1.1103,10206,983,983,1,0
2,862,0.5493,0.6194,0.6053,0.0062,1.2329,10206,983,983,1,0
2,863,0.5509,0.6316,0.6059,0.0064,1.2457,10206,983,983,1,0
2,864,0.5525,0.6178,0.5906,0.0060,1.2163,10206,983,983,1,0
2,865,0.5541,0.6334,0.5063,0.0062,1.1478,10206,983,983,1,0
2,866,0.5557,0.6481,0.5544,0.0065,1.2111,10206,983,983,1,0
2,867,0.5573,0.6350,0.5291,0.0063,1.1727,10206,983,983,1,0
2,868,0.5590,0.6674,0.5842,0.0065,1.2597,10206,983,983,1,0
2,869,0.5606,0.6337,0.5326,0.0063,1.1747,10206,983,983,1,0
2,870,0.5622,0.6224,0.5917,0.0069,1.2230,10206,983,983,1,0
2,871,0.5639,0.6294,0.7647,0.0161,1.4126,10206,983,983,1,0
2,872,0.5655,0.6396,0.4846,0.0065,1.1325,10206,983,983,1,0
2,873,0.5671,0.6239,0.5830,0.0062,1.2148,10206,983,983,1,0
2,874,0.5687,0.6591,0.5667,0.0067,1.2350,10206,983,983,1,0
2,875,0.5704,0.6373,0.5623,0.0140,1.2153,10206,983,983,1,0
2,876,0.5722,0.8356,0.5538,0.0097,1.4008,10206,983,983,1,0
2,877,0.5738,0.6082,0.5876,0.0059,1.2033,10206,983,983,1,0
2,878,0.5754,0.6149,0.6087,0.0059,1.2316,10206,983,983,1,0
2,879,0.5771,0.6270,0.5788,0.0099,1.2177,10206,983,983,1,0
2,880,0.5787,0.5853,0.5014,0.0063,1.0956,10206,983,983,1,0
2,881,0.5803,0.6254,0.5919,0.0059,1.2248,10206,983,983,1,0
2,882,0.5819,0.6007,0.4734,0.0070,1.0837,10206,983,983,1,0
2,883,0.5835,0.6289,0.5311,0.0060,1.1681,10206,983,983,1,0
2,884,0.5851,0.6146,0.7445,0.0090,1.3707,10206,983,983,1,0
2,885,0.5868,0.6206,0.5477,0.0096,1.1799,10206,983,983,1,0
2,886,0.5884,0.6339,0.5296,0.0061,1.1712,10206,983,983,1,0
2,887,0.5902,0.6136,0.5772,0.0064,1.1988,10206,983,983,1,0
2,888,0.5919,0.6252,0.4787,0.0065,1.1122,10206,983,983,1,0
2,889,0.5935,0.5941,0.5279,0.0069,1.1316,10206,983,983,1,0
2,890,0.5952,0.6374,0.6061,0.0064,1.2520,10206,983,983,1,0
2,891,0.5968,0.6370,0.5974,0.0057,1.2420,10206,983,983,1,0
2,892,0.5985,0.7112,0.5816,0.0077,1.3023,10206,983,983,1,0
2,893,0.6002,0.6219,0.5575,0.0057,1.1875,10206,983,983,1,0
2,894,0.6018,0.6326,0.5016,0.0071,1.1431,10206,983,983,1,0
2,895,0.6034,0.6496,0.6070,0.0060,1.2640,10206,983,983,1,0
2,896,0.6050,0.6472,0.5512,0.0061,1.2067,10206,983,983,1,0
2,897,0.6067,0.6369,0.5717,0.0060,1.2168,10206,983,983,1,0
2,898,0.6083,0.6335,0.5083,0.0076,1.1516,10206,983,983,1,0
2,899,0.6099,0.6203,0.5715,0.0070,1.2009,10206,983,983,1,0
2,900,0.6115,0.6208,0.6502,0.0064,1.2798,10206,983,983,1,0
2,901,0.6131,0.6409,0.5970,0.0064,1.2462,10206,983,983,1,0
2,902,0.6147,0.6531,0.6128,0.0061,1.2736,10206,983,983,1,0
2,903,0.6163,0.6253,0.5383,0.0113,1.1772,10206,983,983,1,0
2,904,0.6180,0.6456,0.4952,0.0063,1.1495,10206,983,983,1,0
2,905,0.6196,0.6408,0.5527,0.0087,1.2038,10206,983,983,1,0
2,906,0.6211,0.6415,0.5485,0.0056,1.1974,10206,983,983,1,0
2,907,0.6227,0.6258,0.6009,0.0057,1.2345,10206,983,983,1,0
2,908,0.6244,0.6366,0.5975,0.0055,1.2413,10206,983,983,1,0
2,909,0.6260,0.6175,0.5271,0.0062,1.1530,10206,983,983,1,0
2,910,0.6276,0.6328,0.5101,0.0061,1.1509,10206,983,983,1,0
2,911,0.6292,0.6265,0.5355,0.0058,1.1700,10206,983,983,1,0
2,912,0.6308,0.6395,0.6022,0.0063,1.2497,10206,983,983,1,0
2,913,0.6324,0.6178,0.5254,0.0066,1.1519,10206,983,983,1,0
2,914,0.6340,0.6574,0.5205,0.0065,1.1859,10206,983,983,1,0
2,915,0.6356,0.7160,0.6643,0.0084,1.3906,10206,983,983,1,0
2,916,0.6372,0.6296,0.5384,0.0060,1.1760,10206,983,983,1,0
2,917,0.6389,0.6565,0.5148,0.0068,1.1805,10206,983,983,1,0
2,918,0.6405,0.6394,0.5714,0.0074,1.2199,10206,983,983,1,0
2,919,0.6422,0.6359,0.5342,0.0063,1.1782,10206,983,983,1,0
2,920,0.6438,0.6445,0.5782,0.0059,1.2305,10206,983,983,1,0
2,921,0.6454,0.6240,0.6054,0.0066,1.2375,10206,983,983,1,0
2,922,0.6470,0.6382,0.5751,0.0064,1.2214,10206,983,983,1,0
2,923,0.6486,0.6302,0.5412,0.0058,1.1794,10206,983,983,1,0
2,924,0.6503,0.6089,0.6062,0.0154,1.2319,10206,983,983,1,0
2,925,0.6519,0.6316,0.5135,0.0181,1.1654,10206,983,983,29,8
2,926,0.6535,0.6378,0.5341,0.0215,1.1959,10206,983,983,29,8
2,927,0.6552,0.6287,0.5873,0.0228,1.2405,10206,983,983,29,8
2,928,0.6568,0.6143,0.5519,0.0240,1.1921,10206,983,983,29,33
2,929,0.6585,0.6374,0.5798,0.0286,1.2483,10206,983,983,45,52
2,930,0.6602,0.6330,0.5848,0.0311,1.2509,10206,983,983,45,52
2,931,0.6619,0.6276,0.5957,0.0361,1.2612,10206,983,983,49,90
2,932,0.6636,0.6321,0.5739,0.0503,1.2580,10206,983,983,81,105
2,933,0.6653,0.6330,0.5455,0.0627,1.2429,10206,983,983,111,136
2,934,0.6670,0.6303,0.5954,0.0654,1.2928,10206,983,983,115,168
2,935,0.6687,0.6217,0.6013,0.0782,1.3038,10206,983,983,139,227
2,936,0.6705,0.6226,0.5280,0.0910,1.2434,10206,983,983,163,271
2,937,0.6723,0.6283,0.5530,0.1024,1.2863,10206,983,983,175,323
2,938,0.6740,0.6597,0.5791,0.1131,1.3540,10206,983,983,191,422
2,939,0.6759,0.6143,0.5982,0.1702,1.3846,10206,983,983,235,560
2,940,0.6778,0.6333,0.5191,0.2092,1.3636,10206,983,983,273,726
2,941,0.6797,0.6182,0.5556,0.2598,1.4353,10206,983,983,317,972
2,942,0.6819,0.6133,0.5842,0.3141,1.5130,10206,983,983,355,1587
2,943,0.6842,0.6070,0.5856,0.3615,1.5557,10206,983,983,397,2016
2,944,0.6867,0.6723,0.5105,0.4007,1.5869,10206,983,983,409,2416
2,945,0.6894,0.6946,0.4714,0.4453,1.6138,10206,983,983,457,2806
2,946,0.6921,0.6379,0.4853,0.4850,1.6096,10206,983,983,509,3230
2,947,0.6954,0.7038,0.4948,0.5352,1.7355,10206,983,983,535,3526
2,948,0.6986,0.6356,0.6133,0.5662,1.8168,10206,983,983,595,3963
2,949,0.7020,0.6758,0.6639,0.6248,1.9671,10206,983,983,673,4465
2,950,0.7058,0.6587,0.4847,0.7004,1.8458,10206,983,983,747,5235
2,951,0.7098,0.6956,0.5429,0.7768,2.0174,10206,983,983,813,5800
2,952,0.7143,0.6496,0.5094,0.8659,2.0267,10206,983,983,845,6563
2,953,0.7194,0.7982,0.6491,0.8780,2.3276,10206,983,983,907,7110
2,954,0.7263,0.8183,0.5415,0.9433,2.3055,10206,983,983,945,8027
2,955,0.7327,0.7842,0.5308,1.0018,2.3196,10206,983,983,971,8534
2,956,0.7382,0.9944,0.6089,1.4128,3.0187,10206,983,983,977,8981
2,957,0.7453,0.7045,0.5297,1.0417,2.2786,10206,983,983,983,9350
2,958,0.7531,0.7468,0.5135,0.9897,2.2525,10206,983,983,983,9351
2,959,0.7618,0.6740,0.5181,0.9836,2.1775,10206,983,983,975,8993
2,960,0.7690,0.6493,0.4608,0.9187,2.0308,10206,983,983,951,8340
2,961,0.7771,0.6315,0.5246,0.8767,2.0347,10206,983,983,921,7569
2,962,0.7838,0.6733,0.5159,0.8443,2.0358,10206,983,983,861,6712
2,963,0.7884,0.7248,0.5340,0.7894,2.0503,10206,983,983,825,6028
2,964,0.7927,0.7239,0.5235,0.7190,1.9685,10206,983,983,769,5402
2,965,0.7970,0.8248,0.5138,0.6133,1.9545,10206,983,983,667,4640
2,966,0.8009,0.6800,0.5289,0.5636,1.7745,10206,983,983,595,3864
2,967,0.8045,0.8563,0.4920,0.4982,1.8486,10206,983,983,521,3450
2,968,0.8077,0.6528,0.4995,0.4880,1.6421,10206,983,983,497,3183
2,969,0.8108,0.6684,0.5012,0.4402,1.6116,10206,983,983,453,2710
2,970,0.8136,0.6369,0.6151,0.3792,1.6329,10206,983,983,389,2355
2,971,0.8163,0.6397,0.6184,0.3519,1.6120,10206,983,983,363,1948
2,972,0.8188,0.6771,0.5049,0.3296,1.5143,10206,983,983,347,1464
2,973,0.8210,0.6256,0.8102,0.2842,1.7239,10206,983,983,287,899
2,974,0.8232,0.6652,0.5620,0.1674,1.3966,10206,983,983,253,666
2,975,0.8252,0.6490,0.5897,0.1303,1.3717,10206,983,983,217,464
2,976,0.8273,0.6152,0.4713,0.1119,1.2004,10206,983,983,187,363
2,977,0.8292,0.6067,0.5678,0.0929,1.2692,10206,983,983,163,271
2,978,0.8310,0.6698,0.5656,0.0821,1.3206,10206,983,983,149,237
2,979,0.8327,0.6311,0.4919,0.0776,1.2028,10206,983,983,115,177
2,980,0.8345,0.6827,0.6004,0.0584,1.3437,10206,983,983,111,147
2,981,0.8362,0.6177,0.5074,0.0502,1.1775,10206,983,983,97,111
2,982,0.8379,0.6355,0.6446,0.0382,1.3209,10206,983,983,49,90
2,983,0.8397,0.6249,0.5674,0.0417,1.2360,10206,983,983,45,59
2,984,0.8414,0.6438,0.5571,0.0330,1.2361,10206,983,983,45,52
2,985,0.8431,0.6298,0.5591,0.0220,1.2127,10206,983,983,29,33
2,986,0.8446,0.6052,0.4860,0.0240,1.1173,10206,983,983,29,8
2,987,0.8462,0.6156,0.5199,0.0207,1.1602,10206,983,983,29,8
2,988,0.8479,0.6354,0.5389,0.0209,1.1971,10206,983,983,29,8
2,989,0.8495,0.6217,0.5212,0.0099,1.1544,10206,983,983,1,0
2,990,0.8511,0.6499,0.5514,0.0060,1.2098,10206,983,983,1,0
2,991,0.8528,0.6456,0.5823,0.0059,1.2358,10206,983,983,1,0
2,992,0.8544,0.6417,0.5978,0.0059,1.2473,10206,983,983,1,0
2,993,0.8560,0.6203,0.5476,0.0067,1.1764,10206,983,983,1,0
2,994,0.8576,0.6320,0.5187,0.0063,1.1596,10206,983,983,1,0
2,995,0.8592,0.6158,0.5929,0.0098,1.2203,10206,983,983,1,0
2,996,0.8608,0.6455,0.6273,0.0069,1.2818,10206,983,983,1,0
2,997,0.8624,0.6157,0.5239,0.0066,1.1477,10206,983,983,1,0
2,998,0.8641,0.6283,0.7554,0.0090,1.3966,10206,983,983,1,0
2,999,0.8657,0.6636,0.5846,0.0056,1.2558,10206,983,983,1,0
2,1000,0.8674,0.6205,0.5803,0.0059,1.2151,10206,983,983,1,0
2,1001,0.8690,0.6235,0.5196,0.0060,1.1513,10206,983,983,1,0
2,1002,0.8706,0.6256,0.5453,0.0062,1.1787,10206,983,983,1,0
2,1003,0.8722,0.6587,0.5390,0.0062,1.2065,10206,983,983,1,0
2,1004,0.8739,0.6238,0.7484,0.0082,1.3837,10206,983,983,1,0
2,1005,0.8755,0.5988,0.5949,0.0054,1.2023,10206,983,983,1,0
2,1006,0.8772,0.6314,0.5881,0.0061,1.2287,10206,983,983,1,0
2,1007,0.8788,0.6474,0.5527,0.0061,1.2081,10206,983,983,1,0
2,1008,0.8804,0.6306,0.5514,0.0061,1.1898,10206,983,983,1,0
2,1009,0.8820,0.6306,0.5058,0.0066,1.1454,10206,983,983,1,0
2,1010,0.8837,0.6106,0.5048,0.0060,1.1233,10206,983,983,1,0
2,1011,0.8852,0.6340,0.5231,0.0058,1.1651,10206,983,983,1,0
2,1012,0.8868,0.6243,0.5839,0.0064,1.2173,10206,983,983,1,0
2,1013,0.8885,0.6420,0.5383,0.0059,1.1882,10206,983,983,1,0
2,1014,0.8901,0.6282,0.5771,0.0064,1.2138,10206,983,983,1,0
2,1015,0.8918,0.6866,0.5804,0.0070,1.2761,10206,983,983,1,0
2,1016,0.8934,0.6039,0.4899,0.0061,1.1024,10206,983,983,1,0
2,1017,0.8950,0.6225,0.4720,0.0069,1.1040,10206,983,983,1,0
2,1018,0.8966,0.6250,0.5994,0.0059,1.2326,10206,983,983,1,0
2,1019,0.8982,0.6046,0.4877,0.0061,1.1032,10206,983,983,1,0
2,1020,0.8998,0.6298,0.6438,0.0063,1.2826,10206,983,983,1,0
2,1021,0.9014,0.6448,0.6422,0.0059,1.2948,10206,983,983,1,0
2,1022,0.9031,0.6301,0.5872,0.0079,1.2273,10206,983,983,1,0
2,1023,0.9047,0.6421,0.5576,0.0059,1.2079,10206,983,983,1,0
2,1024,0.9063,0.6268,0.5607,0.0076,1.1974,10206,983,983,1,0
2,1025,0.9080,0.6375,0.5605,0.0074,1.2082,10206,983,983,1,0
2,1026,0.9096,0.6246,0.5136,0.0061,1.1461,10206,983,983,1,0
2,1027,0.9113,0.6280,0.5280,0.0060,1.1638,10206,983,983,1,0
2,1028,0.9129,0.6220,0.6314,0.0076,1.2659,10206,983,983,1,0
2,1029,0.9145,0.6351,0.5488,0.0062,1.1919,10206,983,983,1,0
2,1030,0.9162,0.6283,0.5914,0.0064,1.2278,10206,983,983,1,0
2,1031,0.9178,0.6196,0.5937,0.0062,1.2211,10206,983,983,1,0
2,1032,0.9195,0.6220,0.5321,0.0068,1.1634,10206,983,983,1,0
2,1033,0.9211,0.6380,0.5751,0.0071,1.2234,10206,983,983,1,0
2,1034,0.9227,0.6216,0.4824,0.0082,1.1146,10206,983,983,1,0
2,1035,0.9243,0.6221,0.4902,0.0078,1.1226,10206,983,983,1,0
2,1036,0.9259,0.6255,0.5604,0.0062,1.1938,10206,983,983,1,0
2,1037,0.9275,0.6432,0.5522,0.0061,1.2037,10206,983,983,1,0
2,1038,0.9291,0.6357,0.6006,0.0072,1.2457,10206,983,983,1,0
2,1039,0.9308,0.6370,0.5342,0.0072,1.1836,10206,983,983,1,0
2,1040,0.9324,0.6203,0.5165,0.0060,1.1452,10206,983,983,1,0
2,1041,0.9340,0.6318,0.5858,0.0066,1.2260,10206,983,983,1,0
2,1042,0.9357,0.6195,0.5420,0.0070,1.1699,10206,983,983,1,0
2,1043,0.9373,0.6393,0.5226,0.0059,1.1707,10206,983,983,1,0
2,1044,0.9389,0.6181,0.6102,0.0063,1.2374,10206,983,983,1,0
2,1045,0.9405,0.6336,0.6031,0.0069,1.2459,10206,983,983,1,0
2,1046,0.9422,0.6987,0.5664,0.0062,1.2734,10206,983,983,1,0
2,1047,0.9438,0.6071,0.5648,0.0066,1.1801,10206,983,983,1,0
2,1048,0.9454,0.6087,0.5974,0.0061,1.2142,10206,983,983,1,0
2,1049,0.9470,0.6416,0.5946,0.0065,1.2451,10206,983,983,1,0
2,1050,0.9486,0.6221,0.5117,0.0062,1.1415,10206,983,983,1,0
2,1051,0.9502,0.6354,0.5441,0.0056,1.1885,10206,983,983,1,0
2,1052,0.9518,0.6103,0.5389,0.0064,1.1581,10206,983,983,1,0
2,1053,0.9534,0.6409,0.5309,0.0057,1.1809,10206,983,983,1,0
2,1054,0.9551,0.6321,0.6034,0.0061,1.2448,10206,983,983,1,0
2,1055,0.9567,0.6362,0.5985,0.0061,1.2426,10206,983,983,1,0
2,1056,0.9583,0.7354,0.5950,0.0063,1.3389,10206,983,983,1,0
2,1057,0.9599,0.6273,0.5099,0.0064,1.1455,10206,983,983,1,0
2,1058,0.9615,0.6343,0.6071,0.0066,1.2502,10206,983,983,1,0
2,1059,0.9631,0.6320,0.5391,0.0065,1.1797,10206,983,983,1,0
2,1060,0.9647,0.6435,0.5778,0.0065,1.2295,10206,983,983,1,0
2,1061,0.9664,0.6432,0.4934,0.0076,1.1459,10206,983,983,1,0
2,1062,0.9680,0.6253,0.5927,0.0068,1.2266,10206,983,983,1,0
2,1063,0.9696,0.6258,0.5767,0.0081,1.2124,10206,983,983,1,0
2,1064,0.9713,0.6462,0.5288,0.0061,1.1834,10206,983,983,1,0
2,1065,0.9729,0.6511,0.5158,0.0076,1.1763,10206,983,983,1,0
2,1066,0.9745,0.6472,0.5553,0.0062,1.2111,10206,983,983,1,0
2,1067,0.9761,0.6229,0.6040,0.0061,1.2367,10206,983,983,1,0
2,1068,0.9777,0.6349,0.5421,0.0062,1.1851,10206,983,983,1,0
2,1069,0.9793,0.6281,0.4872,0.0106,1.1289,10206,983,983,1,0
2,1070,0.9809,0.6375,0.5313,0.0067,1.1779,10206,983,983,1,0
2,1071,0.9825,0.5950,0.6309,0.0072,1.2356,10206,983,983,1,0
2,1072,0.9842,0.6908,0.5835,0.0064,1.2822,10206,983,983,1,0
2,1073,0.9858,0.6601,0.5099,0.0079,1.1804,10206,983,983,1,0
2,1074,0.9874,0.6034,0.5785,0.0059,1.1903,10206,983,983,1,0
2,1075,0.9890,0.6859,0.4986,0.0080,1.1961,10206,983,983,1,0
2,1076,0.9906,0.6270,0.5147,0.0061,1.1496,10206,983,983,1,0
2,1077,0.9925,0.7416,0.6127,0.0083,1.3650,10206,983,983,1,0
2,1078,0.9942,0.6132,0.5090,0.0068,1.1310,10206,983,983,1,0
2,1079,0.9960,0.6359,0.5995,0.0066,1.2433,10206,983,983,1,0
2,1080,0.9977,0.6428,0.5247,0.0061,1.1758,10206,983,983,1,0
2,1081,0.9993,0.6483,0.5143,0.0084,1.1723,10206,983,983,1,0
3,1082,0.0020,0.6201,0.5853,0.0078,1.2149,10206,983,983,1,0
3,1083,0.0036,0.6391,0.5165,0.0079,1.1660,10206,983,983,1,0
3,1084,0.0052,0.6302,0.4977,0.0070,1.1370,10206,983,983,1,0
3,1085,0.0068,0.6191,0.6026,0.0070,1.2322,10206,983,983,1,0
3,1086,0.0084,0.6259,0.6000,0.0062,1.2340,10206,983,983,1,0
3,1087,0.0101,0.6355,0.5622,0.0057,1.2061,10206,983,983,1,0
3,1088,0.0117,0.6166,0.5185,0.0069,1.1439,10206,983,983,1,0
3,1089,0.0133,0.6299,0.5018,0.0078,1.1428,10206,983,983,1,0
3,1090,0.0149,0.6310,0.5026,0.0073,1.1424,10206,983,983,1,0
3,1091,0.0165,0.6412,0.5240,0.0079,1.1758,10206,983,983,1,0
3,1092,0.0182,0.6702,0.5155,0.0064,1.1944,10206,983,983,1,0
3,1093,0.0198,0.6296,0.5793,0.0064,1.2173,10206,983,983,1,0
3,1094,0.0214,0.6185,0.5963,0.0064,1.2227,10206,983,983,1,0
3,1095,0.0230,0.6350,0.5067,0.0080,1.1518,10206,983,983,1,0
3,1096,0.0247,0.6138,0.5076,0.0067,1.1308,10206,983,983,1,0
3,1097,0.0263,0.6391,0.5089,0.0067,1.1570,10206,983,983,1,0
3,1098,0.0279,0.6282,0.4877,0.0067,1.1251,10206,983,983,1,0
3,1099,0.0295,0.6429,0.5040,0.0080,1.1570,10206,983,983,1,0
3,1100,0.0312,0.6229,0.5951,0.0064,1.2273,10206,983,983,1,0
3,1101,0.0328,0.6298,0.5878,0.0067,1.2306,10206,983,983,1,0
3,1102,0.0344,0.6211,0.5009,0.0079,1.1328,10206,983,983,1,0
3,1103,0.0360,0.6299,0.5190,0.0064,1.1577,10206,983,983,1,0
3,1104,0.0377,0.6203,0.4872,0.0078,1.1181,10206,983,983,1,0
3,1105,0.0393,0.6505,0.4906,0.0106,1.1535,10206,983,983,1,0
3,1106,0.0409,0.6231,0.4706,0.0065,1.1018,10206,983,983,1,0
3,1107,0.0424,0.6139,0.6020,0.0063,1.2242,10206,983,983,1,0
3,1108,0.0440,0.6265,0.4951,0.0090,1.1332,10206,983,983,1,0
3,1109,0.0456,0.6339,0.5045,0.0068,1.1470,10206,983,983,1,0
3,1110,0.0473,0.6246,0.6009,0.0065,1.2334,10206,983,983,1,0
3,1111,0.0489,0.6232,0.6031,0.0069,1.2362,10206,983,983,1,0
3,1112,0.0506,0.8108,0.6621,0.0087,1.4841,10206,983,983,1,0
3,1113,0.0522,0.6091,0.5332,0.0083,1.1526,10206,983,983,1,0
3,1114,0.0539,0.6414,0.4853,0.0067,1.1371,10206,983,983,1,0
3,1115,0.0555,0.6170,0.5080,0.0075,1.1351,10206,983,983,1,0
3,1116,0.0571,0.6354,0.4839,0.0064,1.1275,10206,983,983,1,0
3,1117,0.0587,0.6311,0.5020,0.0074,1.1425,10206,983,983,1,0
3,1118,0.0603,0.6382,0.5976,0.0060,1.2442,10206,983,983,1,0
3,1119,0.0620,0.6295,0.5023,0.0077,1.1416,10206,983,983,1,0
3,1120,0.0636,0.6235,0.4841,0.0089,1.1181,10206,983,983,1,0
3,1121,0.0652,0.6362,0.5115,0.0072,1.1569,10206,983,983,1,0
3,1122,0.0668,0.6419,0.4863,0.0077,1.1388,10206,983,983,1,0
3,1123,0.0684,0.6194,0.5990,0.0068,1.2280,10206,983,983,1,0
3,1124,0.0701,0.6379,0.5956,0.0060,1.2431,10206,983,983,1,0
3,1125,0.0717,0.6355,0.4998,0.0074,1.1460,10206,983,983,1,0
3,1126,0.0733,0.6166,0.5829,0.0064,1.2075,10206,983,983,1,0
3,1127,0.0750,0.6099,0.5742,0.0074,1.1931,10206,983,983,1,0
3,1128,0.0766,0.6444,0.6047,0.0060,1.2567,10206,983,983,1,0
3,1129,0.0783,0.6135,0.5788,0.0061,1.2003,10206,983,983,1,0
3,1130,0.0799,0.6368,0.5921,0.0064,1.2373,10206,983,983,1,0
3,1131,0.0816,0.6466,0.4931,0.0066,1.1480,10206,983,983,1,0
3,1132,0.0832,0.6147,0.4841,0.0063,1.1073,10206,983,983,1,0
3,1133,0.0848,0.5849,0.4976,0.0092,1.0947,10206,983,983,1,0
3,1134,0.0864,0.6027,0.4716,0.0066,1.0855,10206,983,983,1,0
3,1135,0.0880,0.6264,0.6316,0.0066,1.2665,10206,983,983,1,0
3,1136,0.0896,0.6170,0.4959,0.0067,1.1218,10206,983,983,1,0
3,1137,0.0913,0.6520,0.4997,0.0070,1.1608,10206,983,983,1,0
3,1138,0.0929,0.6375,0.5328,0.0066,1.1792,10206,983,983,1,0
3,1139,0.0945,0.6244,0.6131,0.0067,1.2474,10206,983,983,1,0
3,1140,0.0962,0.5940,0.4715,0.0070,1.0749,10206,983,983,1,0
3,1141,0.0978,0.6501,0.4928,0.0062,1.1520,10206,983,983,1,0
3,1142,0.0994,0.6103,0.5945,0.0064,1.2127,10206,983,983,1,0
3,1143,0.1011,0.6235,0.4836,0.0074,1.1170,10206,983,983,1,0
3,1144,0.1027,0.6267,0.5870,0.0057,1.2213,10206,983,983,1,0
3,1145,0.1043,0.6090,0.4929,0.0073,1.1112,10206,983,983,1,0
3,1146,0.1059,0.6290,0.4764,0.0066,1.1143,10206,983,983,1,0
3,1147,0.1075,0.6252,0.4981,0.0077,1.1342,10206,983,983,1,0
3,1148,0.1091,0.6564,0.4914,0.0067,1.1565,10206,983,983,1,0
3,1149,0.1107,0.6740,0.5998,0.0065,1.2825,10206,983,983,1,0
3,1150,0.1124,0.6323,0.5508,0.0073,1.1928,10206,983,983,1,0
3,1151,0.1140,0.6188,0.4953,0.0070,1.1230,10206,983,983,1,0
3,1152,0.1156,0.6461,0.6529,0.0067,1.3075,10206,983,983,1,0
3,1153,0.1172,0.6343,0.4876,0.0077,1.1320,10206,983,983,1,0
3,1154,0.1188,0.6396,0.6098,0.0062,1.2573,10206,983,983,1,0
3,1155,0.1204,0.6303,0.4725,0.0067,1.1123,10206,983,983,1,0
3,1156,0.1220,0.6359,0.5926,0.0071,1.2372,10206,983,983,1,0
3,1157,0.1237,0.6347,0.6006,0.0072,1.2455,10206,983,983,1,0
3,1158,0.1253,0.6181,0.4648,0.0063,1.0906,10206,983,983,1,0
3,1159,0.1269,0.6033,0.5857,0.0063,1.1977,10206,983,983,1,0
3,1160,0.1285,0.6420,0.4893,0.0066,1.1405,10206,983,983,1,0
3,1161,0.1302,0.6183,0.4839,0.0064,1.1106,10206,983,983,1,0
3,1162,0.1318,0.5915,0.5954,0.0072,1.1977,10206,983,983,1,0
3,1163,0.1334,0.6438,0.5147,0.0058,1.1665,10206,983,983,1,0
3,1164,0.1350,0.6546,0.5051,0.0067,1.1685,10206,983,983,1,0
3,1165,0.1366,0.6198,0.4963,0.0064,1.1253,10206,983,983,1,0
3,1166,0.1383,0.6359,0.4929,0.0065,1.1384,10206,983,983,1,0
3,1167,0.1399,0.6438,0.4809,0.0085,1.1349,10206,983,983,1,0
3,1168,0.1415,0.7025,0.4729,0.0108,1.1877,10206,983,983,1,0
3,1169,0.1431,0.6115,0.6037,0.0064,1.2238,10206,983,983,1,0
3,1170,0.1447,0.6446,0.5039,0.0078,1.1577,10206,983,983,1,0
3,1171,0.1463,0.6261,0.4879,0.0062,1.1222,10206,983,983,1,0
3,1172,0.1480,0.5980,0.5780,0.0068,1.1859,10206,983,983,1,0
3,1173,0.1495,0.6105,0.4703,0.0063,1.0895,10206,983,983,1,0
3,1174,0.1511,0.6296,0.4990,0.0073,1.1374,10206,983,983,1,0
3,1175,0.1527,0.6357,0.4665,0.0066,1.1106,10206,983,983,1,0
3,1176,0.1543,0.6481,0.4840,0.0075,1.1415,10206,983,983,1,0
3,1177,0.1560,0.6396,0.6059,0.0066,1.2539,10206,983,983,1,0
3,1178,0.1577,0.6504,0.5971,0.0082,1.2577,10206,983,983,1,0
3,1179,0.1595,0.6160,0.5984,0.0063,1.2223,10206,983,983,1,0
3,1180,0.1612,0.6154,0.4758,0.0075,1.1010,10206,983,983,1,0
3,1181,0.1628,0.6410,0.6013,0.0083,1.2526,10206,983,983,1,0
3,1182,0.1644,0.6382,0.5038,0.0068,1.1517,10206,983,983,1,0
3,1183,0.1661,0.6487,0.4904,0.0065,1.1488,10206,983,983,1,0
3,1184,0.1677,0.6381,0.4862,0.0069,1.1342,10206,983,983,1,0
3,1185,0.1694,0.6253,0.4802,0.0072,1.1145,10206,983,983,1,0
3,1186,0.1711,0.6366,0.4894,0.0068,1.1346,10206,983,983,1,0
3,1187,0.1727,0.6285,0.4801,0.0065,1.1169,10206,983,983,1,0
3,1188,0.1743,0.6325,0.4880,0.0067,1.1299,10206,983,983,1,0
3,1189,0.1759,0.6427,0.4910,0.0080,1.1440,10206,983,983,1,0
3,1190,0.1776,0.6255,0.5150,0.0068,1.1490,10206,983,983,1,0
3,1191,0.1792,0.6232,0.5999,0.0104,1.2356,10206,983,983,1,0
3,1192,0.1808,0.6223,0.5760,0.0076,1.2077,10206,983,983,1,0
3,1193,0.1824,0.6349,0.4844,0.0077,1.1289,10206,983,983,1,0
3,1194,0.1841,0.6251,0.4837,0.0071,1.1182,10206,983,983,1,0
3,1195,0.1857,0.6061,0.5112,0.0058,1.1258,10206,983,983,1,0
3,1196,0.1873,0.6490,0.4955,0.0076,1.1553,10206,983,983,1,0
3,1197,0.1889,0.6494,0.6163,0.0065,1.2764,10206,983,983,1,0
3,1198,0.1905,0.6207,0.6400,0.0063,1.2691,10206,983,983,1,0
3,1199,0.1922,0.5974,0.4909,0.0064,1.0982,10206,983,983,1,0
3,1200,0.1937,0.6182,0.5770,0.0070,1.2042,10206,983,983,1,0
3,1201,0.1953,0.6451,0.5960,0.0075,1.2505,10206,983,983,1,0
3,1202,0.1970,0.6305,0.5724,0.0076,1.2130,10206,983,983,1,0
3,1203,0.1987,0.7288,0.5912,0.0065,1.3280,10206,983,983,1,0
3,1204,0.2003,0.6078,0.4872,0.0078,1.1059,10206,983,983,1,0
3,1205,0.2019,0.6203,0.4806,0.0076,1.1100,10206,983,983,1,0
3,1206,0.2035,0.6169,0.5887,0.0060,1.2134,10206,983,983,1,0
3,1207,0.2052,0.6252,0.5572,0.0070,1.1916,10206,983,983,1,0
3,1208,0.2068,0.6333,0.6453,0.0134,1.2942,10206,983,983,1,0
3,1209,0.2087,0.6298,0.4905,0.0084,1.1312,10206,983,983,1,0
3,1210,0.2105,0.6493,0.5992,0.0080,1.2595,10206,983,983,1,0
3,1211,0.2123,0.6419,0.4819,0.0074,1.1334,10206,983,983,1,0
3,1212,0.2141,0.6396,0.4793,0.0065,1.1272,10206,983,983,1,0
3,1213,0.2158,0.6265,0.5304,0.0079,1.1667,10206,983,983,1,0
3,1214,0.2174,0.6306,0.5246,0.0082,1.1680,10206,983,983,1,0
3,1215,0.2191,0.6240,0.4857,0.0069,1.1183,10206,983,983,1,0
3,1216,0.2207,0.6481,0.4928,0.0071,1.1494,10206,983,983,1,0
3,1217,0.2224,0.6574,0.4814,0.0076,1.1493,10206,983,983,1,0
3,1218,0.2240,0.6398,0.5985,0.0067,1.2462,10206,983,983,1,0
3,1219,0.2256,0.6362,0.5978,0.0071,1.2429,10206,983,983,1,0
3,1220,0.2273,0.6471,0.6405,0.0083,1.2981,10206,983,983,1,0
3,1221,0.2290,0.6168,0.5915,0.0068,1.2169,10206,983,983,1,0
3,1222,0.2306,0.6044,0.5148,0.0068,1.1289,10206,983,983,1,0
3,1223,0.2322,0.6242,0.4877,0.0076,1.1219,10206,983,983,1,0
3,1224,0.2338,0.6471,0.4948,0.0066,1.1506,10206,983,983,1,0
3,1225,0.2354,0.6229,0.6028,0.0065,1.2350,10206,983,983,1,0
3,1226,0.2370,0.6415,0.4874,0.0060,1.1369,10206,983,983,1,0
3,1227,0.2387,0.6141,0.6182,0.0079,1.2425,10206,983,983,1,0
3,1228,0.2403,0.6373,0.6002,0.0067,1.2464,10206,983,983,1,0
3,1229,0.2421,0.6307,0.4818,0.0066,1.1223,10206,983,983,1,0
3,1230,0.2437,0.6467,0.5009,0.0064,1.1560,10206,983,983,1,0
3,1231,0.2454,0.6569,0.5321,0.0061,1.1967,10206,983,983,1,0
3,1232,0.2471,0.6461,0.5172,0.0059,1.1712,10206,983,983,1,0
3,1233,0.2487,0.6394,0.4822,0.0075,1.1321,10206,983,983,1,0
3,1234,0.2503,0.6389,0.4931,0.0072,1.1422,10206,983,983,1,0
3,1235,0.2520,0.6253,0.6024,0.0069,1.2370,10206,983,983,1,0
3,1236,0.2536,0.6408,0.5519,0.0067,1.2020,10206,983,983,1,0
3,1237,0.2552,0.6239,0.5963,0.0061,1.2281,10206,983,983,1,0
3,1238,0.2569,0.6299,0.5120,0.0058,1.1501,10206,983,983,1,0
3,1239,0.2585,0.6420,0.4900,0.0068,1.1415,10206,983,983,1,0
3,1240,0.2601,0.6421,0.5064,0.0069,1.1570,10206,983,983,1,0
3,1241,0.2617,0.6473,0.4922,0.0078,1.1517,10206,983,983,1,0
3,1242,0.2633,0.6315,0.5028,0.0068,1.1439,10206,983,983,1,0
3,1243,0.2650,0.6400,0.6130,0.0080,1.2641,10206,983,983,1,0
3,1244,0.2669,0.6381,0.5931,0.0067,1.2414,10206,983,983,1,0
3,1245,0.2687,0.6135,0.4861,0.0067,1.1084,10206,983,983,1,0
3,1246,0.2702,0.6190,0.4695,0.0068,1.0970,10206,983,983,1,0
3,1247,0.2718,0.6305,0.4881,0.0067,1.1274,10206,983,983,1,0
3,1248,0.2735,0.6279,0.4891,0.0066,1.1256,10206,983,983,1,0
3,1249,0.2751,0.6287,0.4787,0.0066,1.1161,10206,983,983,1,0
3,1250,0.2768,0.7192,0.6558,0.0139,1.3922,10206,983,983,1,0
3,1251,0.2787,0.6152,0.4788,0.0071,1.1030,10206,983,983,1,0
3,1252,0.2804,0.6344,0.5039,0.0058,1.1464,10206,983,983,1,0
3,1253,0.2820,0.6265,0.4872,0.0073,1.1229,10206,983,983,1,0
3,1254,0.2836,0.6464,0.4818,0.0073,1.1375,10206,983,983,1,0
3,1255,0.2853,0.6145,0.4731,0.0074,1.0968,10206,983,983,1,0
3,1256,0.2869,0.6280,0.4778,0.0073,1.1167,10206,983,983,1,0
3,1257,0.2885,0.6294,0.4798,0.0076,1.1187,10206,983,983,1,0
3,1258,0.2901,0.6401,0.6147,0.0072,1.2641,10206,983,983,1,0
3,1259,0.2917,0.6288,0.5945,0.0071,1.2329,10206,983,983,1,0
3,1260,0.2934,0.6479,0.5923,0.0069,1.2497,10206,983,983,1,0
3,1261,0.2950,0.6305,0.4865,0.0130,1.1326,10206,983,983,1,0
3,1262,0.2966,0.6397,0.4914,0.0068,1.1404,10206,983,983,1,0
3,1263,0.2983,0.6247,0.4858,0.0060,1.1187,10206,983,983,1,0
3,1264,0.2999,0.6442,0.4822,0.0066,1.1346,10206,983,983,1,0
3,1265,0.3015,0.6431,0.4863,0.0067,1.1378,10206,983,983,1,0
3,1266,0.3031,0.6558,0.4917,0.0076,1.1571,10206,983,983,1,0
3,1267,0.3048,0.6244,0.5986,0.0070,1.2363,10206,983,983,1,0
3,1268,0.3065,0.6144,0.5408,0.0077,1.1649,10206,983,983,1,0
3,1269,0.3081,0.6265,0.6498,0.0068,1.2858,10206,983,983,1,0
3,1270,0.3098,0.6180,0.6113,0.0066,1.2384,10206,983,983,1,0
3,1271,0.3114,0.6209,0.5980,0.0063,1.2271,10206,983,983,1,0
3,1272,0.3131,0.6540,0.5655,0.0067,1.2284,10206,983,983,1,0
3,1273,0.3149,0.6372,0.4914,0.0075,1.1384,10206,983,983,1,0
3,1274,0.3165,0.6401,0.4836,0.0071,1.1332,10206,983,983,1,0
3,1275,0.3181,0.6199,0.6244,0.0061,1.2533,10206,983,983,1,0
3,1276,0.3198,0.6375,0.4740,0.0074,1.1209,10206,983,983,1,0
3,1277,0.3214,0.6346,0.4984,0.0080,1.1428,10206,983,983,1,0
3,1278,0.3230,0.6281,0.5965,0.0072,1.2334,10206,983,983,1,0
3,1279,0.3248,0.6214,0.4781,0.0072,1.1094,10206,983,983,1,0
3,1280,0.3264,0.6199,0.4817,0.0070,1.1111,10206,983,983,1,0
3,1281,0.3281,0.6522,0.4903,0.0067,1.1524,10206,983,983,1,0
3,1282,0.3297,0.6302,0.5420,0.0107,1.1856,10206,983,983,1,0
3,1283,0.3314,0.6244,0.4852,0.0073,1.1205,10206,983,983,1,0
3,1284,0.3331,0.6564,0.5491,0.0062,1.2135,10206,983,983,1,0
3,1285,0.3347,0.6330,0.4750,0.0077,1.1174,10206,983,983,1,0
3,1286,0.3363,0.6499,0.4883,0.0071,1.1473,10206,983,983,1,0
3,1287,0.3379,0.6289,0.4785,0.0066,1.1164,10206,983,983,1,0
3,1288,0.3396,0.6420,0.6006,0.0084,1.2534,10206,983,983,1,0
3,1289,0.3412,0.6169,0.4782,0.0120,1.1093,10206,983,983,1,0
3,1290,0.3428,0.6390,0.4902,0.0068,1.1381,10206,983,983,1,0
3,1291,0.3444,0.6153,0.4854,0.0068,1.1094,10206,983,983,1,0
3,1292,0.3461,0.6208,0.4791,0.0066,1.1087,10206,983,983,1,0
3,1293,0.3478,0.6510,0.5199,0.0071,1.1797,10206,983,983,1,0
3,1294,0.3494,0.6425,0.4872,0.0053,1.1389,10206,983,983,1,0
3,1295,0.3510,0.6167,0.5855,0.0108,1.2149,10206,983,983,1,0
3,1296,0.3526,0.6399,0.5658,0.0079,1.2153,10206,983,983,1,0
3,1297,0.3543,0.7134,0.5562,0.0058,1.2770,10206,983,983,1,0
3,1298,0.3559,0.6555,0.4713,0.0069,1.1378,10206,983,983,1,0
3,1299,0.3576,0.6293,0.4653,0.0072,1.1036,10206,983,983,1,0
3,1300,0.3592,0.6224,0.5047,0.0067,1.1355,10206,983,983,1,0
3,1301,0.3608,0.6471,0.4817,0.0081,1.1385,10206,983,983,1,0
3,1302,0.3624,0.6457,0.6102,0.0067,1.2654,10206,983,983,1,0
3,1303,0.3641,0.6380,0.5992,0.0061,1.2452,10206,983,983,1,0
3,1304,0.3657,0.6679,0.5471,0.0073,1.2247,10206,983,983,1,0
3,1305,0.3673,0.6305,0.4936,0.0066,1.1321,10206,983,983,1,0
3,1306,0.3690,0.6417,0.4903,0.0060,1.1399,10206,983,983,1,0
3,1307,0.3706,0.7486,0.7189,0.0090,1.4785,10206,983,983,1,0
3,1308,0.3723,0.6208,0.4827,0.0065,1.1116,10206,983,983,1,0
3,1309,0.3739,0.6252,0.5048,0.0080,1.1406,10206,983,983,1,0
3,1310,0.3755,0.6408,0.6127,0.0063,1.2626,10206,983,983,1,0
3,1311,0.3772,0.6472,0.4912,0.0068,1.1475,10206,983,983,1,0
3,1312,0.3788,0.6277,0.6023,0.0067,1.2385,10206,983,983,1,0
3,1313,0.3804,0.6169,0.5296,0.0069,1.1556,10206,983,983,1,0
3,1314,0.3820,0.6126,0.4892,0.0071,1.1116,10206,983,983,1,0
3,1315,0.3837,0.6461,0.4889,0.0066,1.1438,10206,983,983,1,0
3,1316,0.3853,0.6175,0.5771,0.0057,1.2022,10206,983,983,1,0
3,1317,0.3869,0.6055,0.4682,0.0066,1.0828,10206,983,983,1,0
3,1318,0.3885,0.6273,0.4773,0.0066,1.1128,10206,983,983,1,0
3,1319,0.3901,0.6410,0.4949,0.0069,1.1446,10206,983,983,1,0
3,1320,0.3918,0.6442,0.4828,0.0080,1.1372,10206,983,983,1,0
3,1321,0.3934,0.6454,0.4920,0.0068,1.1481,10206,983,983,1,0
3,1322,0.3950,0.6245,0.6055,0.0066,1.2400,10206,983,983,1,0
3,1323,0.3966,0.6397,0.4939,0.0068,1.1424,10206,983,983,1,0
3,1324,0.3982,0.6200,0.4905,0.0070,1.1267,10206,983,983,1,0
3,1325,0.3998,0.6206,0.4779,0.0060,1.1072,10206,983,983,1,0
3,1326,0.4015,0.6307,0.4818,0.0071,1.1218,10206,983,983,1,0
3,1327,0.4031,0.6329,0.6272,0.0061,1.2694,10206,983,983,1,0
3,1328,0.4047,0.6162,0.4783,0.0066,1.1031,10206,983,983,1,0
3,1329,0.4063,0.6339,0.4775,0.0061,1.1197,10206,983,983,1,0
3,1330,0.4078,0.6161,0.5885,0.0059,1.2125,10206,983,983,1,0
3,1331,0.4095,0.6299,0.4787,0.0070,1.1172,10206,983,983,1,0
3,1332,0.4111,0.6136,0.5653,0.0063,1.1866,10206,983,983,1,0
3,1333,0.4127,0.6325,0.5019,0.0079,1.1448,10206,983,983,1,0
3,1334,0.4143,0.6429,0.5441,0.0069,1.1955,10206,983,983,1,0
3,1335,0.4160,0.6217,0.5746,0.0068,1.2048,10206,983,983,1,0
3,1336,0.4177,0.6314,0.4793,0.0113,1.1240,10206,983,983,1,0
3,1337,0.4193,0.6387,0.6071,0.0060,1.2533,10206,983,983,1,0
3,1338,0.4210,0.6279,0.4871,0.0064,1.1232,10206,983,983,1,0
3,1339,0.4226,0.6131,0.4667,0.0071,1.0885,10206,983,983,1,0
3,1340,0.4242,0.6168,0.4705,0.0064,1.0956,10206,983,983,1,0
3,1341,0.4257,0.6506,0.4745,0.0059,1.1339,10206,983,983,1,0
3,1342,0.4273,0.6235,0.5118,0.0080,1.1452,10206,983,983,1,0
3,1343,0.4289,0.6576,0.6128,0.0063,1.2794,10206,983,983,1,0
3,1344,0.4306,0.6695,0.5520,0.0067,1.2300,10206,983,983,1,0
3,1345,0.4322,0.6525,0.5008,0.0070,1.1623,10206,983,983,1,0
3,1346,0.4339,0.6290,0.5885,0.0061,1.2257,10206,983,983,1,0
3,1347,0.4355,0.6821,0.5851,0.0069,1.2770,10206,983,983,1,0
3,1348,0.4372,0.6085,0.6112,0.0069,1.2285,10206,983,983,1,0
3,1349,0.4388,0.6211,0.5023,0.0076,1.1338,10206,983,983,1,0
3,1350,0.4405,0.6401,0.6380,0.0076,1.2874,10206,983,983,1,0
3,1351,0.4422,0.6162,0.4667,0.0078,1.0923,10206,983,983,1,0
3,1352,0.4438,0.6333,0.6073,0.0059,1.2501,10206,983,983,1,0
3,1353,0.4454,0.6227,0.6033,0.0066,1.2352,10206,983,983,1,0
3,1354,0.4470,0.6351,0.4966,0.0068,1.1421,10206,983,983,1,0
3,1355,0.4486,0.6197,0.5199,0.0069,1.1487,10206,983,983,1,0
3,1356,0.4502,0.6354,0.4891,0.0072,1.1345,10206,983,983,1,0
3,1357,0.4518,0.6380,0.4989,0.0068,1.1457,10206,983,983,1,0
3,1358,0.4534,0.6311,0.6134,0.0063,1.2535,10206,983,983,1,0
3,1359,0.4551,0.6159,0.5004,0.0070,1.1253,10206,983,983,1,0
3,1360,0.4567,0.6279,0.5085,0.0072,1.1461,10206,983,983,1,0
3,1361,0.4583,0.6329,0.5190,0.0060,1.1601,10206,983,983,1,0
3,1362,0.4599,0.6466,0.5553,0.0061,1.2099,10206,983,983,1,0
3,1363,0.4616,0.6306,0.5007,0.0080,1.1421,10206,983,983,1,0
3,1364,0.4632,0.6154,0.5969,0.0068,1.2207,10206,983,983,1,0
3,1365,0.4649,0.6285,0.5024,0.0081,1.1407,10206,983,983,1,0
3,1366,0.4665,0.6351,0.6066,0.0063,1.2502,10206,983,983,1,0
3,1367,0.4681,0.6588,0.5332,0.0067,1.2005,10206,983,983,1,0
3,1368,0.4697,0.6473,0.4836,0.0066,1.1396,10206,983,983,1,0
3,1369,0.4714,0.6253,0.4850,0.0081,1.1199,10206,983,983,1,0
3,1370,0.4730,0.6039,0.5901,0.0076,1.2047,10206,983,983,1,0
3,1371,0.4746,0.6575,0.7762,0.0081,1.4439,10206,983,983,1,0
3,1372,0.4763,0.6393,0.5362,0.0064,1.1839,10206,983,983,1,0
3,1373,0.4779,0.6574,0.4962,0.0077,1.1654,10206,983,983,1,0
3,1374,0.4796,0.6211,0.5039,0.0067,1.1343,10206,983,983,1,0
3,1375,0.4811,0.5845,0.5970,0.0086,1.1940,10206,983,983,1,0
3,1376,0.4827,0.6153,0.5731,0.0074,1.1980,10206,983,983,1,0
3,1377,0.4843,0.6516,0.5083,0.0077,1.1698,10206,983,983,1,0
3,1378,0.4859,0.6423,0.5472,0.0065,1.1977,10206,983,983,1,0
3,1379,0.4876,0.6503,0.5301,0.0078,1.1909,10206,983,983,1,0
3,1380,0.4892,0.6260,0.5917,0.0063,1.2259,10206,983,983,1,0
3,1381,0.4909,0.6302,0.4841,0.0135,1.1309,10206,983,983,1,0
3,1382,0.4925,0.6439,0.5189,0.0072,1.1719,10206,983,983,1,0
3,1383,0.4941,0.6292,0.5996,0.0069,1.2383,10206,983,983,1,0
3,1384,0.4958,0.6377,0.5547,0.0069,1.2021,10206,983,983,1,0
3,1385,0.4974,0.6498,0.5071,0.0074,1.1665,10206,983,983,1,0
3,1386,0.4991,0.6329,0.6051,0.0067,1.2474,10206,983,983,1,0
3,1387,0.5007,0.6239,0.4985,0.0073,1.1319,10206,983,983,1,0
3,1388,0.5024,0.6322,0.4949,0.0071,1.1365,10206,983,983,1,0
3,1389,0.5041,0.6316,0.4745,0.0068,1.1145,10206,983,983,1,0
3,1390,0.5056,0.6472,0.5865,0.0069,1.2426,10206,983,983,1,0
3,1391,0.5073,0.6296,0.6106,0.0065,1.2490,10206,983,983,1,0
3,1392,0.5089,0.6501,0.5160,0.0075,1.1757,10206,983,983,1,0
3,1393,0.5105,0.6130,0.6327,0.0064,1.2543,10206,983,983,1,0
3,1394,0.5122,0.6157,0.5279,0.0065,1.1525,10206,983,983,1,0
3,1395,0.5138,0.6094,0.5838,0.0065,1.2009,10206,983,983,1,0
3,1396,0.5154,0.6072,0.5990,0.0099,1.2175,10206,983,983,1,0
3,1397,0.5170,0.6244,0.5235,0.0068,1.1570,10206,983,983,1,0
3,1398,0.5187,0.6406,0.5214,0.0066,1.1716,10206,983,983,1,0
3,1399,0.5203,0.6258,0.5474,0.0060,1.1807,10206,983,983,1,0
3,1400,0.5219,0.6314,0.5946,0.0061,1.2344,10206,983,983,1,0
3,1401,0.5235,0.6134,0.5797,0.0059,1.2012,10206,983,983,1,0
3,1402,0.5251,0.6311,0.4866,0.0078,1.1269,10206,983,983,1,0
3,1403,0.5267,0.6381,0.6025,0.0101,1.2528,10206,983,983,1,0
3,1404,0.5284,0.6352,0.6318,0.0077,1.2769,10206,983,983,1,0
3,1405,0.5300,0.6269,0.6027,0.0066,1.2383,10206,983,983,1,0
3,1406,0.5317,0.6280,0.6028,0.0059,1.2387,10206,983,983,1,0
3,1407,0.5333,0.6431,0.4971,0.0083,1.1509,10206,983,983,1,0
3,1408,0.5349,0.6407,0.5569,0.0062,1.2058,10206,983,983,1,0
3,1409,0.5365,0.6368,0.4905,0.0078,1.1374,10206,983,983,1,0
3,1410,0.5381,0.6565,0.5173,0.0065,1.1829,10206,983,983,1,0
3,1411,0.5397,0.6419,0.6027,0.0063,1.2538,10206,983,983,1,0
3,1412,0.5414,0.6148,0.5937,0.0077,1.2178,10206,983,983,1,0
3,1413,0.5431,0.6558,0.6051,0.0066,1.2696,10206,983,983,1,0
3,1414,0.5447,0.6260,0.5306,0.0065,1.1652,10206,983,983,1,0
3,1415,0.5463,0.6372,0.5154,0.0059,1.1617,10206,983,983,1,0
3,1416,0.5479,0.6188,0.5367,0.0062,1.1636,10206,983,983,1,0
3,1417,0.5495,0.6171,0.4761,0.0121,1.1073,10206,983,983,1,0
3,1418,0.5511,0.6418,0.5336,0.0061,1.1836,10206,983,983,1,0
3,1419,0.5527,0.6437,0.6171,0.0063,1.2707,10206,983,983,1,0
3,1420,0.5544,0.6365,0.5435,0.0073,1.1898,10206,983,983,1,0
3,1421,0.5560,0.6466,0.5515,0.0064,1.2063,10206,983,983,1,0
3,1422,0.5578,0.6192,0.4805,0.0117,1.1139,10206,983,983,1,0
3,1423,0.5595,0.6376,0.5669,0.0093,1.2157,10206,983,983,1,0
3,1424,0.5612,0.6345,0.5393,0.0068,1.1833,10206,983,983,1,0
3,1425,0.5628,0.6294,0.5501,0.0072,1.1883,10206,983,983,1,0
3,1426,0.5645,0.6262,0.5534,0.0082,1.1895,10206,983,983,1,0
3,1427,0.5661,0.6323,0.5212,0.0059,1.1614,10206,983,983,1,0
3,1428,0.5677,0.6195,0.5964,0.0142,1.2319,10206,983,983,1,0
3,1429,0.5694,0.6313,0.5098,0.0061,1.1498,10206,983,983,1,0
3,1430,0.5710,0.6375,0.5963,0.0100,1.2452,10206,983,983,1,0
3,1431,0.5726,0.6193,0.5097,0.0062,1.1380,10206,983,983,1,0
3,1432,0.5742,0.6352,0.5270,0.0064,1.1712,10206,983,983,1,0
3,1433,0.5758,0.6431,0.5358,0.0061,1.1866,10206,983,983,1,0
3,1434,0.5774,0.6313,0.5237,0.0068,1.1643,10206,983,983,1,0
3,1435,0.5790,0.6239,0.6063,0.0056,1.2379,10206,983,983,1,0
3,1436,0.5807,0.6328,0.6034,0.0061,1.2455,10206,983,983,1,0
3,1437,0.5823,0.6455,0.6080,0.0068,1.2624,10206,983,983,1,0
3,1438,0.5841,0.6354,0.5284,0.0065,1.1716,10206,983,983,1,0
3,1439,0.5857,0.6508,0.5779,0.0071,1.2430,10206,983,983,1,0
3,1440,0.5873,0.6278,0.5425,0.0063,1.1805,10206,983,983,1,0
3,1441,0.5889,0.6361,0.5032,0.0070,1.1483,10206,983,983,1,0
3,1442,0.5906,0.6396,0.6218,0.0071,1.2724,10206,983,983,1,0
3,1443,0.5922,0.6393,0.6135,0.0065,1.2617,10206,983,983,1,0
3,1444,0.5939,0.6352,0.7266,0.0071,1.3713,10206,983,983,1,0
3,1445,0.5956,0.6431,0.5931,0.0062,1.2460,10206,983,983,1,0
3,1446,0.5971,0.6322,0.5353,0.0073,1.1767,10206,983,983,1,0
3,1447,0.5988,0.6336,0.5479,0.0066,1.1900,10206,983,983,1,0
3,1448,0.6004,0.6238,0.5959,0.0060,1.2280,10206,983,983,1,0
3,1449,0.6020,0.6047,0.5056,0.0062,1.1196,10206,983,983,1,0
3,1450,0.6036,0.6317,0.4892,0.0067,1.1300,10206,983,983,1,0
3,1451,0.6052,0.6218,0.6030,0.0056,1.2326,10206,983,983,1,0
3,1452,0.6068,0.6511,0.5886,0.0064,1.2481,10206,983,983,1,0
3,1453,0.6084,0.6173,0.5246,0.0065,1.1518,10206,983,983,1,0
3,1454,0.6101,0.6025,0.5961,0.0062,1.2078,10206,983,983,1,0
3,1455,0.6117,0.6184,0.7505,0.0081,1.3790,10206,983,983,1,0
3,1456,0.6133,0.6412,0.5426,0.0059,1.1911,10206,983,983,1,0
3,1457,0.6150,0.6318,0.6096,0.0061,1.2499,10206,983,983,1,0
3,1458,0.6166,0.6278,0.5636,0.0059,1.1991,10206,983,983,1,0
3,1459,0.6182,0.6673,0.5564,0.0062,1.2318,10206,983,983,1,0
3,1460,0.6198,0.6059,0.5909,0.0057,1.2038,10206,983,983,1,0
3,1461,0.6215,0.6145,0.5361,0.0064,1.1595,10206,983,983,1,0
3,1462,0.6231,0.6338,0.4937,0.0058,1.1356,10206,983,983,1,0
3,1463,0.6247,0.6300,0.5185,0.0060,1.1566,10206,983,983,1,0
3,1464,0.6263,0.6541,0.5310,0.0075,1.1957,10206,983,983,1,0
3,1465,0.6280,0.6138,0.4661,0.0072,1.0888,10206,983,983,1,0
3,1466,0.6295,0.6418,0.5096,0.0063,1.1597,10206,983,983,1,0
3,1467,0.6311,0.6306,0.5215,0.0060,1.1601,10206,983,983,1,0
3,1468,0.6327,0.6377,0.4803,0.0089,1.1287,10206,983,983,1,0
3,1469,0.6343,0.6134,0.5340,0.0062,1.1554,10206,983,983,1,0
3,1470,0.6359,0.6204,0.5861,0.0068,1.2151,10206,983,983,1,0
3,1471,0.6375,0.6164,0.5321,0.0066,1.1569,10206,983,983,1,0
3,1472,0.6391,0.6495,0.5309,0.0059,1.1883,10206,983,983,1,0
3,1473,0.6407,0.6297,0.6097,0.0090,1.2509,10206,983,983,1,0
3,1474,0.6423,0.6415,0.5382,0.0064,1.1898,10206,983,983,1,0
3,1475,0.6439,0.6406,0.5372,0.0063,1.1867,10206,983,983,1,0
3,1476,0.6456,0.5958,0.5898,0.0060,1.1933,10206,983,983,1,0
3,1477,0.6472,0.6237,0.5350,0.0068,1.1681,10206,983,983,1,0
3,1478,0.6488,0.6486,0.5486,0.0063,1.2053,10206,983,983,1,0
3,1479,0.6504,0.6152,0.5881,0.0082,1.2133,10206,983,983,1,0
3,1480,0.6520,0.6459,0.5394,0.0176,1.2054,10206,983,983,29,8
3,1481,0.6537,0.6266,0.5973,0.0215,1.2470,10206,983,983,29,8
3,1482,0.6553,0.6364,0.5072,0.0234,1.1706,10206,983,983,29,8
3,1483,0.6569,0.6227,0.5606,0.0257,1.2108,10206,983,983,29,33
3,1484,0.6586,0.6129,0.4902,0.0285,1.1348,10206,983,983,45,52
3,1485,0.6603,0.6391,0.6129,0.0280,1.2824,10206,983,983,45,52
3,1486,0.6620,0.6361,0.6073,0.0364,1.2819,10206,983,983,49,90
3,1487,0.6636,0.6425,0.6074,0.0483,1.3001,10206,983,983,81,105
3,1488,0.6653,0.6288,0.6150,0.0650,1.3105,10206,983,983,111,141
3,1489,0.6671,0.6266,0.5740,0.0629,1.2651,10206,983,983,115,168
3,1490,0.6688,0.6242,0.5248,0.0781,1.2288,10206,983,983,139,227
3,1491,0.6705,0.6391,0.5699,0.0916,1.3027,10206,983,983,163,271
3,1492,0.6723,0.6137,0.6055,0.1179,1.3389,10206,983,983,175,323
3,1493,0.6741,0.6298,0.5470,0.1148,1.2935,10206,983,983,191,428
3,1494,0.6759,0.6294,0.5216,0.1462,1.2994,10206,983,983,235,560
3,1495,0.6777,0.6380,0.5738,0.2070,1.4208,10206,983,983,273,726
3,1496,0.6797,0.6070,0.4854,0.2580,1.3523,10206,983,983,309,956
3,1497,0.6818,0.6432,0.6066,0.3173,1.5694,10206,983,983,355,1582
3,1498,0.6841,0.6299,0.5795,0.3707,1.5816,10206,983,983,397,2016
3,1499,0.6866,0.6267,0.4916,0.4136,1.5335,10206,983,983,403,2410
3,1500,0.6893,0.6484,0.5043,0.4457,1.6005,10206,983,983,451,2755
3,1501,0.6921,0.6373,0.5054,0.4999,1.6442,10206,983,983,507,3217
3,1502,0.6951,0.6486,0.6083,0.5270,1.7855,10206,983,983,535,3514
3,1503,0.6983,0.6823,0.5019,0.5786,1.7641,10206,983,983,587,3876
3,1504,0.7018,0.6388,0.4886,0.6496,1.7789,10206,983,983,667,4431
3,1505,0.7054,0.8333,0.6541,0.7548,2.2445,10206,983,983,735,5173
3,1506,0.7095,0.8503,0.6553,0.7853,2.2938,10206,983,983,809,5782
3,1507,0.7138,0.6650,0.6631,0.8331,2.1642,10206,983,983,845,6471
3,1508,0.7182,0.6760,0.5005,0.9110,2.0889,10206,983,983,897,6930
3,1509,0.7231,0.7321,0.6326,0.9247,2.2918,10206,983,983,935,7637
3,1510,0.7283,0.7092,0.6656,1.0020,2.3789,10206,983,983,957,8192
3,1511,0.7336,0.9561,0.5260,0.9998,2.4849,10206,983,983,973,8610
3,1512,0.7419,0.6892,0.5132,0.9936,2.1982,10206,983,983,983,9251
3,1513,0.7504,0.6568,0.5181,1.0171,2.1941,10206,983,983,983,9358
3,1514,0.7560,0.6786,0.7182,1.0640,2.4629,10206,983,983,983,9292
3,1515,0.7640,0.7059,0.5159,0.9875,2.2125,10206,983,983,973,8786
3,1516,0.7717,0.7982,0.5253,0.9372,2.2630,10206,983,983,951,8168
3,1517,0.7799,0.6616,0.6165,0.8481,2.1284,10206,983,983,901,7195
3,1518,0.7862,0.7034,0.4640,0.7645,1.9331,10206,983,983,839,6325
3,1519,0.7906,0.6900,0.4697,0.7169,1.8780,10206,983,983,791,5686
3,1520,0.7949,0.8094,0.5283,0.6807,2.0208,10206,983,983,723,5027
3,1521,0.7990,0.6769,0.5247,0.5837,1.7880,10206,983,983,615,4172
3,1522,0.8030,0.7260,0.5419,0.5573,1.8278,10206,983,983,541,3619
3,1523,0.8063,0.7988,0.5460,0.5015,1.8488,10206,983,983,513,3295
3,1524,0.8096,0.7158,0.6050,0.5174,1.8408,10206,983,983,483,2950
3,1525,0.8125,0.6548,0.5060,0.3883,1.5504,10206,983,983,421,2452
3,1526,0.8152,0.6436,0.4984,0.3629,1.5067,10206,983,983,373,2088
3,1527,0.8177,0.7457,0.4959,0.3282,1.5724,10206,983,983,355,1683
3,1528,0.8201,0.6302,0.4907,0.2652,1.3876,10206,983,983,315,994
3,1529,0.8223,0.6246,0.5617,0.2069,1.3951,10206,983,983,273,731
3,1530,0.8243,0.6071,0.5942,0.1635,1.3672,10206,983,983,231,514
3,1531,0.8262,0.6391,0.5957,0.1207,1.3574,10206,983,983,211,407
3,1532,0.8281,0.6278,0.6206,0.1008,1.3512,10206,983,983,171,312
3,1533,0.8299,0.6362,0.5975,0.0912,1.3271,10206,983,983,163,261
3,1534,0.8317,0.6154,0.4864,0.0776,1.1821,10206,983,983,135,192
3,1535,0.8335,0.5947,0.5882,0.0738,1.2581,10206,983,983,115,164
3,1536,0.8352,0.6043,0.6216,0.0638,1.2926,10206,983,983,109,130
3,1537,0.8370,0.6391,0.4883,0.0361,1.1653,10206,983,983,49,95
3,1538,0.8388,0.5981,0.5839,0.0420,1.2254,10206,983,983,45,65
3,1539,0.8405,0.6167,0.6520,0.0296,1.2997,10206,983,983,45,52
3,1540,0.8422,0.6161,0.5940,0.0277,1.2397,10206,983,983,29,45
3,1541,0.8439,0.6307,0.5972,0.0231,1.2527,10206,983,983,29,20
3,1542,0.8455,0.6061,0.6399,0.0213,1.2711,10206,983,983,29,8
3,1543,0.8471,0.6316,0.5490,0.0230,1.2051,10206,983,983,29,8
3,1544,0.8488,0.6343,0.5045,0.0207,1.1617,10206,983,983,29,8
3,1545,0.8504,0.6537,0.5926,0.0101,1.2588,10206,983,983,1,0
3,1546,0.8521,0.6550,0.5175,0.0065,1.1816,10206,983,983,1,0
3,1547,0.8537,0.6228,0.5973,0.0083,1.2302,10206,983,983,1,0
3,1548,0.8554,0.6610,0.5590,0.0067,1.2290,10206,983,983,1,0
3,1549,0.8570,0.6044,0.5583,0.0058,1.1700,10206,983,983,1,0
3,1550,0.8586,0.6414,0.6138,0.0068,1.2640,10206,983,983,1,0
3,1551,0.8603,0.6228,0.5467,0.0057,1.1770,10206,983,983,1,0
3,1552,0.8619,0.5997,0.4888,0.0075,1.0994,10206,983,983,1,0
3,1553,0.8635,0.6670,0.5751,0.0072,1.2520,10206,983,983,1,0
3,1554,0.8651,0.6276,0.5978,0.0060,1.2331,10206,983,983,1,0
3,1555,0.8667,0.6239,0.6030,0.0078,1.2365,10206,983,983,1,0
3,1556,0.8684,0.6318,0.5627,0.0058,1.2023,10206,983,983,1,0
3,1557,0.8700,0.6338,0.5512,0.0073,1.1940,10206,983,983,1,0
3,1558,0.8716,0.6508,0.5302,0.0061,1.1892,10206,983,983,1,0
3,1559,0.8733,0.6373,0.5379,0.0057,1.1832,10206,983,983,1,0
3,1560,0.8749,0.6387,0.5347,0.0067,1.1820,10206,983,983,1,0
3,1561,0.8766,0.7018,0.5937,0.0066,1.3042,10206,983,983,1,0
3,1562,0.8782,0.6053,0.4729,0.0068,1.0865,10206,983,983,1,0
3,1563,0.8798,0.6006,0.5075,0.0057,1.1165,10206,983,983,1,0
3,1564,0.8814,0.5928,0.6041,0.0063,1.2054,10206,983,983,1,0
3,1565,0.8830,0.6225,0.5822,0.0082,1.2146,10206,983,983,1,0
3,1566,0.8846,0.6549,0.5647,0.0063,1.2281,10206,983,983,1,0
3,1567,0.8863,0.6378,0.6020,0.0070,1.2488,10206,983,983,1,0
3,1568,0.8879,0.6201,0.7319,0.0093,1.3646,10206,983,983,1,0
3,1569,0.8896,0.6015,0.4977,0.0061,1.1069,10206,983,983,1,0
3,1570,0.8914,0.6194,0.5885,0.0169,1.2270,10206,983,983,1,0
3,1571,0.8931,0.6460,0.5960,0.0077,1.2523,10206,983,983,1,0
3,1572,0.8948,0.6424,0.6016,0.0060,1.2523,10206,983,983,1,0
3,1573,0.8965,0.6335,0.6015,0.0067,1.2435,10206,983,983,1,0
3,1574,0.8982,0.6901,0.6029,0.0084,1.3032,10206,983,983,1,0
3,1575,0.8998,0.6301,0.6002,0.0062,1.2386,10206,983,983,1,0
3,1576,0.9015,0.6301,0.5885,0.0062,1.2273,10206,983,983,1,0
3,1577,0.9031,0.6441,0.5550,0.0067,1.2082,10206,983,983,1,0
3,1578,0.9047,0.6287,0.5440,0.0065,1.1810,10206,983,983,1,0
3,1579,0.9064,0.6394,0.5056,0.0061,1.1535,10206,983,983,1,0
3,1580,0.9080,0.6314,0.6204,0.0067,1.2601,10206,983,983,1,0
3,1581,0.9096,0.6381,0.5416,0.0063,1.1875,10206,983,983,1,0
3,1582,0.9112,0.6353,0.6043,0.0066,1.2477,10206,983,983,1,0
3,1583,0.9128,0.6365,0.6082,0.0057,1.2539,10206,983,983,1,0
3,1584,0.9145,0.6320,0.5878,0.0090,1.2303,10206,983,983,1,0
3,1585,0.9161,0.6305,0.6101,0.0065,1.2491,10206,983,983,1,0
3,1586,0.9178,0.6042,0.6104,0.0161,1.2323,10206,983,983,1,0
3,1587,0.9195,0.6273,0.5957,0.0083,1.2331,10206,983,983,1,0
3,1588,0.9212,0.6258,0.5361,0.0059,1.1698,10206,983,983,1,0
3,1589,0.9228,0.6236,0.5196,0.0063,1.1520,10206,983,983,1,0
3,1590,0.9245,0.6234,0.5347,0.0061,1.1661,10206,983,983,1,0
3,1591,0.9261,0.6412,0.5441,0.0065,1.1939,10206,983,983,1,0
3,1592,0.9278,0.6237,0.4793,0.0063,1.1111,10206,983,983,1,0
3,1593,0.9293,0.6249,0.4861,0.0075,1.1201,10206,983,983,1,0
3,1594,0.9309,0.6234,0.5035,0.0065,1.1353,10206,983,983,1,0
3,1595,0.9325,0.6510,0.6363,0.0072,1.2995,10206,983,983,1,0
3,1596,0.9342,0.6521,0.5520,0.0061,1.2119,10206,983,983,1,0
3,1597,0.9358,0.6325,0.7049,0.0074,1.3468,10206,983,983,1,0
3,1598,0.9375,0.6288,0.5763,0.0065,1.2138,10206,983,983,1,0
3,1599,0.9391,0.6321,0.5125,0.0066,1.1545,10206,983,983,1,0
3,1600,0.9408,0.6487,0.5390,0.0065,1.1965,10206,983,983,1,0
3,1601,0.9424,0.6570,0.5349,0.0064,1.2015,10206,983,983,1,0
3,1602,0.9441,0.6288,0.6018,0.0162,1.2485,10206,983,983,1,0
3,1603,0.9457,0.6458,0.5690,0.0076,1.2262,10206,983,983,1,0
3,1604,0.9474,0.6467,0.4950,0.0085,1.1521,10206,983,983,1,0
3,1605,0.9490,0.6328,0.5293,0.0064,1.1710,10206,983,983,1,0
3,1606,0.9506,0.6440,0.5089,0.0070,1.1634,10206,983,983,1,0
3,1607,0.9523,0.6456,0.6109,0.0061,1.2652,10206,983,983,1,0
3,1608,0.9539,0.6458,0.6422,0.0073,1.2983,10206,983,983,1,0
3,1609,0.9556,0.6237,0.5296,0.0060,1.1609,10206,983,983,1,0
3,1610,0.9572,0.6090,0.4750,0.0068,1.0942,10206,983,983,1,0
3,1611,0.9588,0.6243,0.5614,0.0070,1.1947,10206,983,983,1,0
3,1612,0.9604,0.6448,0.5263,0.0061,1.1789,10206,983,983,1,0
3,1613,0.9621,0.6341,0.5581,0.0063,1.2006,10206,983,983,1,0
3,1614,0.9637,0.6328,0.5158,0.0057,1.1571,10206,983,983,1,0
3,1615,0.9653,0.6213,0.5268,0.0061,1.1566,10206,983,983,1,0
3,1616,0.9669,0.6296,0.5991,0.0067,1.2376,10206,983,983,1,0
3,1617,0.9686,0.6245,0.5798,0.0066,1.2140,10206,983,983,1,0
3,1618,0.9702,0.6203,0.5936,0.0064,1.2221,10206,983,983,1,0
3,1619,0.9719,0.6245,0.5895,0.0066,1.2224,10206,983,983,1,0
3,1620,0.9735,0.6320,0.5176,0.0067,1.1588,10206,983,983,1,0
3,1621,0.9752,0.6289,0.4942,0.0064,1.1313,10206,983,983,1,0
3,1622,0.9768,0.6216,0.4969,0.0064,1.1271,10206,983,983,1,0
3,1623,0.9785,0.6252,0.4940,0.0091,1.1303,10206,983,983,1,0
3,1624,0.9801,0.6194,0.6004,0.0058,1.2279,10206,983,983,1,0
3,1625,0.9817,0.6066,0.4781,0.0080,1.0950,10206,983,983,1,0
3,1626,0.9833,0.6288,0.6086,0.0063,1.2464,10206,983,983,1,0
3,1627,0.9849,0.6367,0.5573,0.0067,1.2041,10206,983,983,1,0
3,1628,0.9866,0.6370,0.4954,0.0086,1.1437,10206,983,983,1,0
3,1629,0.9883,0.6368,0.6144,0.0073,1.2619,10206,983,983,1,0
3,1630,0.9899,0.6104,0.5882,0.0067,1.2087,10206,983,983,1,0
3,1631,0.9916,0.6585,0.5039,0.0069,1.1718,10206,983,983,1,0
3,1632,0.9933,0.6176,0.4854,0.0068,1.1119,10206,983,983,1,0
3,1633,0.9948,0.6007,0.4868,0.0074,1.0980,10206,983,983,1,0
3,1634,0.9965,0.6078,0.5917,0.0061,1.2070,10206,983,983,1,0
3,1635,0.9981,0.6722,0.4964,0.0085,1.1793,10206,983,983,1,0
3,1636,0.9998,0.6389,0.5067,0.0059,1.1531,10206,983,983,1,0
