# method=DynamicBVH,deformation=Localized,triangles=54452,vertices=139670,treeNodes=16445,maxTrisPerLeaf=10,moveSpeed=2.0000,moveDistance=3.0000
run,frame,cycleProgress,deformMs,updateMs,queryMs,totalMs,verticesChecked,nodesVisitedUpdate,dirtyNodes,nodesVisitedQuery,collidedVertices
1,0,0.0227,9.7924,8.0762,0.0112,17.8836,163356,16445,16445,1,0
1,1,0.0280,9.6824,3.8002,0.0214,13.5090,163356,9353,1966,1,0
1,2,0.0325,8.5986,4.0381,0.0210,12.6619,163356,10048,3184,1,0
1,3,0.0365,8.4973,3.9189,0.0176,12.4367,163356,9671,2612,1,0
1,4,0.0407,8.5354,4.5071,0.0174,13.0631,163356,10460,3844,1,0
1,5,0.0450,8.5063,4.7058,0.0162,13.2315,163356,10284,3646,1,0
1,6,0.0494,8.8621,5.7327,0.0172,14.6163,163356,10745,4343,1,0
1,7,0.0540,8.7408,4.7356,0.0152,13.4953,163356,10726,4326,1,0
1,8,0.0585,8.5121,4.7571,0.0173,13.2899,163356,10844,4569,1,0
1,9,0.0629,8.7469,4.4811,0.0163,13.2475,163356,10701,4314,1,0
1,10,0.0672,8.6960,4.7104,0.0158,13.4264,163356,10743,4376,1,0
1,11,0.0717,8.7819,5.9493,0.0202,14.7623,163356,10614,4169,1,0
1,12,0.0764,8.5153,5.0302,0.0160,13.5642,163356,10747,4357,1,0
1,13,0.0810,8.5512,4.6375,0.0163,13.2083,163356,10398,3796,1,0
1,14,0.0854,8.5870,4.1411,0.0171,12.7487,163356,10209,3473,1,0
1,15,0.0896,8.4738,3.9080,0.0156,12.4001,163356,9978,3113,1,0
1,16,0.0939,9.0812,4.4835,0.0192,13.5891,163356,9820,2820,1,0
1,17,0.0984,8.5539,4.6231,0.0120,13.1932,163356,9805,2809,1,0
1,18,0.1024,8.7987,4.3356,0.0120,13.1504,163356,9428,2196,1,0
1,19,0.1061,8.4815,3.7477,0.0158,12.2481,163356,9584,2392,1,0
1,20,0.1103,8.5140,4.3075,0.0162,12.8406,163356,9472,2250,1,0
1,21,0.1147,8.7140,3.8692,0.0180,12.6047,163356,9647,2590,1,0
1,22,0.1187,8.8375,4.1729,0.0206,13.0359,163356,9467,2264,1,0
1,23,0.1232,8.5697,3.9009,0.0164,12.4906,163356,9591,2436,1,0
1,24,0.1275,8.7044,3.9353,0.0173,12.6599,163356,9632,2536,1,0
1,25,0.1317,8.5420,4.4541,0.0198,13.0196,163356,9659,2576,1,0
1,26,0.1361,8.4750,3.9834,0.0151,12.4763,163356,9838,2826,1,0
1,27,0.1404,8.7297,4.1813,0.0176,12.9319,163356,9884,2956,1,0
1,28,0.1448,8.5776,5.0978,0.0262,13.7046,163356,10121,3334,1,0
1,29,0.1493,8.6352,4.2529,0.0153,12.9064,163356,10343,3719,1,0
1,30,0.1538,8.6221,4.5757,0.0150,13.2163,163356,10501,3995,1,0
1,31,0.1582,8.5748,4.9226,0.0157,13.5173,163356,10506,4011,1,0
1,32,0.1626,8.8051,4.8219,0.0165,13.6464,163356,10640,4245,1,0
1,33,0.1671,8.6408,5.1181,0.0206,13.7854,163356,10642,4246,1,0
1,34,0.1716,8.6688,4.6506,0.0209,13.3458,163356,10570,4136,1,0
1,35,0.1761,8.5293,4.3795,0.0161,12.9283,163356,10524,4020,1,0
1,36,0.1804,8.8613,4.7640,0.0155,13.6439,163356,10281,3658,1,0
1,37,0.1849,8.8561,4.5005,0.0180,13.3784,163356,10349,3742,1,0
1,38,0.1894,8.7693,4.3646,0.0174,13.1548,163356,10082,3287,1,0
1,39,0.1938,8.6938,4.4187,0.0178,13.1339,163356,9999,3161,1,0
1,40,0.1983,8.6782,4.2188,0.0157,12.9161,163356,9738,2693,1,0
1,41,0.2025,8.5417,3.9166,0.0187,12.4805,163356,9597,2465,1,0
1,42,0.2068,8.7656,3.8134,0.0186,12.6023,163356,9632,2514,1,0
1,43,0.2111,8.6298,4.0767,0.0154,12.7260,163356,9410,2169,1,0
1,44,0.2153,8.5554,4.1898,0.0164,12.7647,163356,9573,2424,1,0
1,45,0.2197,8.7609,3.9845,0.0150,12.7636,163356,9446,2226,1,0
1,46,0.2239,8.5053,4.2531,0.0167,12.7781,163356,9492,2314,1,0
1,47,0.2281,8.7606,4.4861,0.0160,13.2661,163356,9570,2418,1,0
1,48,0.2326,8.7174,3.9364,0.0153,12.6723,163356,9723,2656,1,0
1,49,0.2369,8.8949,3.7351,0.0118,12.6467,163356,9630,2506,1,0
1,50,0.2410,8.5598,4.1490,0.0178,12.7313,163356,9787,2755,1,0
1,51,0.2453,8.6930,4.7726,0.0146,13.4833,163356,9982,3097,1,0
1,52,0.2498,8.7161,5.7065,0.0172,14.4443,163356,10287,3583,1,0
1,53,0.2543,8.5048,4.3598,0.0170,12.8842,163356,10441,3851,1,0
1,54,0.2586,8.4906,4.5998,0.0155,13.1098,163356,10476,3932,1,0
1,55,0.2630,8.7598,4.6147,0.0153,13.3930,163356,10742,4360,1,0
1,56,0.2675,9.2330,5.0183,0.0238,14.2797,163356,10687,4301,1,0
1,57,0.2720,8.8654,5.3803,0.0185,14.2692,163356,10819,4518,1,0
1,58,0.2765,8.5598,4.8593,0.0181,13.4407,163356,10760,4420,1,0
1,59,0.2810,8.5515,4.8069,0.0154,13.3764,163356,10628,4200,1,0
1,60,0.2854,8.6396,5.6788,0.0170,14.3388,163356,10526,4031,1,0
1,61,0.2899,8.5369,4.5400,0.0166,13.0965,163356,10426,3838,1,0
1,62,0.2943,8.6427,4.1923,0.0162,12.8548,163356,10237,3527,1,0
1,63,0.2986,8.5040,4.1006,0.0157,12.6241,163356,9990,3128,1,0
1,64,0.3029,8.6940,4.3674,0.0168,13.0860,163356,9824,2854,1,0
1,65,0.3072,8.7455,3.9874,0.0163,12.7526,163356,9683,2605,1,0
1,66,0.3115,8.5119,4.0589,0.0165,12.5907,163356,9643,2541,1,0
1,67,0.3158,8.7137,3.9828,0.0153,12.7154,163356,9566,2416,1,0
1,68,0.3201,8.8573,3.9579,0.0175,12.8365,163356,9636,2506,1,0
1,69,0.3244,8.5214,4.4399,0.0167,12.9807,163356,9562,2418,1,0
1,70,0.3288,8.5232,4.7229,0.0163,13.2657,163356,9594,2495,1,0
1,71,0.3333,8.7597,4.2215,0.0176,13.0041,163356,9652,2560,1,0
1,72,0.3377,8.9767,3.8448,0.0185,12.8442,163356,9661,2572,1,0
1,73,0.3421,8.6081,4.1591,0.0170,12.7880,163356,9699,2640,1,0
1,74,0.3464,8.4746,4.3216,0.0157,12.8147,163356,9801,2776,1,0
1,75,0.3507,9.0882,4.2720,0.0204,13.3852,163356,9944,3055,1,0
1,76,0.3552,8.5841,4.6810,0.0165,13.2852,163356,10156,3400,1,0
1,77,0.3595,8.6465,4.6522,0.0176,13.3204,163356,10287,3647,1,0
1,78,0.3640,8.4944,4.4772,0.0172,12.9915,163356,10562,4088,1,0
1,79,0.3682,8.5717,4.4215,0.0199,13.0161,163356,10350,3777,1,0
1,80,0.3726,8.5099,4.4745,0.0160,13.0032,163356,10647,4252,1,0
1,81,0.3768,8.5002,4.3627,0.0188,12.8845,163356,10410,3884,1,0
1,82,0.3811,8.6917,4.7394,0.0164,13.4519,163356,10548,4081,1,0
1,83,0.3855,9.1062,4.5513,0.0195,13.6827,163356,10494,3983,1,0
1,84,0.3900,8.7938,4.4367,0.0168,13.2503,163356,10407,3883,1,0
1,85,0.3945,8.5553,4.5426,0.0167,13.1174,163356,10187,3483,1,0
1,86,0.3988,8.7756,4.2906,0.0153,13.0844,163356,10126,3358,1,0
1,87,0.4032,8.6676,4.2187,0.0203,12.9106,163356,9932,3014,1,0
1,88,0.4077,8.7354,4.9652,0.0160,13.7199,163356,9830,2866,1,0
1,89,0.4121,8.6103,4.6700,0.0167,13.2997,163356,9705,2641,1,0
1,90,0.4165,9.0327,3.8081,0.0185,12.8636,163356,9518,2339,1,0
1,91,0.4208,8.4970,3.9642,0.0166,12.4808,163356,9492,2288,1,0
1,92,0.4251,8.5589,4.0555,0.0171,12.6360,163356,9542,2361,1,0
1,93,0.4293,8.7288,4.0598,0.0160,12.8076,163356,9417,2180,1,0
1,94,0.4337,8.8277,5.2904,0.0176,14.1404,163356,9607,2464,1,0
1,95,0.4382,8.5249,3.9692,0.0163,12.5136,163356,9642,2543,1,0
1,96,0.4425,8.7253,4.0222,0.0161,12.7671,163356,9676,2598,1,0
1,97,0.4468,8.6919,4.2344,0.0161,12.9455,163356,9682,2583,1,0
1,98,0.4512,8.4884,4.4400,0.0152,12.9468,163356,9890,2913,1,0
1,99,0.4556,9.3446,5.2279,0.0177,14.5958,163356,10076,3243,1,0
1,100,0.4603,8.7864,4.6108,0.0159,13.4171,163356,10394,3756,1,0
1,101,0.4646,8.7428,4.4574,0.0157,13.2197,163356,10360,3748,1,0
1,102,0.4691,8.8322,4.9115,0.0171,13.7642,163356,10636,4189,1,0
1,103,0.4736,8.5663,5.2702,0.0167,13.8562,163356,10701,4294,1,0
1,104,0.4781,8.7760,4.9294,0.0164,13.7257,163356,10824,4525,1,0
1,105,0.4826,8.5822,4.8205,0.0158,13.4214,163356,10716,4348,1,0
1,106,0.4870,8.7812,5.5125,0.0174,14.3149,163356,10712,4345,1,0
1,107,0.4916,8.6129,5.8393,0.0171,14.4744,163356,10698,4276,1,0
1,108,0.4962,8.5063,5.0051,0.0148,13.5287,163356,10604,4145,1,0
1,109,0.5007,8.8254,4.3215,0.0163,13.1671,163356,10319,3650,1,0
1,110,0.5051,9.3347,4.8601,0.0225,14.2223,163356,10270,3561,1,0
1,111,0.5096,8.4968,5.5345,0.0154,14.0519,163356,9986,3120,1,0
1,112,0.5142,9.2400,4.5015,0.0171,13.7631,163356,9963,3072,1,0
1,113,0.5187,8.8432,3.9588,0.0162,12.8218,163356,9604,2475,1,0
1,114,0.5230,8.5533,4.4736,0.0166,13.0468,163356,9736,2700,1,0
1,115,0.5274,8.7751,4.8642,0.0155,13.6578,163356,9516,2305,1,0
1,116,0.5318,8.8029,4.7989,0.0171,13.6218,163356,9660,2564,1,0
1,117,0.5363,8.7757,4.2339,0.0156,13.0291,163356,9590,2483,1,0
1,118,0.5406,8.4755,3.9566,0.0179,12.4528,163356,9538,2375,1,0
1,119,0.5446,8.5065,3.8418,0.0167,12.3685,163356,9510,2320,1,0
1,120,0.5489,8.8418,4.2386,0.0184,13.1026,163356,9614,2505,1,0
1,121,0.5533,8.7231,4.1286,0.0151,12.8699,163356,9768,2737,1,0
1,122,0.5576,8.5900,4.4113,0.0138,13.0184,163356,9896,2940,1,0
1,123,0.5620,8.7244,5.3393,0.0169,14.0856,163356,10036,3209,1,0
1,124,0.5666,8.5271,5.1406,0.0162,13.6871,163356,10311,3660,1,0
1,125,0.5710,8.6523,4.4866,0.0182,13.1614,163356,10353,3773,1,0
1,126,0.5754,8.5769,4.5708,0.0159,13.1668,163356,10529,4049,1,0
1,127,0.5798,8.6680,5.0763,0.0165,13.7646,163356,10496,4017,1,0
1,128,0.5843,8.6891,4.7060,0.0170,13.4160,163356,10664,4274,1,0
1,129,0.5887,8.8249,4.5236,0.0171,13.3696,163356,10501,4033,1,0
1,130,0.5931,8.7178,4.7994,0.0161,13.5370,163356,10585,4124,1,0
1,131,0.5976,8.6201,5.2748,0.0167,13.9169,163356,10404,3853,1,0
1,132,0.6021,8.7400,5.5893,0.0205,14.3561,163356,10377,3790,1,0
1,133,0.6066,8.4859,4.2518,0.0155,12.7571,163356,10146,3398,1,0
1,134,0.6108,8.6657,4.5735,0.0171,13.2595,163356,9925,3026,1,0
1,135,0.6151,8.7519,4.2804,0.0157,13.0512,163356,9818,2840,1,0
1,136,0.6195,8.7031,4.1954,0.0162,12.9179,163356,9707,2674,1,0
1,137,0.6239,8.4986,4.8057,0.0162,13.3231,163356,9580,2453,1,0
1,138,0.6283,8.7605,3.8981,0.0151,12.6767,163356,9603,2482,1,0
1,139,0.6326,8.7276,3.7771,0.0171,12.5253,163356,9451,2230,1,0
1,140,0.6368,8.5731,3.9072,0.0205,12.5035,163356,9499,2306,1,0
1,141,0.6410,8.7357,3.9694,0.0169,12.7254,163356,9396,2154,1,0
1,142,0.6453,8.6139,4.2885,0.0164,12.9227,163356,9591,2465,1,0
1,143,0.6496,8.6652,3.9018,0.0154,12.5861,163356,9583,2440,1,0
1,144,0.6539,8.7526,5.3479,0.0677,14.1725,163356,9621,2513,65,161
1,145,0.6585,8.5517,4.1195,0.1748,12.8496,163356,9912,2962,147,703
1,146,0.6631,8.8910,4.0148,0.2929,13.2024,163356,9985,3093,265,1704
1,147,0.6682,8.5285,4.1186,0.4695,13.1202,163356,10574,3974,597,3121
1,148,0.6736,8.9914,4.3196,1.0483,14.3635,163356,10785,4353,1241,7066
1,149,0.6805,9.3004,8.1166,2.0255,19.4500,163356,11861,5891,2333,15127
1,150,0.6905,9.2024,7.2067,6.2817,22.6986,163356,12727,7044,4635,32900
1,151,0.7062,8.5900,5.8642,8.4547,22.9114,163356,13121,7521,8947,68133
1,152,0.7347,8.9516,5.5611,18.6893,33.2070,163356,13032,7409,15179,123094
1,153,0.7903,9.6127,6.3168,11.3983,27.3315,163356,13840,8550,10017,75240
1,154,0.8459,9.3835,6.2519,0.1414,15.7824,163356,13813,8505,71,166
1,155,0.8642,11.5162,7.2914,0.0840,18.9196,163356,12104,6153,1,0
1,156,0.8699,9.8768,5.3409,0.0191,15.2405,163356,9923,2921,1,0
1,157,0.8746,9.4418,4.7764,0.0243,14.2474,163356,10190,3428,1,0
1,158,0.8791,9.4268,4.5766,0.0160,14.0231,163356,10228,3496,1,0
1,159,0.8835,9.4411,5.3704,0.0155,14.8306,163356,10548,4071,1,0
1,160,0.8879,9.3849,5.3951,0.0200,14.8040,163356,10534,4006,1,0
1,161,0.8922,9.5893,5.1042,0.0207,14.7189,163356,10734,4347,1,0
1,162,0.8967,9.5184,5.8491,0.0139,15.3877,163356,10838,4493,1,0
1,163,0.9015,9.5023,5.8393,0.0190,15.3648,163356,11001,4777,1,0
1,164,0.9062,9.4761,6.6650,0.0202,16.1690,163356,10823,4494,1,0
1,165,0.9111,9.5877,5.0716,0.0185,14.6809,163356,10871,4548,1,0
1,166,0.9156,9.5649,4.7567,0.0204,14.3469,163356,10388,3777,1,0
1,167,0.9202,9.7888,6.4958,0.0199,16.3105,163356,10539,4010,1,0
1,168,0.9250,9.9101,6.2588,0.0209,16.1978,163356,10277,3561,1,0
1,169,0.9299,9.5789,4.5401,0.0133,14.1352,163356,10156,3375,1,0
1,170,0.9342,9.9574,4.3280,0.0496,14.3426,163356,9635,2528,1,0
1,171,0.9386,9.7064,4.0329,0.0112,13.7574,163356,9848,2826,1,0
1,172,0.9427,8.5741,3.5879,0.0101,12.1755,163356,9357,2064,1,0
1,173,0.9466,8.5203,3.7397,0.0207,12.2842,163356,9613,2470,1,0
1,174,0.9507,8.4957,3.7033,0.0096,12.2110,163356,9404,2156,1,0
1,175,0.9546,8.7637,3.7760,0.0183,12.5633,163356,9473,2289,1,0
1,176,0.9587,8.4872,3.6751,0.0171,12.1819,163356,9479,2254,1,0
1,177,0.9628,8.4735,3.7820,0.0164,12.2754,163356,9572,2432,1,0
1,178,0.9669,8.6681,3.7509,0.0172,12.4394,163356,9528,2371,1,0
1,179,0.9710,8.5218,3.8678,0.0156,12.4078,163356,9683,2609,1,0
1,180,0.9751,8.7007,3.7732,0.0160,12.4932,163356,9654,2568,1,0
1,181,0.9792,8.4970,4.0713,0.0161,12.5878,163356,9905,2979,1,0
1,182,0.9832,8.4746,4.0629,0.0159,12.5571,163356,9925,3041,1,0
1,183,0.9875,8.4826,4.0724,0.0165,12.5751,163356,10313,3658,1,0
1,184,0.9916,8.5451,4.2044,0.0171,12.7702,163356,10280,3668,1,0
1,185,0.9957,8.5037,4.4539,0.0156,12.9762,163356,10396,3825,1,0
1,186,0.9999,8.8374,4.3454,0.0199,13.2073,163356,10425,3908,1,0
2,187,0.0106,9.3347,9.2167,0.0155,18.5721,163356,16445,16445,1,0
2,188,0.0156,8.4862,3.1729,0.0198,11.6832,163356,8780,1008,1,0
2,189,0.0196,8.5084,3.9077,0.0167,12.4356,163356,9661,2578,1,0
2,190,0.0238,8.4544,3.8344,0.0165,12.3086,163356,9529,2332,1,0
2,191,0.0279,8.4583,3.9354,0.0187,12.4155,163356,9947,3014,1,0
2,192,0.0319,8.8108,3.7516,0.0188,12.5860,163356,9527,2360,1,0
2,193,0.0361,8.4805,4.5856,0.0151,13.0840,163356,10141,3303,1,0
2,194,0.0403,8.5870,3.9949,0.0203,12.6077,163356,10023,3192,1,0
2,195,0.0443,8.4834,4.3323,0.0147,12.8335,163356,10290,3616,1,0
2,196,0.0485,8.6698,4.3668,0.0172,13.0582,163356,10428,3833,1,0
2,197,0.0528,8.5260,4.5714,0.0185,13.1188,163356,10689,4289,1,0
2,198,0.0570,8.4821,4.3367,0.0166,12.8392,163356,10524,4022,1,0
2,199,0.0612,8.5016,4.8599,0.0170,13.3815,163356,10727,4384,1,0
2,200,0.0655,8.4792,4.7632,0.0161,13.2618,163356,10665,4257,1,0
2,201,0.0698,8.4996,5.3372,0.0168,13.8571,163356,10628,4206,1,0
2,202,0.0741,8.5090,5.1564,0.0170,13.6857,163356,10535,4035,1,0
2,203,0.0785,8.4885,4.4039,0.0162,12.9119,163356,10422,3833,1,0
2,204,0.0827,8.5925,4.0920,0.0160,12.7042,163356,10165,3429,1,0
2,205,0.0868,8.4789,4.4186,0.0150,12.9157,163356,10153,3392,1,0
2,206,0.0910,8.4763,3.9537,0.0162,12.4499,163356,9799,2823,1,0
2,207,0.0951,8.5099,3.8624,0.0151,12.3914,163356,9760,2720,1,0
2,208,0.0991,9.5692,3.8916,0.0145,13.4817,163356,9543,2374,1,0
2,209,0.1038,8.9097,4.0867,0.0197,13.0198,163356,9884,2931,1,0
2,210,0.1080,8.4818,3.6492,0.0169,12.1512,163356,9378,2087,1,0
2,211,0.1122,8.5095,3.7693,0.0184,12.3009,163356,9651,2563,1,0
2,212,0.1161,8.5839,3.6228,0.0107,12.2210,163356,9325,2024,1,0
2,213,0.1201,8.5121,3.6958,0.0161,12.2279,163356,9502,2307,1,0
2,214,0.1241,9.0140,3.9732,0.0189,13.0108,163356,9542,2388,1,0
2,215,0.1282,8.5139,4.0575,0.0187,12.5942,163356,9565,2402,1,0
2,216,0.1324,8.5272,3.8821,0.0173,12.4304,163356,9656,2558,1,0
2,217,0.1365,8.4859,3.9066,0.0149,12.4105,163356,9682,2609,1,0
2,218,0.1406,8.5244,3.8787,0.0175,12.4239,163356,9854,2909,1,0
2,219,0.1448,8.5349,4.0384,0.0154,12.5919,163356,10006,3170,1,0
2,220,0.1489,8.4769,4.0383,0.0167,12.5350,163356,10143,3393,1,0
2,221,0.1529,8.5127,4.3068,0.0188,12.8431,163356,10271,3657,1,0
2,222,0.1571,8.4974,4.2469,0.0172,12.7652,163356,10321,3705,1,0
2,223,0.1613,8.5282,4.4481,0.0159,12.9958,163356,10501,4033,1,0
2,224,0.1655,8.5067,4.2737,0.0097,12.7933,163356,10511,4048,1,0
2,225,0.1696,8.5315,4.6982,0.0150,13.2483,163356,10333,3742,1,0
2,226,0.1738,8.5635,4.8263,0.0157,13.4095,163356,10475,3950,1,0
2,227,0.1781,8.5745,4.6517,0.0150,13.2442,163356,10416,3872,1,0
2,228,0.1823,8.9552,4.1164,0.0163,13.0913,163356,10194,3513,1,0
2,229,0.1865,8.4740,4.1239,0.0164,12.6181,163356,10079,3299,1,0
2,230,0.1906,8.5334,3.9894,0.0167,12.5422,163356,9944,3065,1,0
2,231,0.1948,8.5205,4.4845,0.0179,13.0260,163356,9829,2881,1,0
2,232,0.1990,8.6066,4.2256,0.0172,12.8538,163356,9688,2648,1,0
2,233,0.2032,8.5027,3.8767,0.0159,12.3993,163356,9557,2416,1,0
2,234,0.2073,8.5190,3.6786,0.0157,12.2161,163356,9482,2273,1,0
2,235,0.2114,8.5000,3.8907,0.0158,12.4093,163356,9396,2143,1,0
2,236,0.2156,8.7474,4.0917,0.0182,12.8623,163356,9509,2313,1,0
2,237,0.2199,8.5148,3.8089,0.0156,12.3422,163356,9547,2393,1,0
2,238,0.2237,8.4939,3.6298,0.0102,12.1371,163356,9322,2015,1,0
2,239,0.2277,8.5116,3.6911,0.0155,12.2212,163356,9520,2344,1,0
2,240,0.2318,8.5671,3.6495,0.0099,12.2299,163356,9492,2263,1,0
2,241,0.2358,8.5169,3.9137,0.0188,12.4539,163356,9642,2551,1,0
2,242,0.2400,8.8079,4.0272,0.0188,12.8586,163356,9712,2643,1,0
2,243,0.2441,8.4885,4.1659,0.0158,12.6732,163356,9959,3032,1,0
2,244,0.2484,8.4866,4.2261,0.0178,12.7338,163356,10036,3181,1,0
2,245,0.2525,8.5249,4.2165,0.0193,12.7653,163356,10217,3503,1,0
2,246,0.2567,8.4692,4.2980,0.0162,12.7866,163356,10374,3778,1,0
2,247,0.2609,8.5054,4.3455,0.0153,12.8692,163356,10529,4032,1,0
2,248,0.2651,8.4898,4.5223,0.0170,13.0331,163356,10597,4148,1,0
2,249,0.2693,8.4919,4.6188,0.0169,13.1307,163356,10613,4173,1,0
2,250,0.2735,8.5531,4.3948,0.0157,12.9664,163356,10639,4252,1,0
2,251,0.2780,8.6164,4.4028,0.0165,13.0389,163356,10770,4419,1,0
2,252,0.2823,8.8752,4.2487,0.0165,13.1460,163356,10442,3920,1,0
2,253,0.2865,8.4824,4.3777,0.0200,12.8835,163356,10424,3828,1,0
2,254,0.2906,8.4771,4.1319,0.0208,12.6332,163356,10234,3541,1,0
2,255,0.2948,8.6794,4.1379,0.0157,12.8363,163356,10146,3398,1,0
2,256,0.2990,8.4675,3.9770,0.0161,12.4634,163356,9900,2995,1,0
2,257,0.3033,8.5859,3.9546,0.0173,12.5612,163356,9890,2946,1,0
2,258,0.3075,8.5438,4.1294,0.0153,12.6919,163356,9560,2418,1,0
2,259,0.3117,8.4756,4.0829,0.0145,12.5762,163356,9720,2667,1,0
2,260,0.3158,8.8832,3.8210,0.0191,12.7287,163356,9508,2301,1,0
2,261,0.3200,8.7366,3.7799,0.0184,12.5391,163356,9578,2444,1,0
2,262,0.3241,8.4746,3.6225,0.0161,12.1170,163356,9434,2190,1,0
2,263,0.3282,8.5024,3.7787,0.0160,12.2999,163356,9524,2357,1,0
2,264,0.3323,8.5304,4.0611,0.0167,12.6117,163356,9578,2447,1,0
2,265,0.3364,8.4968,4.0392,0.0189,12.5619,163356,9545,2381,1,0
2,266,0.3405,8.4788,3.9084,0.0168,12.4078,163356,9599,2464,1,0
2,267,0.3446,8.5128,4.6587,0.0156,13.1906,163356,9658,2566,1,0
2,268,0.3488,8.4758,3.8976,0.0165,12.3928,163356,9862,2906,1,0
2,269,0.3529,8.5856,3.9756,0.0167,12.5810,163356,9940,3046,1,0
2,270,0.3570,8.4826,3.9734,0.0095,12.4691,163356,10051,3227,1,0
2,271,0.3610,8.5187,4.2811,0.0160,12.8197,163356,10177,3517,1,0
2,272,0.3651,8.7074,5.0762,0.0108,13.7976,163356,10406,3831,1,0
2,273,0.3693,8.4876,4.2364,0.0155,12.7432,163356,10439,3917,1,0
2,274,0.3734,8.4764,4.1755,0.0105,12.6654,163356,10414,3874,1,0
2,275,0.3774,8.5245,4.2152,0.0157,12.7584,163356,10324,3729,1,0
2,276,0.3816,8.8439,4.2278,0.0198,13.0963,163356,10453,3935,1,0
2,277,0.3859,8.4937,4.5462,0.0158,13.0582,163356,10434,3891,1,0
2,278,0.3900,8.5180,4.1284,0.0172,12.6665,163356,10203,3534,1,0
2,279,0.3941,8.4534,4.0323,0.0159,12.5047,163356,10108,3339,1,0
2,280,0.3982,8.4952,3.9951,0.0162,12.5094,163356,10009,3187,1,0
2,281,0.4024,8.5285,4.0025,0.0157,12.5500,163356,9911,3022,1,0
2,282,0.4065,8.4571,3.8572,0.0168,12.3353,163356,9671,2608,1,0
2,283,0.4106,8.4949,3.8601,0.0158,12.3738,163356,9670,2599,1,0
2,284,0.4147,8.7406,3.8552,0.0178,12.6186,163356,9408,2158,1,0
2,285,0.4188,8.4882,4.0207,0.0157,12.5280,163356,9533,2375,1,0
2,286,0.4229,8.5221,3.7503,0.0163,12.2925,163356,9425,2179,1,0
2,287,0.4269,8.4880,3.6676,0.0171,12.1759,163356,9434,2196,1,0
2,288,0.4310,8.5599,3.6374,0.0099,12.2109,163356,9403,2157,1,0
2,289,0.4351,8.5193,3.7135,0.0175,12.2546,163356,9490,2303,1,0
2,290,0.4391,8.6075,3.7768,0.0171,12.4053,163356,9524,2347,1,0
2,291,0.4432,8.5318,4.3683,0.0185,12.9220,163356,9547,2377,1,0
2,292,0.4474,8.4870,3.8217,0.0156,12.3278,163356,9704,2635,1,0
2,293,0.4515,8.4968,4.1889,0.0161,12.7055,163356,9758,2722,1,0
2,294,0.4555,8.4939,4.0676,0.0246,12.5894,163356,9902,2986,1,0
2,295,0.4596,8.5053,4.3167,0.0166,12.8421,163356,10099,3285,1,0
2,296,0.4636,8.4636,4.3650,0.0181,12.8505,163356,10171,3462,1,0
2,297,0.4678,8.5640,5.0226,0.0205,13.6128,163356,10461,3906,1,0
2,298,0.4721,8.4976,4.3773,0.0186,12.8971,163356,10577,4112,1,0
2,299,0.4762,8.4770,4.5851,0.0167,13.0829,163356,10498,3995,1,0
2,300,0.4803,8.5100,4.4572,0.0167,12.9871,163356,10615,4207,1,0
2,301,0.4845,8.6507,4.9097,0.0094,13.5726,163356,10579,4149,1,0
2,302,0.4885,8.8499,4.2348,0.0198,13.1090,163356,10358,3782,1,0
2,303,0.4927,8.4953,4.2282,0.0170,12.7435,163356,10562,4074,1,0
2,304,0.4969,8.6109,3.9876,0.0179,12.6202,163356,10242,3559,1,0
2,305,0.5010,8.4790,4.4976,0.0159,12.9953,163356,10280,3627,1,0
2,306,0.5052,8.4684,4.1483,0.0166,12.6366,163356,10009,3175,1,0
2,307,0.5093,8.5080,4.3213,0.0155,12.8477,163356,9950,3065,1,0
2,308,0.5137,8.4843,3.9611,0.0204,12.4705,163356,9887,2915,1,0
2,309,0.5177,8.4900,3.6871,0.0100,12.1904,163356,9444,2212,1,0
2,310,0.5217,8.4936,4.2648,0.0165,12.7787,163356,9664,2572,1,0
2,311,0.5259,8.5095,3.8914,0.0149,12.4188,163356,9547,2355,1,0
2,312,0.5301,8.5111,4.0657,0.0206,12.6006,163356,9627,2540,1,0
2,313,0.5342,8.4900,4.2699,0.0151,12.7824,163356,9383,2126,1,0
2,314,0.5381,8.4883,3.7309,0.0163,12.2393,163356,9418,2186,1,0
2,315,0.5422,8.4789,3.7014,0.0154,12.1991,163356,9546,2398,1,0
2,316,0.5462,8.4694,3.7419,0.0121,12.2268,163356,9556,2412,1,0
2,317,0.5502,8.5039,3.8327,0.0175,12.3575,163356,9516,2334,1,0
2,318,0.5542,8.4584,3.9012,0.0160,12.3790,163356,9652,2558,1,0
2,319,0.5584,8.6347,3.7683,0.0112,12.4180,163356,9794,2796,1,0
2,320,0.5624,8.5464,3.8394,0.0095,12.3985,163356,9908,3012,1,0
2,321,0.5665,8.5071,4.1498,0.0169,12.6780,163356,10060,3240,1,0
2,322,0.5706,8.5682,4.7707,0.0164,13.3587,163356,10325,3729,1,0
2,323,0.5750,8.5871,4.2626,0.0164,12.8690,163356,10461,3933,1,0
2,324,0.5791,8.4859,4.3617,0.0161,12.8670,163356,10400,3856,1,0
2,325,0.5833,8.4998,4.4312,0.0164,12.9500,163356,10513,4022,1,0
2,326,0.5875,8.5735,4.3464,0.0164,12.9401,163356,10430,3937,1,0
2,327,0.5917,8.4778,4.5251,0.0155,13.0209,163356,10440,3897,1,0
2,328,0.5959,8.5045,4.1531,0.0179,12.6786,163356,10289,3673,1,0
2,329,0.6000,8.5989,4.2784,0.0169,12.8985,163356,10266,3623,1,0
2,330,0.6042,8.4626,4.0496,0.0099,12.5253,163356,10124,3378,1,0
2,331,0.6083,8.4998,4.1254,0.0145,12.6426,163356,9972,3118,1,0
2,332,0.6125,8.5511,4.3579,0.0163,12.9310,163356,9873,2951,1,0
2,333,0.6167,8.4844,3.8549,0.0167,12.3589,163356,9678,2628,1,0
2,334,0.6208,8.4752,3.7588,0.0173,12.2543,163356,9565,2423,1,0
2,335,0.6249,8.5202,3.7970,0.0176,12.3380,163356,9489,2290,1,0
2,336,0.6290,8.5816,3.9441,0.0168,12.5460,163356,9434,2224,1,0
2,337,0.6331,8.4998,3.9797,0.0166,12.4996,163356,9465,2234,1,0
2,338,0.6372,8.4824,3.7964,0.0161,12.2983,163356,9453,2220,1,0
2,339,0.6412,8.4665,3.8440,0.0156,12.3301,163356,9392,2129,1,0
2,340,0.6452,8.4925,3.7611,0.0172,12.2743,163356,9501,2313,1,0
2,341,0.6491,8.4663,3.8805,0.0173,12.3674,163356,9439,2197,1,0
2,342,0.6532,8.9693,3.8503,0.0599,12.8872,163356,9610,2467,65,140
2,343,0.6574,8.5495,3.8769,0.1559,12.5856,163356,9749,2693,133,582
2,344,0.6617,8.5090,4.2772,0.2662,13.0567,163356,9885,2912,245,1412
2,345,0.6664,8.5052,4.0838,0.3947,12.9876,163356,10314,3616,493,2551
2,346,0.6712,8.8863,4.3246,0.8868,14.1037,163356,10427,3801,1027,5052
2,347,0.6773,12.1234,5.8969,1.5754,19.6046,163356,11481,5334,1903,11087
2,348,0.6861,8.9271,9.4432,3.7067,22.0807,163356,12449,6677,3547,25103
2,349,0.6995,8.8685,5.9227,6.6608,21.4571,163356,13020,7403,6799,50210
2,350,0.7216,9.7631,5.3727,13.4429,28.5839,163356,13038,7394,12719,100836
2,351,0.7655,8.9608,5.9793,17.4541,32.4002,163356,13835,8569,15117,122289
2,352,0.8211,9.5122,6.3256,2.2051,18.0472,163356,14083,8910,2097,13160
2,353,0.8520,9.9091,5.9869,0.0418,15.9408,163356,13184,7681,1,0
2,354,0.8664,10.0505,5.7758,0.0272,15.8581,163356,11507,5272,1,0
2,355,0.8710,9.9046,4.7543,0.0204,14.6857,163356,9568,2419,1,0
2,356,0.8754,9.8938,4.9050,0.0137,14.8179,163356,10411,3779,1,0
2,357,0.8801,10.5589,5.1350,0.0179,15.7185,163356,10187,3415,1,0
2,358,0.8846,10.0395,5.0320,0.0235,15.1003,163356,10816,4457,1,0
2,359,0.8893,9.6934,4.8196,0.0213,14.5417,163356,10554,4045,1,0
2,360,0.8938,9.7216,6.0029,0.0241,15.7601,163356,10864,4578,1,0
2,361,0.8986,9.7852,5.8401,0.0532,15.6856,163356,10979,4700,1,0
2,362,0.9033,9.5732,5.7569,0.0187,15.3527,163356,10930,4676,1,0
2,363,0.9080,9.4005,5.5550,0.0196,14.9782,163356,10801,4445,1,0
2,364,0.9127,9.2643,5.1037,0.0224,14.3948,163356,10634,4202,1,0
2,365,0.9172,9.4155,4.8656,0.0230,14.3078,163356,10445,3886,1,0
2,366,0.9218,9.4149,5.7528,0.0197,15.1915,163356,10366,3717,1,0
2,367,0.9265,9.5627,4.8902,0.0124,14.4684,163356,10134,3367,1,0
2,368,0.9310,9.9768,4.5134,0.0120,14.5055,163356,9910,3002,1,0
2,369,0.9355,9.7535,4.6284,0.0143,14.4026,163356,9782,2736,1,0
2,370,0.9402,9.4863,6.0606,0.0165,15.5694,163356,9802,2803,1,0
2,371,0.9448,9.3491,4.8852,0.0208,14.2593,163356,9620,2531,1,0
2,372,0.9493,9.5380,4.3623,0.0205,13.9255,163356,9712,2624,1,0
2,373,0.9538,9.4264,4.3552,0.0141,13.7986,163356,9560,2421,1,0
2,374,0.9582,9.4214,5.1124,0.0226,14.5622,163356,9586,2450,1,0
2,375,0.9629,9.5836,5.3748,0.0200,14.9815,163356,9737,2717,1,0
2,376,0.9676,9.9903,5.3371,0.0215,15.3534,163356,9760,2726,1,0
2,377,0.9722,9.1518,4.9162,0.0163,14.0891,163356,9801,2789,1,0
2,378,0.9766,8.4831,4.3764,0.0161,12.8790,163356,9890,2963,1,0
2,379,0.9808,8.6505,4.0981,0.0188,12.7726,163356,9940,3053,1,0
2,380,0.9851,8.4812,4.1701,0.0157,12.6693,163356,10158,3405,1,0
2,381,0.9892,8.4806,4.3283,0.0161,12.8276,163356,10249,3594,1,0
2,382,0.9934,8.5217,4.6370,0.0166,13.1790,163356,10355,3776,1,0
2,383,0.9976,8.5184,4.6776,0.0152,13.2138,163356,10488,3955,1,0
3,384,0.0105,9.1492,8.5805,0.0121,17.7487,163356,16445,16445,1,0
3,385,0.0152,8.5594,3.3146,0.0106,11.8881,163356,8670,821,1,0
3,386,0.0188,8.4953,4.8200,0.0157,13.3342,163356,9467,2267,1,0
3,387,0.0232,8.5282,3.9862,0.0162,12.5335,163356,9666,2534,1,0
3,388,0.0274,8.5161,4.4253,0.0191,12.9647,163356,9880,2918,1,0
3,389,0.0312,8.5289,4.3138,0.0175,12.8639,163356,9427,2185,1,0
3,390,0.0354,8.4548,4.1497,0.0162,12.6236,163356,10113,3235,1,0
3,391,0.0396,8.7143,3.9741,0.0155,12.7068,163356,10076,3261,1,0
3,392,0.0438,8.7904,4.2824,0.0182,13.0949,163356,10355,3703,1,0
3,393,0.0480,8.4819,4.9673,0.0173,13.4697,163356,10388,3795,1,0
3,394,0.0523,8.4751,4.3055,0.0167,12.8011,163356,10687,4272,1,0
3,395,0.0565,8.5447,4.4098,0.0166,12.9747,163356,10519,4020,1,0
3,396,0.0608,8.4993,4.7191,0.0144,13.2360,163356,10800,4490,1,0
3,397,0.0650,8.4879,5.4682,0.0174,13.9761,163356,10560,4101,1,0
3,398,0.0694,8.4971,4.5403,0.0164,13.0563,163356,10791,4466,1,0
3,399,0.0738,8.5066,4.3233,0.0163,12.8489,163356,10434,3887,1,0
3,400,0.0781,8.5089,4.4614,0.0170,12.9905,163356,10453,3872,1,0
3,401,0.0822,8.5076,4.2559,0.0153,12.7820,163356,10161,3428,1,0
3,402,0.0864,8.4820,4.1898,0.0156,12.6906,163356,10206,3478,1,0
3,403,0.0906,8.4787,3.9877,0.0158,12.4858,163356,9825,2871,1,0
3,404,0.0947,8.4765,3.7874,0.0158,12.2821,163356,9793,2784,1,0
3,405,0.0989,8.5241,3.9746,0.0167,12.5182,163356,9574,2419,1,0
3,406,0.1029,8.4946,4.1121,0.0168,12.6266,163356,9556,2412,1,0
3,407,0.1071,8.5071,4.0233,0.0157,12.5492,163356,9579,2418,1,0
3,408,0.1112,8.5188,3.8853,0.0197,12.4286,163356,9475,2275,1,0
3,409,0.1154,8.4606,3.8810,0.0160,12.3600,163356,9561,2434,1,0
3,410,0.1194,8.5830,3.8929,0.0173,12.4987,163356,9386,2118,1,0
3,411,0.1235,8.4878,4.7740,0.0160,13.2813,163356,9580,2463,1,0
3,412,0.1278,8.4757,3.9561,0.0152,12.4498,163356,9602,2468,1,0
3,413,0.1321,8.5941,5.3285,0.0172,13.9445,163356,9702,2630,1,0
3,414,0.1365,8.6057,4.5174,0.0156,13.1424,163356,9792,2755,1,0
3,415,0.1408,8.7927,4.8178,0.0190,13.6332,163356,9936,3028,1,0
3,416,0.1451,8.4849,4.1812,0.0149,12.6844,163356,10091,3304,1,0
3,417,0.1492,8.5149,4.0863,0.0164,12.6209,163356,10105,3337,1,0
3,418,0.1533,8.4948,4.3302,0.0175,12.8457,163356,10388,3822,1,0
3,419,0.1574,8.8819,5.0786,0.0206,13.9858,163356,10284,3651,1,0
3,420,0.1618,8.5162,4.4963,0.0149,13.0302,163356,10704,4339,1,0
3,421,0.1661,8.7540,4.2920,0.0211,13.0717,163356,10391,3853,1,0
3,422,0.1703,8.5330,4.4250,0.0221,12.9840,163356,10555,4092,1,0
3,423,0.1746,8.5138,4.3901,0.0174,12.9242,163356,10372,3797,1,0
3,424,0.1788,8.4941,4.5917,0.0190,13.1084,163356,10357,3792,1,0
3,425,0.1830,8.4836,4.8880,0.0165,13.3912,163356,10195,3489,1,0
3,426,0.1873,8.5007,4.1695,0.0152,12.6893,163356,10119,3378,1,0
3,427,0.1915,8.4996,4.1754,0.0169,12.6952,163356,9990,3127,1,0
3,428,0.1956,8.5344,3.9083,0.0186,12.4704,163356,9686,2624,1,0
3,429,0.1997,8.9639,4.2146,0.0174,13.2006,163356,9779,2771,1,0
3,430,0.2040,8.4600,3.6472,0.0158,12.1259,163356,9542,2400,1,0
3,431,0.2081,8.4768,3.6897,0.0154,12.1850,163356,9421,2175,1,0
3,432,0.2121,8.5210,3.6442,0.0151,12.1833,163356,9432,2177,1,0
3,433,0.2163,8.4738,3.8759,0.0159,12.3721,163356,9497,2321,1,0
3,434,0.2205,8.4682,4.3311,0.0169,12.8194,163356,9480,2308,1,0
3,435,0.2247,8.4671,3.7246,0.0154,12.2101,163356,9465,2244,1,0
3,436,0.2288,8.5074,3.7534,0.0178,12.2824,163356,9523,2361,1,0
3,437,0.2328,8.4716,4.5844,0.0198,13.0791,163356,9507,2303,1,0
3,438,0.2370,8.4865,3.9735,0.0169,12.4828,163356,9702,2621,1,0
3,439,0.2412,8.7996,4.6413,0.0174,13.4626,163356,9766,2745,1,0
3,440,0.2455,8.4766,4.3140,0.0165,12.8111,163356,10016,3158,1,0
3,441,0.2496,8.5053,4.1160,0.0156,12.6396,163356,9993,3143,1,0
3,442,0.2538,8.4828,4.2173,0.0154,12.7179,163356,10373,3739,1,0
3,443,0.2580,8.5483,4.6125,0.0186,13.1840,163356,10390,3790,1,0
3,444,0.2622,8.4790,4.4754,0.0161,12.9733,163356,10591,4134,1,0
3,445,0.2665,8.7333,5.3107,0.0199,14.0697,163356,10624,4189,1,0
3,446,0.2708,8.5066,4.6033,0.0159,13.1283,163356,10793,4481,1,0
3,447,0.2751,8.9520,5.6739,0.0189,14.6489,163356,10575,4148,1,0
3,448,0.2797,8.4684,5.9177,0.0155,14.4057,163356,10847,4516,1,0
3,449,0.2842,8.5339,4.3618,0.0159,12.9145,163356,10483,3980,1,0
3,450,0.2883,8.5063,4.1975,0.0150,12.7245,163356,10297,3631,1,0
3,451,0.2925,8.4777,4.3606,0.0153,12.8566,163356,10263,3559,1,0
3,452,0.2967,8.7003,4.2733,0.0147,12.9925,163356,10043,3220,1,0
3,453,0.3009,8.4863,4.0302,0.0161,12.5359,163356,9896,2992,1,0
3,454,0.3052,8.4720,4.0729,0.0160,12.5637,163356,9718,2668,1,0
3,455,0.3094,8.4659,3.8721,0.0155,12.3567,163356,9562,2400,1,0
3,456,0.3135,8.6833,3.8795,0.0154,12.5824,163356,9635,2529,1,0
3,457,0.3177,8.4775,3.9854,0.0161,12.4819,163356,9568,2395,1,0
3,458,0.3219,8.5075,4.7362,0.0158,13.2640,163356,9548,2399,1,0
3,459,0.3262,8.4990,3.7369,0.0158,12.2548,163356,9530,2370,1,0
3,460,0.3302,8.4709,4.2583,0.0196,12.7529,163356,9450,2242,1,0
3,461,0.3344,8.4897,4.2928,0.0158,12.8015,163356,9632,2531,1,0
3,462,0.3386,8.4831,4.7760,0.0165,13.2838,163356,9546,2387,1,0
3,463,0.3428,8.4818,3.8744,0.0149,12.3745,163356,9679,2609,1,0
3,464,0.3468,8.5109,4.0113,0.0168,12.5446,163356,9625,2541,1,0
3,465,0.3511,8.7963,4.0662,0.0160,12.8811,163356,10008,3128,1,0
3,466,0.3553,8.4813,4.9340,0.0164,13.4350,163356,10027,3205,1,0
3,467,0.3597,8.5282,4.4129,0.0181,12.9639,163356,10453,3858,1,0
3,468,0.3638,8.7328,3.9795,0.0121,12.7296,163356,10172,3498,1,0
3,469,0.3675,8.4626,4.0127,0.0094,12.4881,163356,10203,3517,1,0
3,470,0.3716,8.5026,4.1923,0.0165,12.7146,163356,10431,3891,1,0
3,471,0.3757,8.5695,4.4188,0.0182,13.0108,163356,10495,4016,1,0
3,472,0.3798,8.4781,4.4002,0.0161,12.8980,163356,10329,3745,1,0
3,473,0.3841,8.5256,5.1139,0.0160,13.6584,163356,10493,3979,1,0
3,474,0.3885,8.5586,4.7984,0.0153,13.3764,163356,10453,3929,1,0
3,475,0.3927,8.4599,4.1060,0.0169,12.5865,163356,10086,3321,1,0
3,476,0.3969,8.4926,4.3112,0.0161,12.8230,163356,10204,3485,1,0
3,477,0.4011,8.4903,4.1565,0.0174,12.6672,163356,9854,2931,1,0
3,478,0.4053,8.6234,5.1150,0.0181,13.7616,163356,9843,2902,1,0
3,479,0.4097,8.5229,3.8652,0.0177,12.4095,163356,9746,2724,1,0
3,480,0.4138,8.4970,3.8318,0.0183,12.3516,163356,9419,2177,1,0
3,481,0.4179,8.4649,3.9999,0.0153,12.4838,163356,9601,2462,1,0
3,482,0.4220,8.4923,4.6501,0.0168,13.1624,163356,9353,2058,1,0
3,483,0.4263,8.5152,4.2929,0.0169,12.8281,163356,9636,2540,1,0
3,484,0.4305,8.7043,4.0345,0.0164,12.7579,163356,9363,2094,1,0
3,485,0.4348,8.4908,3.9034,0.0169,12.4138,163356,9545,2375,1,0
3,486,0.4388,8.4790,3.8577,0.0155,12.3561,163356,9501,2326,1,0
3,487,0.4428,8.4779,3.9147,0.0172,12.4126,163356,9542,2353,1,0
3,488,0.4469,8.4934,4.3379,0.0153,12.8499,163356,9644,2522,1,0
3,489,0.4511,8.5020,4.1914,0.0167,12.7136,163356,9829,2834,1,0
3,490,0.4551,8.4818,4.7426,0.0164,13.2450,163356,9754,2753,1,0
3,491,0.4593,8.5328,4.2844,0.0158,12.8364,163356,10200,3414,1,0
3,492,0.4635,8.4790,4.5072,0.0166,13.0061,163356,10288,3636,1,0
3,493,0.4677,8.4708,4.4444,0.0169,12.9349,163356,10424,3847,1,0
3,494,0.4719,8.4991,4.5548,0.0152,13.0721,163356,10492,3980,1,0
3,495,0.4761,8.4790,4.8224,0.0167,13.3216,163356,10657,4234,1,0
3,496,0.4805,8.4857,5.2542,0.0159,13.7593,163356,10721,4372,1,0
3,497,0.4849,8.7388,4.6661,0.0193,13.4288,163356,10689,4322,1,0
3,498,0.4892,8.5124,4.2603,0.0168,12.7919,163356,10582,4120,1,0
3,499,0.4934,8.5126,4.1700,0.0162,12.7021,163356,10461,3918,1,0
3,500,0.4975,8.4715,4.0479,0.0152,12.5380,163356,10271,3602,1,0
3,501,0.5017,8.5191,5.0594,0.0159,13.5987,163356,10305,3641,1,0
3,502,0.5060,8.5434,4.1748,0.0150,12.7367,163356,10089,3303,1,0
3,503,0.5102,8.4818,4.3930,0.0148,12.8926,163356,9817,2837,1,0
3,504,0.5144,8.4716,4.0321,0.0163,12.5230,163356,9834,2826,1,0
3,505,0.5187,8.5318,4.1513,0.0177,12.7032,163356,9542,2385,1,0
3,506,0.5229,8.4663,4.0844,0.0164,12.5697,163356,9676,2602,1,0
3,507,0.5271,8.5361,3.6365,0.0112,12.1878,163356,9511,2298,1,0
3,508,0.5311,8.4893,3.9675,0.0155,12.4755,163356,9502,2319,1,0
3,509,0.5353,8.4625,4.7689,0.0164,13.2510,163356,9520,2344,1,0
3,510,0.5396,8.5416,5.1771,0.0203,13.7428,163356,9518,2363,1,0
3,511,0.5439,8.5031,4.0000,0.0155,12.5218,163356,9646,2562,1,0
3,512,0.5481,8.6577,3.7283,0.0147,12.4040,163356,9552,2408,1,0
3,513,0.5522,8.4736,3.7300,0.0231,12.2296,163356,9567,2423,1,0
3,514,0.5563,8.4991,3.9480,0.0158,12.4670,163356,9681,2633,1,0
3,515,0.5603,8.4748,5.1533,0.0177,13.6496,163356,9859,2896,1,0
3,516,0.5648,8.5053,4.3423,0.0128,12.8634,163356,10230,3488,1,0
3,517,0.5689,8.5073,4.3427,0.0167,12.8701,163356,10157,3432,1,0
3,518,0.5732,8.5722,4.6491,0.0155,13.2398,163356,10482,3986,1,0
3,519,0.5775,8.6700,4.5477,0.0158,13.2369,163356,10386,3817,1,0
3,520,0.5817,8.9142,4.6899,0.0180,13.6265,163356,10543,4088,1,0
3,521,0.5861,8.8113,4.5376,0.0181,13.3713,163356,10554,4107,1,0
3,522,0.5904,8.4810,4.9858,0.0167,13.4865,163356,10454,3955,1,0
3,523,0.5947,8.5313,4.2403,0.0156,12.7903,163356,10519,4013,1,0
3,524,0.5990,8.6569,4.3609,0.0192,13.0412,163356,10206,3526,1,0
3,525,0.6033,8.5263,4.4574,0.0175,13.0037,163356,10336,3699,1,0
3,526,0.6075,8.4666,4.4119,0.0167,12.8988,163356,9969,3118,1,0
3,527,0.6117,8.9107,4.4120,0.0196,13.3468,163356,9980,3119,1,0
3,528,0.6159,8.4804,3.7533,0.0138,12.2502,163356,9677,2614,1,0
3,529,0.6200,8.4838,4.1255,0.0154,12.6279,163356,9639,2526,1,0
3,530,0.6241,8.5227,3.9718,0.0161,12.5134,163356,9528,2363,1,0
3,531,0.6282,8.7398,3.7277,0.0191,12.4913,163356,9395,2138,1,0
3,532,0.6323,8.4776,3.7539,0.0167,12.2509,163356,9496,2290,1,0
3,533,0.6363,8.5230,4.2752,0.0156,12.8172,163356,9376,2103,1,0
3,534,0.6405,8.6582,4.1223,0.0151,12.7996,163356,9523,2375,1,0
3,535,0.6447,8.4773,4.0791,0.0163,12.5754,163356,9544,2365,1,0
3,536,0.6489,8.4886,3.9512,0.0152,12.4586,163356,9535,2372,1,0
3,537,0.6531,8.5166,4.2570,0.0538,12.8305,163356,9599,2455,65,107
3,538,0.6573,8.4936,4.4976,0.1912,13.1852,163356,9754,2707,133,569
3,539,0.6617,8.6105,4.2296,0.2934,13.1369,163356,9939,2993,245,1407
3,540,0.6663,8.5274,4.0256,0.3923,12.9484,163356,10310,3599,493,2514
3,541,0.6712,8.6829,4.2330,0.8347,13.7542,163356,10480,3897,1027,5076
3,542,0.6773,8.8809,5.3792,1.6371,15.9017,163356,11494,5353,1903,11173
3,543,0.6855,9.9992,10.9161,3.3197,24.2439,163356,12230,6413,3415,23909
3,544,0.6988,9.3511,6.2192,6.9016,22.4770,163356,13079,7499,6667,48864
3,545,0.7200,9.7966,5.1642,12.4041,27.3684,163356,13043,7402,12361,97320
3,546,0.7717,8.8052,6.0420,16.0297,30.8815,163356,13996,8781,14039,113505
3,547,0.8273,9.4864,6.5155,1.2116,17.2172,163356,14019,8804,1185,6272
3,548,0.8555,10.1037,6.4842,0.0478,16.6406,163356,13034,7473,1,0
3,549,0.8648,9.4915,5.8894,0.0142,15.3995,163356,10524,3766,1,0
3,550,0.8694,9.7981,5.3377,0.0223,15.1637,163356,9615,2506,1,0
3,551,0.8741,9.5988,5.2173,0.0213,14.8406,163356,10647,4121,1,0
3,552,0.8788,9.4481,4.4145,0.0130,13.8786,163356,10043,3178,1,0
3,553,0.8833,9.2493,5.5248,0.0229,14.8003,163356,10664,4220,1,0
3,554,0.8877,9.4834,4.8931,0.0107,14.3910,163356,10405,3837,1,0
3,555,0.8921,9.4345,5.5895,0.0208,15.0488,163356,10863,4556,1,0
3,556,0.8968,9.5322,5.7593,0.0122,15.3078,163356,10817,4454,1,0
3,557,0.9014,9.9178,5.6026,0.0187,15.5446,163356,10941,4716,1,0
3,558,0.9062,9.5609,5.8123,0.0207,15.3974,163356,10885,4561,1,0
3,559,0.9109,9.5192,4.9683,0.0215,14.5126,163356,10795,4456,1,0
3,560,0.9154,9.7295,4.7716,0.0123,14.5199,163356,10397,3817,1,0
3,561,0.9199,9.7010,4.8295,0.0226,14.5594,163356,10397,3774,1,0
3,562,0.9245,9.4191,4.5939,0.0213,14.0373,163356,10259,3553,1,0
3,563,0.9290,9.5955,4.5573,0.0150,14.1713,163356,9950,3067,1,0
3,564,0.9334,9.6783,4.6722,0.0138,14.3686,163356,9910,2964,1,0
3,565,0.9378,10.0754,5.0126,0.0223,15.1164,163356,9613,2488,1,0
3,566,0.9424,10.1940,4.7860,0.0234,15.0098,163356,9838,2859,1,0
3,567,0.9472,9.5306,4.5166,0.0234,14.0741,163356,9617,2498,1,0
3,568,0.9518,9.4297,4.8142,0.0191,14.2676,163356,9694,2613,1,0
3,569,0.9563,9.5319,4.2544,0.0126,13.8019,163356,9617,2511,1,0
3,570,0.9606,9.4870,5.2962,0.0222,14.8108,163356,9567,2417,1,0
3,571,0.9653,9.5578,5.3428,0.0206,14.9246,163356,9785,2757,1,0
3,572,0.9700,9.0053,3.8679,0.0197,12.8978,163356,9839,2850,1,0
3,573,0.9741,8.5541,3.8326,0.0091,12.3996,163356,9599,2473,1,0
3,574,0.9779,8.5607,4.3273,0.0171,12.9082,163356,9660,2588,1,0
3,575,0.9821,8.7902,5.2142,0.0183,14.0296,163356,10085,3269,1,0
3,576,0.9865,8.8313,4.1726,0.0150,13.0216,163356,10339,3694,1,0
3,577,0.9907,8.4872,4.1995,0.0180,12.7088,163356,10255,3606,1,0
3,578,0.9949,8.6614,4.2342,0.0158,12.9147,163356,10448,3909,1,0
3,579,0.9992,8.5153,4.2489,0.0150,12.7818,163356,10484,3998,1,0
