# method=DynamicBVH,deformation=Localized,triangles=4352,vertices=2442,treeNodes=1247,maxTrisPerLeaf=10,moveSpeed=2.0000,moveDistance=3.0000
run,frame,cycleProgress,deformMs,updateMs,queryMs,totalMs,verticesChecked,nodesVisitedUpdate,dirtyNodes,nodesVisitedQuery,collidedVertices
1,0,0.0047,0.3752,0.8248,0.0129,1.2151,13056,1247,1247,1,0
1,1,0.0077,0.3812,0.3245,0.0080,0.7158,13056,624,0,1,0
1,2,0.0109,0.4465,0.3892,0.0110,0.8509,13056,624,0,1,0
1,3,0.0145,0.6152,0.3818,0.0205,1.0211,13056,624,0,1,0
1,4,0.0179,0.5909,0.3529,0.0231,0.9718,13056,627,6,1,0
1,5,0.0213,0.7501,0.3775,0.0166,1.1486,13056,646,44,1,0
1,6,0.0244,0.7747,0.5247,0.0128,1.3245,13056,650,52,1,0
1,7,0.0273,0.5914,0.3494,0.0079,0.9526,13056,635,22,1,0
1,8,0.0306,0.6125,0.3996,0.0170,1.0343,13056,642,36,1,0
1,9,0.0336,0.5434,0.3266,0.0097,0.8827,13056,636,24,1,0
1,10,0.0367,0.6037,0.4224,0.0220,1.0524,13056,636,24,1,0
1,11,0.0400,0.6269,0.4123,0.0165,1.0578,13056,640,32,1,0
1,12,0.0434,0.6548,0.4693,0.0132,1.1427,13056,641,34,1,0
1,13,0.0467,0.7030,0.4674,0.0241,1.1971,13056,643,38,1,0
1,14,0.0500,0.5984,0.3925,0.0159,1.0102,13056,638,27,1,0
1,15,0.0533,0.6625,0.3707,0.0182,1.0542,13056,630,12,1,0
1,16,0.0568,0.6004,0.4405,0.0144,1.0616,13056,634,20,1,0
1,17,0.0603,0.6540,0.3668,0.0190,1.0427,13056,633,17,1,0
1,18,0.0636,0.6328,0.3990,0.0194,1.0587,13056,629,10,1,0
1,19,0.0670,0.6150,0.3684,0.0216,1.0114,13056,631,14,1,0
1,20,0.0702,0.6273,0.4090,0.0183,1.0579,13056,634,20,1,0
1,21,0.0735,0.3666,0.3261,0.0077,0.7020,13056,634,20,1,0
1,22,0.0766,0.7173,0.4037,0.0157,1.1404,13056,640,32,1,0
1,23,0.0798,0.6299,0.3990,0.0130,1.0447,13056,641,34,1,0
1,24,0.0829,0.3604,0.3147,0.0076,0.6842,13056,632,16,1,0
1,25,0.0859,0.6525,0.3854,0.0135,1.0540,13056,643,36,1,0
1,26,0.0892,0.7006,0.3795,0.0206,1.1202,13056,641,34,1,0
1,27,0.0922,0.3712,0.3441,0.0076,0.7244,13056,640,31,1,0
1,28,0.0950,0.3571,0.4039,0.0134,0.7782,13056,635,22,1,0
1,29,0.0982,0.4816,0.3776,0.0104,0.8744,13056,645,42,1,0
1,30,0.1012,0.3670,0.3664,0.0126,0.7484,13056,644,40,1,0
1,31,0.1047,0.3981,0.3723,0.0098,0.7838,13056,645,42,1,0
1,32,0.1076,0.3707,0.3556,0.0075,0.7357,13056,642,36,1,0
1,33,0.1105,0.4932,0.3926,0.0159,0.9045,13056,640,32,1,0
1,34,0.1139,0.7804,0.3742,0.0104,1.1689,13056,644,39,1,0
1,35,0.1172,0.4602,0.3666,0.0103,0.8403,13056,642,36,1,0
1,36,0.1203,0.4576,0.3847,0.0102,0.8551,13056,642,36,1,0
1,37,0.1234,0.5382,0.4429,0.0143,0.9990,13056,649,47,1,0
1,38,0.1263,0.3957,0.3348,0.0099,0.7440,13056,638,28,1,0
1,39,0.1293,0.3713,0.3476,0.0077,0.7283,13056,642,36,1,0
1,40,0.1321,0.3710,0.4049,0.0157,0.7934,13056,635,22,1,0
1,41,0.1353,0.5776,0.4685,0.0152,1.0643,13056,638,28,1,0
1,42,0.1384,0.4702,0.3391,0.0082,0.8200,13056,639,30,1,0
1,43,0.1410,0.4083,0.3994,0.0215,0.8325,13056,637,26,1,0
1,44,0.1442,0.3794,0.4244,0.0116,0.8174,13056,640,31,1,0
1,45,0.1474,0.3666,0.3348,0.0075,0.7106,13056,631,14,1,0
1,46,0.1505,0.6657,0.4402,0.0179,1.1297,13056,637,26,1,0
1,47,0.1537,0.3856,0.3294,0.0079,0.7248,13056,630,11,1,0
1,48,0.1570,0.5354,0.3453,0.0159,0.8991,13056,636,24,1,0
1,49,0.1599,0.7067,0.4100,0.0176,1.1399,13056,628,8,1,0
1,50,0.1630,0.6545,0.4059,0.0138,1.0823,13056,630,12,1,0
1,51,0.1664,0.5939,0.3790,0.0361,1.0119,13056,630,11,1,0
1,52,0.1696,0.6875,0.3836,0.0111,1.0917,13056,633,17,1,0
1,53,0.1728,0.7601,0.3914,0.0243,1.1804,13056,635,22,1,0
1,54,0.1761,0.6360,0.4125,0.0122,1.0700,13056,632,16,1,0
1,55,0.1795,0.6158,0.4441,0.0119,1.0804,13056,637,26,1,0
1,56,0.1828,0.6405,0.3783,0.0163,1.0376,13056,644,39,1,0
1,57,0.1860,0.7745,0.3948,0.0198,1.1928,13056,641,33,1,0
1,58,0.1892,0.4137,0.4142,0.0103,0.8404,13056,637,26,1,0
1,59,0.1924,0.3880,0.3366,0.0158,0.7435,13056,635,22,1,0
1,60,0.1953,0.3727,0.3299,0.0073,0.7118,13056,639,29,1,0
1,61,0.1985,0.3713,0.3641,0.0081,0.7477,13056,640,31,1,0
1,62,0.2020,0.4370,0.3992,0.0093,0.8507,13056,653,57,1,0
1,63,0.2050,0.4973,0.3480,0.0080,0.8599,13056,646,42,1,0
1,64,0.2080,0.3776,0.4146,0.0112,0.8056,13056,647,45,1,0
1,65,0.2111,0.3753,0.3331,0.0078,0.7181,13056,642,36,1,0
1,66,0.2139,0.3644,0.3584,0.0074,0.7330,13056,640,32,1,0
1,67,0.2167,0.3710,0.3539,0.0077,0.7344,13056,647,45,1,0
1,68,0.2194,0.3660,0.3328,0.0119,0.7130,13056,638,28,1,0
1,69,0.2225,0.4027,0.4140,0.0098,0.8314,13056,650,49,1,0
1,70,0.2256,0.5121,0.3468,0.0093,0.8709,13056,643,38,1,0
1,71,0.2287,0.3639,0.3320,0.0094,0.7087,13056,644,40,1,0
1,72,0.2322,0.3609,0.3347,0.0076,0.7058,13056,641,32,1,0
1,73,0.2353,0.4016,0.4122,0.0158,0.8329,13056,637,26,1,0
1,74,0.2385,0.3917,0.3338,0.0092,0.7386,13056,641,34,1,0
1,75,0.2410,0.3639,0.3354,0.0076,0.7114,13056,639,30,1,0
1,76,0.2443,0.3684,0.3608,0.0099,0.7439,13056,646,42,1,0
1,77,0.2474,0.5078,0.6679,0.0234,1.2019,13056,632,16,1,0
1,78,0.2508,0.4355,0.3692,0.0078,0.8147,13056,642,35,1,0
1,79,0.2542,0.4928,0.4501,0.0168,0.9657,13056,633,18,1,0
1,80,0.2573,0.4037,0.3846,0.0123,0.8038,13056,633,18,1,0
1,81,0.2606,0.4148,0.3653,0.0111,0.7980,13056,635,22,1,0
1,82,0.2642,0.4865,0.4772,0.0136,0.9804,13056,634,20,1,0
1,83,0.2675,0.5042,0.4241,0.0154,0.9490,13056,629,10,1,0
1,84,0.2714,0.4773,0.4583,0.0108,0.9499,13056,631,14,1,0
1,85,0.2746,0.3694,0.3061,0.0083,0.6859,13056,629,10,1,0
1,86,0.2778,0.4017,0.3846,0.0094,0.7985,13056,627,6,1,0
1,87,0.2809,0.4314,0.4137,0.0163,0.8641,13056,632,16,1,0
1,88,0.2841,0.5093,0.4339,0.0099,0.9559,13056,629,10,1,0
1,89,0.2871,0.4387,0.3911,0.0098,0.8448,13056,637,26,1,0
1,90,0.2903,0.4108,0.3619,0.0074,0.7828,13056,633,18,1,0
1,91,0.2933,0.5098,0.4286,0.0112,0.9528,13056,641,32,1,0
1,92,0.2964,0.4064,0.3664,0.0096,0.7866,13056,635,21,1,0
1,93,0.2997,0.5687,0.4362,0.0092,1.0165,13056,630,11,1,0
1,94,0.3027,0.4149,0.3843,0.0095,0.8124,13056,638,27,1,0
1,95,0.3059,0.5175,0.4188,0.0103,0.9496,13056,647,45,1,0
1,96,0.3091,0.4152,0.4111,0.0075,0.8386,13056,645,42,1,0
1,97,0.3122,0.4286,0.3936,0.0097,0.8349,13056,651,53,1,0
1,98,0.3152,0.4250,0.3999,0.0104,0.8415,13056,638,28,1,0
1,99,0.3183,0.5209,0.4134,0.0112,0.9478,13056,639,30,1,0
1,100,0.3214,0.6019,0.3826,0.0101,0.9966,13056,638,27,1,0
1,101,0.3245,0.3878,0.3928,0.0189,0.8044,13056,639,29,1,0
1,102,0.3276,0.4129,0.3913,0.0071,0.8131,13056,645,41,1,0
1,103,0.3306,0.4075,0.4056,0.0107,0.8302,13056,653,58,1,0
1,104,0.3338,0.4115,0.3752,0.0086,0.7989,13056,643,38,1,0
1,105,0.3369,0.4766,0.4114,0.0089,0.9011,13056,642,33,1,0
1,106,0.3399,0.4163,0.3952,0.0079,0.8222,13056,635,22,1,0
1,107,0.3429,0.4325,0.4129,0.0117,0.8603,13056,643,38,1,0
1,108,0.3459,0.4378,0.3612,0.0097,0.8135,13056,633,18,1,0
1,109,0.3489,0.4117,0.3987,0.0075,0.8197,13056,637,26,1,0
1,110,0.3519,0.4053,0.3878,0.0094,0.8047,13056,634,20,1,0
1,111,0.3549,0.4167,0.3644,0.0089,0.7917,13056,635,22,1,0
1,112,0.3579,0.6134,0.5256,0.0107,1.1559,13056,639,30,1,0
1,113,0.3609,0.4051,0.3958,0.0101,0.8132,13056,635,22,1,0
1,114,0.3639,0.4116,0.3793,0.0081,0.8028,13056,636,24,1,0
1,115,0.3669,0.4107,0.3756,0.0094,0.7994,13056,629,9,1,0
1,116,0.3699,0.4146,0.3830,0.0100,0.8099,13056,629,10,1,0
1,117,0.3728,0.4366,0.3669,0.0103,0.8173,13056,629,10,1,0
1,118,0.3758,0.4236,0.3627,0.0179,0.8069,13056,628,8,1,0
1,119,0.3788,0.4060,0.3867,0.0076,0.8027,13056,630,12,1,0
1,120,0.3818,0.4747,0.3544,0.0094,0.8407,13056,629,10,1,0
1,121,0.3848,0.4660,0.3929,0.0082,0.8723,13056,638,27,1,0
1,122,0.3878,0.4091,0.3994,0.0099,0.8208,13056,636,24,1,0
1,123,0.3907,0.4776,0.4768,0.0126,0.9739,13056,639,30,1,0
1,124,0.3937,0.4197,0.3575,0.0088,0.7882,13056,637,26,1,0
1,125,0.3966,0.4619,0.4656,0.0113,0.9406,13056,637,26,1,0
1,126,0.3996,0.4034,0.7929,0.0217,1.2211,13056,637,26,1,0
1,127,0.4028,0.4172,0.3703,0.0090,0.7988,13056,637,24,1,0
1,128,0.4056,0.4182,0.3591,0.0196,0.7990,13056,638,28,1,0
1,129,0.4085,0.4422,0.4099,0.0126,0.8675,13056,649,49,1,0
1,130,0.4114,0.4087,0.3863,0.0080,0.8050,13056,645,41,1,0
1,131,0.4143,0.4237,0.3756,0.0144,0.8166,13056,635,21,1,0
1,132,0.4172,0.3975,0.4050,0.0092,0.8151,13056,637,26,1,0
1,133,0.4202,0.4883,0.4226,0.0227,0.9356,13056,651,51,1,0
1,134,0.4231,0.4091,0.3969,0.0113,0.8192,13056,642,35,1,0
1,135,0.4262,0.5801,0.4610,0.0106,1.0540,13056,647,45,1,0
1,136,0.4291,0.3943,0.3791,0.0094,0.7874,13056,640,32,1,0
1,137,0.4321,0.5075,0.4123,0.0097,0.9334,13056,645,42,1,0
1,138,0.4351,0.4493,0.3610,0.0075,0.8195,13056,634,20,1,0
1,139,0.4380,0.4868,0.4396,0.0094,0.9387,13056,636,24,1,0
1,140,0.4411,0.3964,0.3766,0.0106,0.7864,13056,638,28,1,0
1,141,0.4441,0.4142,0.3650,0.0103,0.7919,13056,649,45,1,0
1,142,0.4472,0.4057,0.3746,0.0076,0.7898,13056,642,36,1,0
1,143,0.4500,0.4155,0.3713,0.0160,0.8061,13056,640,31,1,0
1,144,0.4528,0.3731,0.3119,0.0075,0.6941,13056,630,12,1,0
1,145,0.4553,0.3767,0.3306,0.0195,0.7287,13056,637,25,1,0
1,146,0.4578,0.3856,0.3369,0.0076,0.7318,13056,637,26,1,0
1,147,0.4603,0.3735,0.3138,0.0078,0.6968,13056,634,20,1,0
1,148,0.4627,0.3665,0.3130,0.0072,0.6889,13056,630,12,1,0
1,149,0.4652,0.4092,0.3322,0.0103,0.7575,13056,634,20,1,0
1,150,0.4676,0.3695,0.3273,0.0071,0.7065,13056,633,18,1,0
1,151,0.4700,0.3627,0.3160,0.0071,0.6879,13056,630,12,1,0
1,152,0.4726,0.3900,0.3248,0.0072,0.7237,13056,630,12,1,0
1,153,0.4750,0.3608,0.3216,0.0169,0.7017,13056,630,12,1,0
1,154,0.4775,0.3933,0.3330,0.0091,0.7393,13056,628,8,1,0
1,155,0.4800,0.3627,0.3140,0.0076,0.6869,13056,630,12,1,0
1,156,0.4825,0.3670,0.3134,0.0078,0.6925,13056,626,4,1,0
1,157,0.4850,0.3701,0.3089,0.0078,0.6884,13056,626,4,1,0
1,158,0.4876,0.3723,0.3034,0.0082,0.6854,13056,625,2,1,0
1,159,0.4902,0.4406,0.3754,0.0087,0.8278,13056,628,8,1,0
1,160,0.4928,0.3969,0.3303,0.0094,0.7399,13056,635,22,1,0
1,161,0.4953,0.4533,0.3899,0.0113,0.8586,13056,636,24,1,0
1,162,0.4979,0.3795,0.3153,0.0088,0.7066,13056,629,10,1,0
1,163,0.5005,0.4531,0.3152,0.0097,0.7810,13056,636,23,1,0
1,164,0.5034,0.3724,0.3290,0.0150,0.7205,13056,630,12,1,0
1,165,0.5059,0.3855,0.3128,0.0086,0.7092,13056,632,16,1,0
1,166,0.5086,0.3653,0.3442,0.0079,0.7195,13056,636,23,1,0
1,167,0.5117,0.4577,0.3971,0.0185,0.8778,13056,638,28,1,0
1,168,0.5152,0.5478,0.3973,0.0402,0.9913,13056,643,36,1,0
1,169,0.5189,0.7501,0.4292,0.0215,1.2115,13056,647,46,1,0
1,170,0.5222,0.6098,0.4902,0.0208,1.1295,13056,641,33,1,0
1,171,0.5254,0.7454,0.4661,0.0331,1.2553,13056,649,50,1,0
1,172,0.5288,0.7534,0.4443,0.0133,1.2138,13056,637,26,1,0
1,173,0.5318,0.3705,0.3334,0.0081,0.7142,13056,644,39,1,0
1,174,0.5343,0.3954,0.3379,0.0093,0.7469,13056,638,27,1,0
1,175,0.5373,0.3979,0.3484,0.0096,0.7615,13056,643,38,1,0
1,176,0.5403,0.4710,0.4748,0.0205,0.9694,13056,643,38,1,0
1,177,0.5434,0.6320,0.4332,0.0193,1.0914,13056,637,25,1,0
1,178,0.5465,0.4907,0.4216,0.0227,0.9425,13056,643,34,1,0
1,179,0.5495,0.3962,0.3431,0.0096,0.7523,13056,641,34,1,0
1,180,0.5526,0.4389,0.3845,0.0092,0.8350,13056,641,34,1,0
1,181,0.5556,0.3670,0.3521,0.0168,0.7388,13056,640,32,1,0
1,182,0.5590,0.7262,0.3588,0.0277,1.1218,13056,630,12,1,0
1,183,0.5623,0.7217,0.5384,0.0148,1.2783,13056,640,32,1,0
1,184,0.5669,0.5368,0.3293,0.0073,0.8753,13056,637,26,1,0
1,185,0.5707,0.6014,0.4734,0.0293,1.1101,13056,635,22,1,0
1,186,0.5747,0.7592,0.4536,0.0103,1.2320,13056,639,30,1,0
1,187,0.5785,0.5027,0.3538,0.0072,0.8658,13056,640,31,1,0
1,188,0.5822,0.3604,0.3051,0.0070,0.6744,13056,628,8,1,0
1,189,0.5859,0.5031,0.4351,0.0101,0.9581,13056,625,2,1,0
1,190,0.5897,0.8402,0.3822,0.0070,1.2362,13056,630,12,1,0
1,191,0.5935,0.3560,0.3108,0.0071,0.6757,13056,632,15,1,0
1,192,0.5969,0.3688,0.3144,0.0071,0.6921,13056,639,30,1,0
1,193,0.5999,0.3845,0.3202,0.0078,0.7141,13056,637,26,1,0
1,194,0.6034,0.4915,0.3459,0.0072,0.8469,13056,640,32,1,0
1,195,0.6069,0.3699,0.3238,0.0071,0.7028,13056,635,21,1,0
1,196,0.6100,0.3786,0.3224,0.0214,0.7245,13056,642,35,23,6
1,197,0.6135,0.4732,0.3398,0.0428,0.8589,13056,638,26,29,18
1,198,0.6170,0.4505,0.3208,0.0479,0.8215,13056,640,32,31,30
1,199,0.6204,0.3731,0.3321,0.0658,0.7729,13056,647,44,51,43
1,200,0.6242,0.7024,0.4503,0.0892,1.2499,13056,645,40,55,64
1,201,0.6281,0.5230,0.5036,0.1433,1.1759,13056,650,52,73,85
1,202,0.6319,0.4739,0.3712,0.1495,0.9975,13056,650,51,95,111
1,203,0.6355,0.3793,0.3311,0.1606,0.8729,13056,648,47,107,137
1,204,0.6390,0.4799,0.5085,0.3046,1.2994,13056,642,36,121,167
1,205,0.6431,0.3556,0.3303,0.2671,0.9552,13056,643,37,139,202
1,206,0.6475,0.3649,0.3253,0.2682,0.9602,13056,647,46,149,246
1,207,0.6516,0.4403,0.3539,0.3188,1.1154,13056,645,42,203,288
1,208,0.6557,0.4035,0.3292,0.3751,1.1100,13056,651,49,231,337
1,209,0.6602,0.7801,0.5116,0.6474,1.9432,13056,642,35,255,394
1,210,0.6649,0.8166,0.3835,0.5537,1.7590,13056,644,39,283,456
1,211,0.6694,0.3766,0.3334,0.5575,1.2693,13056,648,47,307,518
1,212,0.6737,0.5116,0.3677,0.6857,1.5672,13056,635,22,371,585
1,213,0.6785,0.4793,0.3422,0.7620,1.5859,13056,636,24,429,664
1,214,0.6832,0.5172,0.5088,0.8680,1.9037,13056,635,22,457,741
1,215,0.6884,0.5287,0.3321,0.9225,1.7883,13056,633,17,505,833
1,216,0.6932,0.6162,0.3104,1.0710,1.9999,13056,630,12,543,919
1,217,0.6983,0.8091,0.3997,1.4892,2.7051,13056,629,10,629,997
1,218,0.7039,0.5723,0.5401,1.2557,2.3745,13056,641,34,671,1080
1,219,0.7094,0.4672,0.4443,1.3154,2.2331,13056,638,28,709,1151
1,220,0.7150,0.7075,0.4772,1.3927,2.5828,13056,644,39,757,1222
1,221,0.7204,0.5843,0.4321,1.4562,2.4779,13056,647,46,801,1288
1,222,0.7261,0.4170,0.5774,1.6124,2.6138,13056,655,61,835,1353
1,223,0.7322,0.8345,0.5419,1.9138,3.2988,13056,648,47,873,1412
1,224,0.7379,0.5920,0.4413,1.6533,2.6914,13056,662,73,885,1452
1,225,0.7436,0.3999,0.3981,1.7374,2.5390,13056,658,65,909,1477
1,226,0.7495,0.3830,0.4425,1.7555,2.5845,13056,659,70,919,1492
1,227,0.7554,0.5434,0.4419,1.9312,2.9204,13056,659,69,915,1491
1,228,0.7627,0.4462,0.4183,1.8395,2.7075,13056,655,60,899,1465
1,229,0.7683,0.4178,0.3972,1.7693,2.5865,13056,652,52,875,1427
1,230,0.7982,0.6798,0.5567,2.1841,3.4246,13056,704,146,663,1071
1,231,0.8033,0.5277,0.4239,1.8969,2.8535,13056,634,19,619,998
1,232,0.8082,0.5474,0.4505,1.2045,2.2053,13056,644,38,523,909
1,233,0.8129,0.5085,0.3488,1.6260,2.4863,13056,640,32,497,822
1,234,0.8173,0.5113,0.3512,0.9330,1.7991,13056,642,36,445,742
1,235,0.8215,0.6750,0.4197,0.8076,1.9050,13056,638,28,429,669
1,236,0.8259,0.6505,0.3951,0.7279,1.7772,13056,644,39,379,596
1,237,0.8301,0.5024,0.3830,0.6461,1.5336,13056,650,51,309,527
1,238,0.8343,0.7635,0.4494,0.6980,1.9172,13056,651,51,293,468
1,239,0.8384,0.6001,0.3939,0.5141,1.5103,13056,653,55,267,410
1,240,0.8418,0.3878,0.4892,0.4630,1.3424,13056,646,43,239,368
1,241,0.8451,0.4075,0.3764,0.4347,1.2205,13056,642,35,231,328
1,242,0.8485,0.4413,0.3795,0.3627,1.1862,13056,639,30,189,286
1,243,0.8519,0.4239,0.4032,0.3388,1.1686,13056,645,42,157,252
1,244,0.8551,0.4381,0.4042,0.3106,1.1579,13056,653,57,149,222
1,245,0.8582,0.4294,0.4077,0.2422,1.0818,13056,644,40,131,193
1,246,0.8612,0.4800,0.3929,0.2183,1.0936,13056,636,24,121,163
1,247,0.8643,0.4064,0.3938,0.1766,0.9800,13056,638,27,107,138
1,248,0.8673,0.4070,0.3831,0.1684,0.9651,13056,638,28,97,117
1,249,0.8704,0.4981,0.4545,0.1318,1.0868,13056,634,20,81,97
1,250,0.8736,0.4098,0.3958,0.1383,0.9466,13056,637,26,73,79
1,251,0.8767,0.5150,0.4765,0.0932,1.0878,13056,639,30,55,60
1,252,0.8797,0.5049,0.4091,0.0907,1.0069,13056,638,27,51,43
1,253,0.8828,0.4019,0.3662,0.0574,0.8299,13056,637,26,31,30
1,254,0.8859,0.4114,0.3858,0.0512,0.8502,13056,634,20,29,19
1,255,0.8889,0.5187,0.4320,0.0637,1.0180,13056,630,12,23,10
1,256,0.8918,0.4804,0.4122,0.0409,0.9358,13056,629,10,23,6
1,257,0.8947,0.4060,0.3773,0.0098,0.7949,13056,628,8,1,0
1,258,0.8977,0.3613,0.3441,0.0098,0.7170,13056,626,4,1,0
1,259,0.9008,0.4243,0.3685,0.0111,0.8058,13056,633,17,1,0
1,260,0.9037,0.4830,0.4161,0.0118,0.9137,13056,625,2,1,0
1,261,0.9067,0.4580,0.3552,0.0139,0.8287,13056,628,8,1,0
1,262,0.9096,0.3959,0.3667,0.0115,0.7774,13056,630,12,1,0
1,263,0.9124,0.3962,0.3728,0.0149,0.7872,13056,632,16,1,0
1,264,0.9153,0.3862,0.3710,0.0109,0.7703,13056,635,22,1,0
1,265,0.9183,0.4065,0.3553,0.0181,0.7821,13056,630,12,1,0
1,266,0.9212,0.3999,0.3572,0.0125,0.7781,13056,634,20,1,0
1,267,0.9241,0.3947,0.3724,0.0089,0.7785,13056,633,18,1,0
1,268,0.9271,0.6029,0.4905,0.0117,1.1080,13056,641,33,1,0
1,269,0.9301,0.3965,0.3747,0.0126,0.7884,13056,638,27,1,0
1,270,0.9332,0.4667,0.3807,0.0152,0.8646,13056,639,30,1,0
1,271,0.9361,0.4269,0.3758,0.0096,0.8157,13056,638,28,1,0
1,272,0.9389,0.4081,0.3907,0.0116,0.8132,13056,638,28,1,0
1,273,0.9419,0.4130,0.3584,0.0118,0.7849,13056,637,24,1,0
1,274,0.9448,0.4791,0.4374,0.0079,0.9267,13056,644,40,1,0
1,275,0.9477,0.3970,0.3980,0.0090,0.8058,13056,644,40,1,0
1,276,0.9505,0.4129,0.3529,0.0099,0.7790,13056,636,24,1,0
1,277,0.9535,0.4971,0.4557,0.0119,0.9677,13056,642,35,1,0
1,278,0.9565,0.4459,0.3782,0.0110,0.8374,13056,643,37,1,0
1,279,0.9594,0.4251,0.3834,0.0075,0.8177,13056,644,40,1,0
1,280,0.9623,0.3782,0.3929,0.0078,0.7809,13056,646,42,1,0
1,281,0.9653,0.3999,0.4187,0.0101,0.8319,13056,643,36,1,0
1,282,0.9683,0.3931,0.3796,0.0099,0.7859,13056,636,24,1,0
1,283,0.9710,0.4016,0.3397,0.0102,0.7553,13056,631,14,1,0
1,284,0.9737,0.3933,0.3853,0.0205,0.8042,13056,641,34,1,0
1,285,0.9767,0.4172,0.3609,0.0190,0.7999,13056,632,16,1,0
1,286,0.9796,0.4019,0.3801,0.0097,0.7963,13056,637,26,1,0
1,287,0.9826,0.3920,0.3823,0.0110,0.7901,13056,638,27,1,0
1,288,0.9855,0.4280,0.3666,0.0077,0.8045,13056,634,20,1,0
1,289,0.9884,0.4243,0.3729,0.0110,0.8133,13056,635,22,1,0
1,290,0.9912,0.3978,0.3269,0.0101,0.7370,13056,630,12,1,0
1,291,0.9940,0.3998,0.3727,0.0195,0.7938,13056,629,10,1,0
1,292,0.9969,0.3889,0.3678,0.0155,0.7740,13056,635,22,1,0
1,293,0.9999,0.4202,0.3625,0.0082,0.7945,13056,629,10,1,0
2,294,0.0038,0.4143,0.9073,0.0152,1.3387,13056,1247,1247,1,0
2,295,0.0070,0.4152,0.4225,0.0118,0.8522,13056,624,0,1,0
2,296,0.0101,0.4508,0.4326,0.0194,0.9050,13056,624,0,1,0
2,297,0.0132,0.3905,0.4291,0.0184,0.8428,13056,624,0,1,0
2,298,0.0161,0.4990,0.4882,0.0117,1.0018,13056,626,4,1,0
2,299,0.0192,0.4167,0.4583,0.0081,0.8853,13056,635,22,1,0
2,300,0.0222,0.3995,0.4691,0.0094,0.8805,13056,648,48,1,0
2,301,0.0251,0.3986,0.4637,0.0132,0.8783,13056,645,42,1,0
2,302,0.0280,0.3977,0.4526,0.0094,0.8639,13056,634,20,1,0
2,303,0.0310,0.4274,0.4492,0.0095,0.8976,13056,641,34,1,0
2,304,0.0340,0.4013,0.4909,0.0081,0.9050,13056,640,32,1,0
2,305,0.0370,0.4382,0.4418,0.0083,0.8930,13056,634,20,1,0
2,306,0.0400,0.4352,0.4575,0.0161,0.9118,13056,642,36,1,0
2,307,0.0430,0.4959,0.5378,0.0085,1.0470,13056,637,26,1,0
2,308,0.0460,0.4440,0.5399,0.0078,0.9939,13056,639,30,1,0
2,309,0.0490,0.4348,0.4506,0.0093,0.8978,13056,637,26,1,0
2,310,0.0520,0.4102,0.4648,0.0094,0.8894,13056,634,20,1,0
2,311,0.0550,0.5872,0.4906,0.0111,1.0914,13056,635,22,1,0
2,312,0.0580,0.3951,0.4405,0.0153,0.8546,13056,630,12,1,0
2,313,0.0610,0.4863,0.5169,0.0096,1.0162,13056,631,13,1,0
2,314,0.0641,0.4481,0.4291,0.0181,0.8990,13056,626,4,1,0
2,315,0.0672,0.5545,0.4948,0.0093,1.0607,13056,633,18,1,0
2,316,0.0702,0.4104,0.4410,0.0091,0.8638,13056,636,24,1,0
2,317,0.0730,0.3874,0.4393,0.0100,0.8425,13056,631,14,1,0
2,318,0.0760,0.4165,0.4656,0.0118,0.8974,13056,640,32,1,0
2,319,0.0789,0.5184,0.4563,0.0079,0.9847,13056,638,28,1,0
2,320,0.0819,0.4004,0.4688,0.0081,0.8842,13056,635,22,1,0
2,321,0.0849,0.3992,0.4575,0.0079,0.8668,13056,642,35,1,0
2,322,0.0879,0.4323,0.5174,0.0090,0.9612,13056,635,22,1,0
2,323,0.0908,0.4365,0.4807,0.0096,0.9288,13056,642,36,1,0
2,324,0.0937,0.3981,0.4570,0.0095,0.8675,13056,636,23,1,0
2,325,0.0966,0.5541,0.4921,0.0108,1.0611,13056,642,36,1,0
2,326,0.0995,0.4121,0.4743,0.0098,0.8999,13056,642,36,1,0
2,327,0.1025,0.3847,0.4586,0.0093,0.8547,13056,648,44,1,0
2,328,0.1054,0.5168,0.5366,0.0108,1.0666,13056,642,36,1,0
2,329,0.1084,0.4237,0.4343,0.0096,0.8714,13056,639,30,1,0
2,330,0.1113,0.4203,0.4519,0.0084,0.8834,13056,641,34,1,0
2,331,0.1142,0.4052,0.4867,0.0102,0.9048,13056,640,32,1,0
2,332,0.1172,0.4472,0.4647,0.0193,0.9332,13056,644,39,1,0
2,333,0.1201,0.4237,0.4683,0.0084,0.9028,13056,638,27,1,0
2,334,0.1231,0.3933,0.4629,0.0152,0.8764,13056,647,45,1,0
2,335,0.1260,0.3888,0.4793,0.0119,0.8860,13056,643,37,1,0
2,336,0.1290,0.4347,0.4643,0.0081,0.9095,13056,641,34,1,0
2,337,0.1319,0.4065,0.4589,0.0075,0.8762,13056,637,25,1,0
2,338,0.1350,0.4039,0.4608,0.0129,0.8826,13056,636,24,1,0
2,339,0.1379,0.4332,0.4288,0.0080,0.8724,13056,636,24,1,0
2,340,0.1407,0.3933,0.4249,0.0133,0.8344,13056,637,26,1,0
2,341,0.1436,0.4650,0.4293,0.0082,0.9047,13056,632,16,1,0
2,342,0.1466,0.4123,0.4700,0.0154,0.8998,13056,642,35,1,0
2,343,0.1495,0.3994,0.4654,0.0172,0.8880,13056,634,20,1,0
2,344,0.1524,0.4319,0.4537,0.0076,0.8954,13056,634,20,1,0
2,345,0.1555,0.3982,0.4133,0.0074,0.8246,13056,633,17,1,0
2,346,0.1584,0.4350,0.5324,0.0141,0.9853,13056,626,4,1,0
2,347,0.1613,0.4050,0.4492,0.0199,0.8773,13056,630,12,1,0
2,348,0.1643,0.4322,0.4246,0.0083,0.8703,13056,630,12,1,0
2,349,0.1672,0.4421,0.4281,0.0118,0.8849,13056,631,12,1,0
2,350,0.1701,0.4329,0.4153,0.0229,0.8735,13056,631,14,1,0
2,351,0.1730,0.4835,0.4935,0.0106,0.9903,13056,628,8,1,0
2,352,0.1756,0.3764,0.3976,0.0077,0.7853,13056,633,18,1,0
2,353,0.1781,0.3884,0.3907,0.0140,0.7964,13056,632,16,1,0
2,354,0.1807,0.4033,0.3860,0.0097,0.8021,13056,633,18,1,0
2,355,0.1833,0.4000,0.3939,0.0092,0.8060,13056,637,26,1,0
2,356,0.1858,0.3765,0.4025,0.0081,0.7891,13056,646,44,1,0
2,357,0.1884,0.4662,0.4562,0.0102,0.9373,13056,635,22,1,0
2,358,0.1909,0.3560,0.3831,0.0069,0.7476,13056,629,10,1,0
2,359,0.1935,0.4008,0.3984,0.0092,0.8118,13056,632,16,1,0
2,360,0.1961,0.4254,0.4410,0.0075,0.8757,13056,640,29,1,0
2,361,0.1986,0.3773,0.4047,0.0080,0.7952,13056,640,31,1,0
2,362,0.2010,0.3668,0.4022,0.0078,0.7783,13056,644,40,1,0
2,363,0.2035,0.3840,0.4150,0.0087,0.8096,13056,641,34,1,0
2,364,0.2059,0.3850,0.4163,0.0086,0.8118,13056,643,37,1,0
2,365,0.2084,0.3778,0.4136,0.0079,0.8014,13056,639,30,1,0
2,366,0.2108,0.3608,0.4161,0.0085,0.7878,13056,639,30,1,0
2,367,0.2133,0.3678,0.4045,0.0079,0.7819,13056,642,36,1,0
2,368,0.2158,0.3910,0.3929,0.0092,0.7962,13056,638,28,1,0
2,369,0.2183,0.3719,0.4015,0.0076,0.7831,13056,642,36,1,0
2,370,0.2209,0.3685,0.4210,0.0072,0.8011,13056,645,42,1,0
2,371,0.2234,0.3824,0.4005,0.0072,0.7924,13056,642,36,1,0
2,372,0.2259,0.3984,0.4139,0.0097,0.8273,13056,639,29,1,0
2,373,0.2283,0.4389,0.4595,0.0101,0.9112,13056,636,24,1,0
2,374,0.2309,0.3805,0.4102,0.0074,0.8018,13056,641,33,1,0
2,375,0.2334,0.3690,0.3983,0.0068,0.7785,13056,634,18,1,0
2,376,0.2359,0.3670,0.3960,0.0071,0.7716,13056,637,26,1,0
2,377,0.2383,0.3645,0.3907,0.0079,0.7669,13056,636,24,1,0
2,378,0.2407,0.3623,0.3913,0.0075,0.7627,13056,635,22,1,0
2,379,0.2434,0.3653,0.3945,0.0073,0.7717,13056,639,29,1,0
2,380,0.2461,0.3686,0.4163,0.0083,0.7950,13056,636,23,1,0
2,381,0.2489,0.4971,0.4198,0.0071,0.9260,13056,635,22,1,0
2,382,0.2519,0.7006,0.4299,0.0138,1.1468,13056,640,31,1,0
2,383,0.2550,0.3757,0.3802,0.0078,0.7654,13056,634,20,1,0
2,384,0.2579,0.3629,0.3841,0.0087,0.7582,13056,631,14,1,0
2,385,0.2605,0.3698,0.4099,0.0074,0.7890,13056,633,18,1,0
2,386,0.2635,0.4317,0.4751,0.0077,0.9171,13056,631,14,1,0
2,387,0.2663,0.3617,0.3753,0.0074,0.7484,13056,632,15,1,0
2,388,0.2690,0.3702,0.3913,0.0077,0.7710,13056,627,5,1,0
2,389,0.2719,0.4405,0.3975,0.0106,0.8507,13056,629,10,1,0
2,390,0.2747,0.3786,0.3823,0.0094,0.7723,13056,627,6,1,0
2,391,0.2773,0.3658,0.3842,0.0072,0.7596,13056,626,4,1,0
2,392,0.2801,0.3777,0.3986,0.0076,0.7887,13056,631,14,1,0
2,393,0.2828,0.4535,0.4734,0.0082,0.9380,13056,633,18,1,0
2,394,0.2856,0.4025,0.4081,0.0079,0.8230,13056,633,18,1,0
2,395,0.2884,0.4251,0.3980,0.0097,0.8385,13056,632,16,1,0
2,396,0.2914,0.7300,0.4280,0.0177,1.1788,13056,641,32,1,0
2,397,0.2944,0.6210,0.4244,0.0181,1.0659,13056,633,18,1,0
2,398,0.2977,0.6571,0.4294,0.0167,1.1056,13056,637,24,1,0
2,399,0.3010,0.4317,0.4486,0.0084,0.8907,13056,639,29,1,0
2,400,0.3042,0.5468,0.4158,0.0079,0.9743,13056,641,34,1,0
2,401,0.3071,0.3647,0.4126,0.0077,0.7892,13056,638,28,1,0
2,402,0.3102,0.4285,0.4400,0.0098,0.8807,13056,644,39,1,0
2,403,0.3131,0.4028,0.4258,0.0106,0.8425,13056,646,44,1,0
2,404,0.3159,0.3790,0.4034,0.0086,0.7948,13056,639,29,1,0
2,405,0.3187,0.3625,0.4373,0.0109,0.8132,13056,643,37,1,0
2,406,0.3219,0.7340,0.4523,0.0168,1.2067,13056,637,26,1,0
2,407,0.3252,0.6496,0.4388,0.0243,1.1203,13056,642,35,1,0
2,408,0.3286,0.6779,0.5230,0.0386,1.2432,13056,655,57,1,0
2,409,0.3319,0.7649,0.4457,0.0168,1.2298,13056,645,42,1,0
2,410,0.3352,0.4938,0.4846,0.0110,0.9923,13056,640,32,1,0
2,411,0.3391,0.4676,0.4604,0.0101,0.9409,13056,649,48,1,0
2,412,0.3430,0.5246,0.4800,0.0093,1.0169,13056,637,26,1,0
2,413,0.3474,0.3968,0.4756,0.0097,0.8843,13056,647,46,1,0
2,414,0.3506,0.5157,0.5028,0.0112,1.0339,13056,635,22,1,0
2,415,0.3543,0.4950,0.4656,0.0097,0.9726,13056,639,30,1,0
2,416,0.3576,0.4011,0.4796,0.0104,0.8935,13056,641,32,1,0
2,417,0.3606,0.3964,0.4205,0.0104,0.8358,13056,628,8,1,0
2,418,0.3638,0.4852,0.4806,0.0102,0.9783,13056,636,24,1,0
2,419,0.3670,0.4110,0.4242,0.0092,0.8468,13056,628,8,1,0
2,420,0.3701,0.4219,0.4127,0.0169,0.8543,13056,631,13,1,0
2,421,0.3731,0.3909,0.4644,0.0101,0.8680,13056,631,14,1,0
2,422,0.3761,0.4098,0.4179,0.0089,0.8389,13056,628,8,1,0
2,423,0.3792,0.4835,0.5012,0.0117,0.9992,13056,628,8,1,0
2,424,0.3825,0.4009,0.4410,0.0100,0.8539,13056,633,18,1,0
2,425,0.3854,0.4107,0.4409,0.0107,0.8662,13056,633,18,1,0
2,426,0.3883,0.5494,0.4936,0.0119,1.0574,13056,633,18,1,0
2,427,0.3913,0.4083,0.4751,0.0106,0.8984,13056,639,30,1,0
2,428,0.3944,0.5267,0.5306,0.0109,1.0771,13056,640,32,1,0
2,429,0.3975,0.4068,0.4538,0.0108,0.8734,13056,633,17,1,0
2,430,0.4003,0.4004,0.4621,0.0086,0.8733,13056,639,30,1,0
2,431,0.4033,0.4028,0.4376,0.0105,0.8562,13056,633,18,1,0
2,432,0.4063,0.4151,0.4573,0.0104,0.8862,13056,641,33,1,0
2,433,0.4094,0.4557,0.4689,0.0079,0.9344,13056,645,41,1,0
2,434,0.4124,0.4306,0.4598,0.0088,0.9039,13056,643,38,1,0
2,435,0.4154,0.4583,0.4582,0.0081,0.9275,13056,639,29,1,0
2,436,0.4185,0.4268,0.4574,0.0113,0.8990,13056,642,35,1,0
2,437,0.4215,0.4120,0.4906,0.0097,0.9141,13056,645,41,1,0
2,438,0.4245,0.4278,0.4687,0.0092,0.9085,13056,647,46,1,0
2,439,0.4276,0.4308,0.4704,0.0099,0.9140,13056,646,44,1,0
2,440,0.4306,0.4309,0.4366,0.0091,0.8809,13056,637,26,1,0
2,441,0.4336,0.3778,0.4526,0.0082,0.8407,13056,642,36,1,0
2,442,0.4368,0.4630,0.4493,0.0078,0.9220,13056,636,24,1,0
2,443,0.4398,0.4376,0.4350,0.0078,0.8822,13056,636,24,1,0
2,444,0.4428,0.4211,0.4865,0.0106,0.9208,13056,650,51,1,0
2,445,0.4458,0.4345,0.4508,0.0164,0.9046,13056,640,29,1,0
2,446,0.4488,0.4091,0.4432,0.0096,0.8639,13056,632,16,1,0
2,447,0.4518,0.4130,0.4579,0.0094,0.8848,13056,639,29,1,0
2,448,0.4547,0.4039,0.4498,0.0112,0.8679,13056,636,24,1,0
2,449,0.4577,0.3947,0.4570,0.0098,0.8641,13056,641,33,1,0
2,450,0.4606,0.3977,0.4388,0.0094,0.8540,13056,633,18,1,0
2,451,0.4638,0.4745,0.4745,0.0153,0.9663,13056,642,35,1,0
2,452,0.4668,0.4108,0.4506,0.0107,0.8751,13056,630,12,1,0
2,453,0.4698,0.3986,0.4411,0.0087,0.8505,13056,634,19,1,0
2,454,0.4728,0.4114,0.4598,0.0132,0.8883,13056,629,10,1,0
2,455,0.4758,0.4124,0.4018,0.0093,0.8264,13056,628,8,1,0
2,456,0.4787,0.4570,0.4104,0.0086,0.8779,13056,631,13,1,0
2,457,0.4818,0.4063,0.4386,0.0087,0.8557,13056,627,6,1,0
2,458,0.4848,0.4296,0.4275,0.0091,0.8702,13056,629,10,1,0
2,459,0.4878,0.4248,0.4440,0.0098,0.8814,13056,629,10,1,0
2,460,0.4907,0.4350,0.4592,0.0081,0.9046,13056,629,10,1,0
2,461,0.4937,0.4115,0.4511,0.0092,0.8779,13056,633,18,1,0
2,462,0.4966,0.4047,0.4405,0.0105,0.8578,13056,635,22,1,0
2,463,0.4997,0.4377,0.4266,0.0156,0.8816,13056,634,20,1,0
2,464,0.5026,0.3982,0.3992,0.0087,0.8080,13056,631,14,1,0
2,465,0.5057,0.4284,0.4434,0.0079,0.8819,13056,633,18,1,0
2,466,0.5086,0.4779,0.4370,0.0084,0.9256,13056,635,22,1,0
2,467,0.5115,0.4286,0.4704,0.0216,0.9227,13056,640,30,1,0
2,468,0.5145,0.4044,0.4550,0.0108,0.8749,13056,639,30,1,0
2,469,0.5175,0.4438,0.4716,0.0159,0.9338,13056,646,43,1,0
2,470,0.5206,0.4767,0.5316,0.0095,1.0204,13056,638,28,1,0
2,471,0.5237,0.4476,0.4685,0.0085,0.9266,13056,642,35,1,0
2,472,0.5266,0.4927,0.4759,0.0097,0.9802,13056,642,36,1,0
2,473,0.5296,0.4003,0.4143,0.0099,0.8272,13056,646,43,1,0
2,474,0.5326,0.4175,0.5107,0.0109,0.9424,13056,638,28,1,0
2,475,0.5355,0.3887,0.4356,0.0084,0.8348,13056,644,39,1,0
2,476,0.5384,0.3872,0.4447,0.0090,0.8438,13056,641,32,1,0
2,477,0.5413,0.4000,0.4365,0.0155,0.8545,13056,637,26,1,0
2,478,0.5442,0.4622,0.4666,0.0099,0.9405,13056,644,36,1,0
2,479,0.5469,0.4027,0.4165,0.0146,0.8371,13056,639,30,1,0
2,480,0.5494,0.3620,0.4009,0.0092,0.7740,13056,634,20,1,0
2,481,0.5519,0.3786,0.3908,0.0168,0.7906,13056,635,22,1,0
2,482,0.5543,0.3588,0.4086,0.0079,0.7772,13056,644,40,1,0
2,483,0.5569,0.4057,0.4057,0.0111,0.8259,13056,637,25,1,0
2,484,0.5594,0.3745,0.4035,0.0127,0.7926,13056,634,20,1,0
2,485,0.5618,0.3818,0.3961,0.0104,0.7934,13056,628,8,1,0
2,486,0.5643,0.3688,0.4189,0.0084,0.7987,13056,633,18,1,0
2,487,0.5668,0.3554,0.3959,0.0087,0.7625,13056,631,14,1,0
2,488,0.5692,0.3593,0.3989,0.0075,0.7677,13056,635,22,1,0
2,489,0.5718,0.3883,0.4006,0.0097,0.8005,13056,631,14,1,0
2,490,0.5742,0.4020,0.3976,0.0199,0.8227,13056,633,18,1,0
2,491,0.5767,0.3759,0.3787,0.0157,0.7723,13056,630,12,1,0
2,492,0.5792,0.3637,0.3870,0.0071,0.7596,13056,634,19,1,0
2,493,0.5816,0.3719,0.3881,0.0086,0.7702,13056,629,10,1,0
2,494,0.5841,0.3607,0.3997,0.0072,0.7694,13056,631,14,1,0
2,495,0.5865,0.4420,0.4508,0.0107,0.9097,13056,627,6,1,0
2,496,0.5890,0.3626,0.3893,0.0072,0.7607,13056,628,8,1,0
2,497,0.5914,0.4267,0.4449,0.0101,0.8871,13056,626,4,1,0
2,498,0.5940,0.3650,0.3916,0.0073,0.7656,13056,630,12,1,0
2,499,0.5965,0.3671,0.3878,0.0076,0.7641,13056,632,16,1,0
2,500,0.5991,0.3936,0.4125,0.0091,0.8195,13056,638,28,1,0
2,501,0.6016,0.3804,0.4014,0.0076,0.7925,13056,635,22,1,0
2,502,0.6041,0.3723,0.3899,0.0084,0.7728,13056,632,16,1,0
2,503,0.6066,0.3807,0.3949,0.0094,0.7871,13056,637,26,1,0
2,504,0.6091,0.3639,0.3961,0.0218,0.7851,13056,640,31,23,6
2,505,0.6119,0.3585,0.4106,0.0326,0.8034,13056,634,20,27,14
2,506,0.6147,0.3957,0.3810,0.0413,0.8212,13056,630,12,29,20
2,507,0.6178,0.6314,0.5161,0.0585,1.2091,13056,651,52,31,31
2,508,0.6211,0.6046,0.5003,0.1094,1.2189,13056,644,40,51,48
2,509,0.6244,0.5547,0.4799,0.0892,1.1290,13056,639,28,55,65
2,510,0.6277,0.4200,0.5097,0.1172,1.0509,13056,646,44,73,83
2,511,0.6309,0.5634,0.6520,0.1526,1.3707,13056,639,30,89,103
2,512,0.6342,0.3717,0.4354,0.1577,0.9671,13056,650,52,107,131
2,513,0.6372,0.4741,0.4085,0.1736,1.0585,13056,646,44,111,152
2,514,0.6402,0.4470,0.4029,0.1991,1.0516,13056,636,23,121,176
2,515,0.6433,0.3620,0.4294,0.2410,1.0343,13056,644,40,141,204
2,516,0.6465,0.3617,0.3887,0.2710,1.0250,13056,635,22,149,234
2,517,0.6495,0.3559,0.4108,0.2970,1.0656,13056,645,40,179,267
2,518,0.6525,0.3737,0.4304,0.3507,1.1606,13056,635,22,219,302
2,519,0.6554,0.3805,0.4140,0.3766,1.1730,13056,644,36,231,332
2,520,0.6584,0.3563,0.3969,0.4260,1.1812,13056,639,30,239,369
2,521,0.6616,0.3774,0.4227,0.4765,1.2805,13056,644,38,267,410
2,522,0.6649,0.7257,0.4285,0.5096,1.6691,13056,637,26,283,456
2,523,0.6682,0.5259,0.4194,0.5601,1.5099,13056,643,36,305,503
2,524,0.6716,0.5996,0.4114,0.6200,1.6349,13056,636,24,361,554
2,525,0.6749,0.3752,0.3908,0.6676,1.4371,13056,632,15,397,605
2,526,0.6783,0.5280,0.4702,0.7499,1.7521,13056,632,16,429,659
2,527,0.6819,0.3557,0.3730,0.8428,1.5739,13056,629,10,443,721
2,528,0.6855,0.3697,0.4180,0.8641,1.6543,13056,634,20,477,782
2,529,0.6894,0.4594,0.3996,0.9539,1.8159,13056,630,11,505,854
2,530,0.6934,0.4517,0.3940,1.0444,1.8928,13056,629,10,543,924
2,531,0.6975,0.3605,0.3702,1.0950,1.8274,13056,628,8,609,986
2,532,0.7011,0.4475,0.4045,1.1879,2.0420,13056,630,12,657,1041
2,533,0.7052,0.5849,0.4398,1.2691,2.2994,13056,638,28,679,1095
2,534,0.7096,0.5165,0.4432,1.2982,2.2614,13056,640,32,711,1152
2,535,0.7139,0.5749,0.4351,1.3943,2.4091,13056,634,20,739,1207
2,536,0.7183,0.5396,0.4350,1.4959,2.4743,13056,646,42,809,1263
2,537,0.7228,0.4258,0.4737,1.5419,2.4460,13056,643,36,831,1315
2,538,0.7275,0.4945,0.5146,1.5901,2.6021,13056,654,59,867,1366
2,539,0.7320,0.4005,0.4684,1.6715,2.5432,13056,644,39,875,1412
2,540,0.7367,0.6740,0.5161,1.6428,2.8400,13056,651,53,895,1446
2,541,0.7416,0.5262,0.4562,1.6560,2.6469,13056,648,47,889,1473
2,542,0.7463,0.4563,0.4487,1.7653,2.6731,13056,651,53,921,1487
2,543,0.7511,0.5290,0.4813,1.6979,2.7117,13056,653,57,921,1491
2,544,0.7557,0.5817,0.5061,1.7161,2.8074,13056,658,64,915,1490
2,545,0.7605,0.5208,0.4842,1.8343,2.8429,13056,650,52,903,1473
2,546,0.7654,0.3926,0.4626,1.7168,2.5758,13056,641,34,899,1451
2,547,0.7701,0.5206,0.4953,1.7799,2.7995,13056,644,40,877,1415
2,548,0.7749,0.6353,0.5067,1.8303,2.9763,13056,636,24,847,1369
2,549,0.7796,0.3917,0.4615,1.5662,2.4220,13056,636,24,803,1318
2,550,0.7845,0.4664,0.4265,1.5110,2.4060,13056,643,37,793,1263
2,551,0.7890,0.5421,0.4866,1.4614,2.4944,13056,636,23,719,1206
2,552,0.7937,0.5788,0.4202,1.4047,2.4073,13056,635,22,699,1141
2,553,0.7981,0.5058,0.4386,1.3276,2.2751,13056,631,14,665,1075
2,554,0.8026,0.4504,0.4233,1.1115,1.9878,13056,635,22,609,1008
2,555,0.8069,0.4519,0.4136,1.2716,2.1403,13056,638,28,543,937
2,556,0.8113,0.5329,0.4191,1.0362,1.9915,13056,640,32,505,855
2,557,0.8156,0.4451,0.4444,0.8630,1.7552,13056,643,36,467,774
2,558,0.8198,0.4835,0.4646,0.8183,1.7693,13056,644,40,431,697
2,559,0.8240,0.3661,0.4093,0.8049,1.5826,13056,640,32,409,627
2,560,0.8281,0.4793,0.4403,0.6921,1.6145,13056,644,39,361,560
2,561,0.8322,0.6691,0.5037,0.5671,1.7442,13056,647,45,297,498
2,562,0.8361,0.5502,0.5758,0.7517,1.8817,13056,646,43,273,445
2,563,0.8400,0.6100,0.5642,0.4778,1.6632,13056,659,68,255,392
2,564,0.8437,0.6910,0.5212,0.5823,1.7979,13056,640,32,235,344
2,565,0.8475,0.7402,0.4913,0.3675,1.6015,13056,647,46,219,302
2,566,0.8511,0.6555,0.4822,0.3084,1.4520,13056,640,32,165,260
2,567,0.8547,0.4827,0.5041,0.3536,1.3498,13056,652,54,149,226
2,568,0.8582,0.6203,0.5033,0.2291,1.3583,13056,642,36,131,191
2,569,0.8617,0.5843,0.5381,0.2024,1.3282,13056,638,28,119,159
2,570,0.8656,0.5577,0.4792,0.1990,1.2397,13056,643,37,107,131
2,571,0.8688,0.4375,0.4056,0.1785,1.0239,13056,640,32,95,107
2,572,0.8716,0.3687,0.4087,0.1095,0.8896,13056,646,39,73,86
2,573,0.8742,0.3841,0.3981,0.1013,0.8854,13056,634,20,57,72
2,574,0.8770,0.3728,0.3943,0.0806,0.8495,13056,635,22,55,57
2,575,0.8798,0.4508,0.4364,0.0917,0.9812,13056,638,28,51,43
2,576,0.8830,0.7030,0.4567,0.0581,1.2220,13056,636,23,31,30
2,577,0.8864,0.6231,0.4536,0.0551,1.1358,13056,631,14,29,18
2,578,0.8896,0.6837,0.4726,0.0445,1.2085,13056,633,18,23,8
2,579,0.8930,0.8164,0.5191,0.0457,1.3839,13056,630,12,1,0
2,580,0.8963,0.6460,0.4488,0.0201,1.1183,13056,628,8,1,0
2,581,0.8997,0.5143,0.5402,0.0151,1.0748,13056,631,13,1,0
2,582,0.9029,0.6361,0.4556,0.0200,1.1199,13056,630,12,1,0
2,583,0.9062,0.4399,0.4998,0.0110,0.9563,13056,631,14,1,0
2,584,0.9095,0.6439,0.4746,0.0116,1.1386,13056,631,14,1,0
2,585,0.9129,0.7772,0.5091,0.0233,1.3135,13056,634,20,1,0
2,586,0.9162,0.6795,0.4512,0.0147,1.1486,13056,639,30,1,0
2,587,0.9196,0.5581,0.7151,0.0318,1.3087,13056,635,22,1,0
2,588,0.9229,0.6600,0.4745,0.0182,1.1634,13056,632,15,1,0
2,589,0.9264,0.6316,0.4688,0.0191,1.1252,13056,637,25,1,0
2,590,0.9298,0.6366,0.4706,0.0112,1.1242,13056,636,24,1,0
2,591,0.9331,0.7065,0.4774,0.0179,1.2050,13056,643,38,1,0
2,592,0.9364,0.6066,0.4925,0.0168,1.1197,13056,644,40,1,0
2,593,0.9398,0.6927,0.4771,0.0172,1.1907,13056,645,41,1,0
2,594,0.9431,0.5849,0.4682,0.0269,1.0873,13056,638,28,1,0
2,595,0.9465,0.5639,0.4923,0.0119,1.0716,13056,643,38,1,0
2,596,0.9499,0.6572,0.4808,0.0226,1.1670,13056,642,36,1,0
2,597,0.9532,0.5837,0.4826,0.0175,1.0885,13056,647,46,1,0
2,598,0.9564,0.9021,0.5416,0.0181,1.4653,13056,651,53,1,0
2,599,0.9602,0.6298,0.5190,0.0206,1.1769,13056,644,39,1,0
2,600,0.9635,0.5371,0.4108,0.0083,0.9585,13056,637,26,1,0
2,601,0.9666,0.4366,0.5118,0.0120,0.9632,13056,639,30,1,0
2,602,0.9700,0.6114,0.5013,0.0216,1.1370,13056,638,28,1,0
2,603,0.9732,0.3638,0.4061,0.0090,0.7807,13056,645,42,1,0
2,604,0.9760,0.3933,0.4528,0.0091,0.8587,13056,634,20,1,0
2,605,0.9791,0.6761,0.5330,0.0207,1.2372,13056,635,22,1,0
2,606,0.9822,0.6714,0.4528,0.0138,1.1420,13056,635,22,1,0
2,607,0.9853,0.4005,0.4074,0.0108,0.8225,13056,635,22,1,0
2,608,0.9885,0.6352,0.6919,0.0144,1.3449,13056,631,14,1,0
2,609,0.9915,0.4040,0.4791,0.0161,0.9042,13056,636,24,1,0
2,610,0.9945,0.4571,0.4436,0.0091,0.9131,13056,632,16,1,0
2,611,0.9976,0.6710,0.5796,0.0234,1.2802,13056,630,12,1,0
3,612,0.0041,0.7149,0.9454,0.0409,1.7051,13056,1247,1247,1,0
3,613,0.0076,0.6239,0.3755,0.0174,1.0194,13056,624,0,1,0
3,614,0.0110,0.7564,0.5282,0.0184,1.3126,13056,624,0,1,0
3,615,0.0145,0.6525,0.3783,0.0114,1.0488,13056,625,2,1,0
3,616,0.0178,0.6067,0.3947,0.0256,1.0348,13056,626,4,1,0
3,617,0.0210,0.6045,0.4357,0.0275,1.0721,13056,647,46,1,0
3,618,0.0243,0.6954,0.4471,0.0229,1.1684,13056,653,58,1,0
3,619,0.0277,0.5353,0.4202,0.0381,0.9981,13056,635,22,1,0
3,620,0.0311,0.6699,0.3946,0.0200,1.0887,13056,640,32,1,0
3,621,0.0345,0.7460,0.5049,0.0199,1.2746,13056,643,38,1,0
3,622,0.0381,0.6628,0.4448,0.0236,1.1379,13056,634,20,1,0
3,623,0.0416,0.5870,0.3864,0.0146,0.9907,13056,643,38,1,0
3,624,0.0449,0.7149,0.3928,0.0171,1.1288,13056,650,52,1,0
3,625,0.0483,0.6326,0.3659,0.0173,1.0190,13056,633,18,1,0
3,626,0.0516,0.6444,0.3690,0.0205,1.0391,13056,636,24,1,0
3,627,0.0550,0.7574,0.4972,0.0423,1.3008,13056,634,20,1,0
3,628,0.0586,0.6082,0.3884,0.0102,1.0277,13056,632,16,1,0
3,629,0.0618,0.3680,0.3201,0.0079,0.6985,13056,633,17,1,0
3,630,0.0645,0.4003,0.3241,0.0080,0.7342,13056,625,2,1,0
3,631,0.0673,0.3917,0.3481,0.0130,0.7566,13056,632,16,1,0
3,632,0.0703,0.3812,0.3338,0.0075,0.7241,13056,634,20,1,0
3,633,0.0735,0.7703,0.4228,0.0160,1.2116,13056,633,18,1,0
3,634,0.0767,0.6189,0.3935,0.0136,1.0292,13056,640,32,1,0
3,635,0.0801,0.6922,0.4598,0.0394,1.1944,13056,642,36,1,0
3,636,0.0835,0.4822,0.4589,0.0106,0.9558,13056,636,23,1,0
3,637,0.0867,0.6582,0.4700,0.0224,1.1592,13056,639,29,1,0
3,638,0.0901,0.6659,0.3911,0.0228,1.0847,13056,644,39,1,0
3,639,0.0935,0.4919,0.4692,0.0106,0.9758,13056,637,26,1,0
3,640,0.0966,0.4123,0.3503,0.0088,0.7753,13056,641,34,1,0
3,641,0.0998,0.6411,0.4146,0.0091,1.0676,13056,649,50,1,0
3,642,0.1030,0.6549,0.4425,0.0110,1.1127,13056,644,37,1,0
3,643,0.1063,0.5767,0.4164,0.0111,1.0066,13056,647,46,1,0
3,644,0.1095,0.6766,0.3821,0.0194,1.0823,13056,637,26,1,0
3,645,0.1128,0.6230,0.3962,0.0133,1.0365,13056,643,38,1,0
3,646,0.1161,0.6435,0.5006,0.0126,1.1628,13056,640,31,1,0
3,647,0.1194,0.7456,0.4093,0.0264,1.1914,13056,651,53,1,0
3,648,0.1227,0.6676,0.4202,0.0221,1.1174,13056,644,39,1,0
3,649,0.1261,0.5665,0.4288,0.0111,1.0091,13056,647,46,1,0
3,650,0.1293,0.6728,0.4056,0.0183,1.1004,13056,631,14,1,0
3,651,0.1326,0.7104,0.4389,0.0151,1.1712,13056,645,41,1,0
3,652,0.1357,0.6610,0.4067,0.0220,1.0980,13056,636,24,1,0
3,653,0.1388,0.7850,0.3987,0.0181,1.2056,13056,639,30,1,0
3,654,0.1419,0.3736,0.3326,0.0080,0.7167,13056,635,22,1,0
3,655,0.1451,0.4482,0.3768,0.0198,0.8474,13056,636,24,1,0
3,656,0.1481,0.4516,0.3734,0.0182,0.8456,13056,634,20,1,0
3,657,0.1511,0.8313,0.4079,0.0185,1.2616,13056,634,20,1,0
3,658,0.1542,0.3626,0.3615,0.0111,0.7379,13056,637,25,1,0
3,659,0.1574,0.7055,0.4378,0.0163,1.1623,13056,628,8,1,0
3,660,0.1603,0.4300,0.3722,0.0092,0.8131,13056,630,12,1,0
3,661,0.1631,0.3635,0.3292,0.0078,0.7056,13056,632,16,1,0
3,662,0.1660,0.7598,0.3810,0.0247,1.1683,13056,630,12,1,0
3,663,0.1693,0.3785,0.3185,0.0075,0.7060,13056,629,9,1,0
3,664,0.1725,0.7825,0.3633,0.0275,1.1769,13056,631,13,1,0
3,665,0.1754,0.3883,0.3246,0.0072,0.7226,13056,631,14,1,0
3,666,0.1785,0.6826,0.4143,0.0123,1.1161,13056,637,26,1,0
3,667,0.1818,0.6751,0.3760,0.0145,1.0695,13056,643,37,1,0
3,668,0.1852,0.7974,0.4460,0.0169,1.2637,13056,642,35,1,0
3,669,0.1886,0.5743,0.3976,0.0166,0.9910,13056,639,30,1,0
3,670,0.1918,0.8936,0.4308,0.0160,1.3438,13056,636,24,1,0
3,671,0.1955,0.6487,0.4300,0.0145,1.0986,13056,640,32,1,0
3,672,0.1989,0.6633,0.4088,0.0114,1.0881,13056,645,42,1,0
3,673,0.2019,0.3954,0.4367,0.0265,0.8663,13056,644,40,1,0
3,674,0.2051,0.3694,0.3623,0.0160,0.7521,13056,647,43,1,0
3,675,0.2084,0.5296,0.4814,0.0121,1.0293,13056,651,52,1,0
3,676,0.2118,0.5903,0.4062,0.0217,1.0209,13056,648,46,1,0
3,677,0.2152,0.5595,0.3312,0.0144,0.9073,13056,643,38,1,0
3,678,0.2183,0.4175,0.3934,0.0124,0.8297,13056,645,42,1,0
3,679,0.2216,0.6886,0.4003,0.0178,1.1096,13056,647,46,1,0
3,680,0.2250,0.4091,0.4758,0.0129,0.9023,13056,646,43,1,0
3,681,0.2284,0.4661,0.5243,0.0115,1.0050,13056,649,50,1,0
3,682,0.2317,0.6977,0.4602,0.0207,1.1869,13056,641,32,1,0
3,683,0.2351,0.6550,0.3951,0.0143,1.0695,13056,640,30,1,0
3,684,0.2384,0.7694,0.3921,0.0192,1.1858,13056,634,20,1,0
3,685,0.2418,0.5716,0.3981,0.0197,0.9917,13056,636,24,1,0
3,686,0.2452,0.6322,0.3734,0.0202,1.0290,13056,643,36,1,0
3,687,0.2484,0.7224,0.3921,0.0162,1.1358,13056,640,32,1,0
3,688,0.2517,0.6248,0.4039,0.0115,1.0445,13056,644,39,1,0
3,689,0.2551,0.4315,0.3994,0.0156,0.8492,13056,637,26,1,0
3,690,0.2583,0.8557,0.5518,0.0151,1.4289,13056,633,18,1,0
3,691,0.2618,0.6772,0.3861,0.0115,1.0811,13056,631,14,1,0
3,692,0.2653,0.6247,0.3873,0.0140,1.0302,13056,633,18,1,0
3,693,0.2686,0.6998,0.3964,0.0155,1.1162,13056,628,7,1,0
3,694,0.2722,0.6886,0.3632,0.0189,1.0750,13056,630,11,1,0
3,695,0.2758,0.4520,0.4495,0.0115,0.9170,13056,630,12,1,0
3,696,0.2792,0.6347,0.3419,0.0212,1.0002,13056,629,10,1,0
3,697,0.2826,0.5543,0.3994,0.0465,1.0030,13056,632,16,1,0
3,698,0.2861,0.7371,0.4478,0.0179,1.2057,13056,635,22,1,0
3,699,0.2895,0.6394,0.3713,0.0138,1.0277,13056,637,26,1,0
3,700,0.2927,0.7647,0.4005,0.0248,1.1928,13056,637,23,1,0
3,701,0.2962,0.4310,0.3136,0.0092,0.7559,13056,635,21,1,0
3,702,0.2993,0.7001,0.4858,0.0227,1.2126,13056,636,22,1,0
3,703,0.3027,0.4811,0.4694,0.0108,0.9664,13056,640,32,1,0
3,704,0.3059,0.7302,0.4472,0.0177,1.1977,13056,645,41,1,0
3,705,0.3089,0.4574,0.4069,0.0092,0.8804,13056,639,30,1,0
3,706,0.3120,0.7900,0.4317,0.0166,1.2418,13056,650,51,1,0
3,707,0.3154,0.6520,0.3675,0.0206,1.0432,13056,645,42,1,0
3,708,0.3189,0.7606,0.4547,0.0149,1.2361,13056,640,32,1,0
3,709,0.3222,0.4574,0.3304,0.0157,0.8058,13056,640,31,1,0
3,710,0.3253,0.3766,0.3488,0.0137,0.7425,13056,643,37,1,0
3,711,0.3284,0.4478,0.4045,0.0083,0.8643,13056,646,44,1,0
3,712,0.3316,0.6639,0.4175,0.0203,1.1073,13056,646,40,1,0
3,713,0.3349,0.6283,0.4522,0.0110,1.1010,13056,644,40,1,0
3,714,0.3383,0.7751,0.4412,0.0148,1.2359,13056,643,37,1,0
3,715,0.3417,0.7548,0.3883,0.0149,1.1621,13056,643,37,1,0
3,716,0.3451,0.7047,0.4155,0.0125,1.1397,13056,640,32,1,0
3,717,0.3485,0.6421,0.4112,0.0129,1.0704,13056,639,30,1,0
3,718,0.3518,0.7514,0.3789,0.0113,1.1486,13056,635,22,1,0
3,719,0.3551,0.4567,0.4311,0.0227,0.9132,13056,635,22,1,0
3,720,0.3585,0.8135,0.4601,0.0219,1.3019,13056,637,26,1,0
3,721,0.3619,0.6084,0.3794,0.0205,1.0114,13056,639,29,1,0
3,722,0.3652,0.6358,0.3938,0.0108,1.0449,13056,631,13,1,0
3,723,0.3684,0.6410,0.3887,0.0111,1.0443,13056,632,16,1,0
3,724,0.3717,0.9476,0.3505,0.0379,1.3405,13056,632,16,1,0
3,725,0.3751,0.6146,0.3913,0.0215,1.0307,13056,629,10,1,0
3,726,0.3784,0.7949,0.5389,0.0274,1.3673,13056,630,12,1,0
3,727,0.3819,0.6287,0.3868,0.0179,1.0357,13056,632,16,1,0
3,728,0.3854,0.6275,0.3955,0.0132,1.0417,13056,638,28,1,0
3,729,0.3887,0.7970,0.4565,0.0212,1.2784,13056,635,22,1,0
3,730,0.3922,0.6598,0.4140,0.0115,1.0894,13056,640,32,1,0
3,731,0.3956,0.7659,0.3634,0.0167,1.1485,13056,638,28,1,0
3,732,0.3989,0.7676,0.4486,0.0165,1.2360,13056,634,20,1,0
3,733,0.4024,0.7769,0.5302,0.0410,1.3509,13056,643,38,1,0
3,734,0.4059,0.4191,0.4278,0.0119,0.8629,13056,642,35,1,0
3,735,0.4091,0.6322,0.3870,0.0161,1.0381,13056,649,50,1,0
3,736,0.4124,0.4815,0.5507,0.0191,1.0590,13056,641,33,1,0
3,737,0.4156,0.7430,0.3890,0.0174,1.1539,13056,644,38,1,0
3,738,0.4189,0.8015,0.4649,0.0203,1.2920,13056,639,30,1,0
3,739,0.4223,0.3998,0.4801,0.0116,0.9019,13056,649,49,1,0
3,740,0.4256,0.3556,0.3487,0.0088,0.7152,13056,650,52,1,0
3,741,0.4287,0.5989,0.4058,0.0111,1.0180,13056,643,38,1,0
3,742,0.4319,0.4130,0.4342,0.0216,0.8752,13056,638,27,1,0
3,743,0.4351,0.3630,0.3282,0.0083,0.7015,13056,645,41,1,0
3,744,0.4382,0.4830,0.6367,0.0252,1.1505,13056,635,22,1,0
3,745,0.4416,0.7620,0.4581,0.0151,1.2407,13056,644,39,1,0
3,746,0.4449,0.6469,0.4121,0.0232,1.0862,13056,637,26,1,0
3,747,0.4483,0.6477,0.4096,0.0138,1.0775,13056,642,32,1,0
3,748,0.4515,0.8457,0.4447,0.0170,1.3111,13056,636,24,1,0
3,749,0.4549,0.5437,0.4029,0.0174,0.9675,13056,643,36,1,0
3,750,0.4583,0.4477,0.4755,0.0182,0.9447,13056,642,36,1,0
3,751,0.4616,0.6782,0.4752,0.0190,1.1814,13056,633,17,1,0
3,752,0.4650,0.6606,0.3741,0.0231,1.0608,13056,634,20,1,0
3,753,0.4683,0.5075,0.3947,0.0122,0.9184,13056,635,21,1,0
3,754,0.4716,0.6192,0.3867,0.0228,1.0338,13056,632,16,1,0
3,755,0.4750,0.7350,0.3942,0.0167,1.1503,13056,632,15,1,0
3,756,0.4783,0.6452,0.3732,0.0245,1.0492,13056,628,7,1,0
3,757,0.4817,0.5679,0.3952,0.0116,0.9777,13056,632,15,1,0
3,758,0.4851,0.6550,0.3898,0.0176,1.0683,13056,630,12,1,0
3,759,0.4884,0.6222,0.4173,0.0142,1.0603,13056,626,4,1,0
3,760,0.4917,0.5478,0.4073,0.0103,0.9750,13056,629,10,1,0
3,761,0.4950,0.4848,0.4513,0.0114,0.9547,13056,638,28,1,0
3,762,0.4983,0.7072,0.3992,0.0242,1.1391,13056,632,16,1,0
3,763,0.5017,0.6768,0.4230,0.0183,1.1230,13056,636,24,1,0
3,764,0.5051,0.6731,0.3851,0.0238,1.0865,13056,633,18,1,0
3,765,0.5087,0.5511,0.3893,0.0337,0.9773,13056,642,36,1,0
3,766,0.5119,0.6519,0.3723,0.0214,1.0492,13056,634,19,1,0
3,767,0.5153,0.7041,0.3892,0.0134,1.1098,13056,643,38,1,0
3,768,0.5187,0.6094,0.3864,0.0222,1.0253,13056,643,37,1,0
3,769,0.5218,0.6477,0.3980,0.0202,1.0731,13056,638,27,1,0
3,770,0.5250,0.8899,0.4749,0.0140,1.3826,13056,648,46,1,0
3,771,0.5283,0.6444,0.4161,0.0218,1.0870,13056,649,50,1,0
3,772,0.5319,0.6369,0.4055,0.0189,1.0670,13056,639,29,1,0
3,773,0.5353,0.4837,0.3993,0.0100,0.8962,13056,645,42,1,0
3,774,0.5384,0.5027,0.4485,0.0158,0.9715,13056,647,46,1,0
3,775,0.5419,0.4458,0.4048,0.0297,0.8834,13056,646,43,1,0
3,776,0.5452,0.6032,0.3974,0.0171,1.0203,13056,639,30,1,0
3,777,0.5484,0.6287,0.3797,0.0210,1.0357,13056,639,30,1,0
3,778,0.5518,0.7108,0.4891,0.0142,1.2179,13056,638,28,1,0
3,779,0.5552,0.6868,0.5597,0.0426,1.2971,13056,641,34,1,0
3,780,0.5586,0.8330,0.5092,0.0162,1.3661,13056,637,26,1,0
3,781,0.5620,0.5418,0.3819,0.0114,0.9383,13056,634,20,1,0
3,782,0.5654,0.5993,0.3842,0.0189,1.0062,13056,638,28,1,0
3,783,0.5687,0.7994,0.4468,0.0137,1.2627,13056,635,22,1,0
3,784,0.5720,0.4980,0.5065,0.0184,1.0290,13056,635,22,1,0
3,785,0.5753,0.4161,0.4296,0.0148,0.8648,13056,630,12,1,0
3,786,0.5785,0.5522,0.4002,0.0254,0.9830,13056,637,25,1,0
3,787,0.5818,0.4066,0.3823,0.0234,0.8196,13056,634,20,1,0
3,788,0.5850,0.4753,0.4761,0.0217,0.9826,13056,628,8,1,0
3,789,0.5883,0.5291,0.4768,0.0137,1.0229,13056,627,6,1,0
3,790,0.5918,0.5872,0.4861,0.0197,1.1031,13056,630,12,1,0
3,791,0.5952,0.5328,0.3949,0.0184,0.9524,13056,635,22,1,0
3,792,0.5985,0.4793,0.4166,0.0150,0.9196,13056,637,26,1,0
3,793,0.6019,0.4225,0.4419,0.0143,0.8810,13056,642,36,1,0
3,794,0.6051,0.4952,0.4151,0.0121,0.9254,13056,636,24,1,0
3,795,0.6083,0.6085,0.4290,0.0428,1.0834,13056,636,24,23,6
3,796,0.6116,0.6332,0.3910,0.0553,1.0862,13056,635,21,27,12
3,797,0.6150,0.6265,0.4356,0.0743,1.1393,13056,641,33,29,22
3,798,0.6184,0.5955,0.4124,0.0700,1.0822,13056,643,38,47,36
3,799,0.6220,0.6759,0.4137,0.0917,1.1906,13056,647,45,51,51
3,800,0.6256,0.4986,0.5378,0.1472,1.1877,13056,642,34,55,69
3,801,0.6290,0.6803,0.5030,0.1349,1.3217,13056,646,44,73,93
3,802,0.6325,0.6532,0.4270,0.1817,1.2645,13056,648,46,97,115
3,803,0.6360,0.6133,0.4202,0.2103,1.2465,13056,646,44,107,140
3,804,0.6395,0.5957,0.3847,0.2282,1.2121,13056,646,43,121,171
3,805,0.6430,0.5833,0.3829,0.2731,1.2431,13056,645,40,139,201
3,806,0.6465,0.6421,0.3807,0.3039,1.3313,13056,640,32,149,234
3,807,0.6502,0.6368,0.4274,0.3416,1.4119,13056,644,39,185,274
3,808,0.6538,0.5591,0.3972,0.4026,1.3616,13056,638,27,231,314
3,809,0.6574,0.8007,0.4872,0.4354,1.7285,13056,649,49,239,358
3,810,0.6611,0.6765,0.3895,0.5059,1.5786,13056,633,18,267,406
3,811,0.6648,0.4439,0.4276,0.5070,1.3849,13056,644,40,281,454
3,812,0.6680,0.3687,0.3266,0.5621,1.2592,13056,639,28,297,501
3,813,0.6714,0.5874,0.4473,0.7368,1.7741,13056,635,22,359,551
3,814,0.6753,0.4466,0.4494,0.7464,1.6490,13056,635,22,403,612
3,815,0.6792,0.4842,0.3510,0.8076,1.6461,13056,634,20,429,674
3,816,0.6833,0.5062,0.3784,0.9519,1.8427,13056,631,14,461,744
3,817,0.6873,0.3657,0.3621,0.9575,1.6877,13056,632,16,497,813
3,818,0.6916,0.4037,0.3327,0.9726,1.7115,13056,631,12,515,889
3,819,0.6958,0.4492,0.3484,1.0734,1.8738,13056,630,12,551,957
3,820,0.7001,0.4931,0.3657,1.2075,2.0696,13056,629,10,645,1026
3,821,0.7044,0.5340,0.3731,1.4107,2.3218,13056,639,30,675,1085
3,822,0.7089,0.4131,0.3787,1.4555,2.2524,13056,635,22,707,1147
3,823,0.7135,0.4745,0.3728,1.4423,2.2925,13056,647,46,737,1202
3,824,0.7181,0.4014,0.3679,1.4304,2.2035,13056,638,28,793,1261
3,825,0.7229,0.5749,0.4204,1.9387,2.9375,13056,641,32,831,1316
3,826,0.7277,0.4271,0.4261,1.6020,2.4594,13056,649,50,863,1369
3,827,0.7323,0.5030,0.6133,1.6522,2.7718,13056,648,47,881,1411
3,828,0.7373,0.5018,0.3725,1.7787,2.6561,13056,660,67,907,1452
3,829,0.7422,0.5127,0.4177,1.8339,2.7701,13056,655,61,909,1475
3,830,0.7471,0.5102,0.4126,1.8531,2.7796,13056,649,49,917,1488
3,831,0.7520,0.6080,0.3995,1.8247,2.8379,13056,651,52,921,1493
3,832,0.7568,0.4443,0.3792,2.2481,3.0746,13056,654,59,913,1484
3,833,0.7622,0.5693,0.4150,2.1709,3.1606,13056,654,58,899,1467
3,834,0.7679,0.6367,0.5070,1.8614,3.0110,13056,643,37,871,1433
3,835,0.7734,0.5775,0.4603,1.9206,2.9633,13056,641,34,847,1386
3,836,0.7786,0.3966,0.4062,1.6386,2.4445,13056,642,36,819,1329
3,837,0.7836,0.6725,0.3884,1.6427,2.7066,13056,640,32,791,1276
3,838,0.7885,0.7253,0.4507,2.0769,3.2596,13056,626,4,721,1217
3,839,0.7933,0.5219,0.4151,1.5411,2.4815,13056,635,21,697,1146
3,840,0.7980,0.5387,0.4256,2.1805,3.1497,13056,633,18,665,1076
3,841,0.8034,0.4910,0.4343,1.2711,2.1994,13056,641,33,597,992
3,842,0.8079,0.4599,0.4278,1.7334,2.6237,13056,642,36,529,914
3,843,0.8124,0.3982,0.3514,1.1521,1.9042,13056,642,34,497,831
3,844,0.8165,0.5299,0.4667,0.9017,1.9014,13056,643,38,461,757
3,845,0.8203,0.3894,0.3694,0.8801,1.6410,13056,636,24,429,689
3,846,0.8240,0.4017,0.3559,0.7598,1.5195,13056,641,34,409,627
3,847,0.8276,0.4913,0.4627,0.9103,1.8689,13056,642,36,361,567
3,848,0.8311,0.4344,0.4114,0.6512,1.4991,13056,639,30,307,513
3,849,0.8347,0.4890,0.4213,0.5820,1.4945,13056,652,55,287,462
3,850,0.8382,0.4638,0.3866,0.5284,1.3810,13056,643,37,269,413
3,851,0.8417,0.4055,0.4192,0.4711,1.3024,13056,645,41,239,369
3,852,0.8450,0.4185,0.3925,0.4600,1.2775,13056,647,45,231,328
3,853,0.8483,0.4092,0.3745,0.3755,1.1636,13056,640,32,203,288
3,854,0.8516,0.4046,0.3976,0.3480,1.1538,13056,644,40,157,255
3,855,0.8548,0.3909,0.4021,0.3465,1.1439,13056,642,36,149,224
3,856,0.8581,0.4624,0.3934,0.2646,1.1232,13056,642,33,131,193
3,857,0.8613,0.3854,0.3400,0.2252,0.9523,13056,643,37,121,162
3,858,0.8644,0.4009,0.4105,0.1863,1.0014,13056,637,26,107,137
3,859,0.8676,0.4301,0.3701,0.1596,0.9634,13056,637,25,97,114
3,860,0.8707,0.4841,0.4251,0.1405,1.0518,13056,637,26,73,93
3,861,0.8738,0.4880,0.3973,0.1365,1.0242,13056,639,29,73,74
3,862,0.8768,0.4186,0.3936,0.1090,0.9230,13056,642,36,55,60
3,863,0.8798,0.4473,0.3725,0.0796,0.9018,13056,637,25,51,43
3,864,0.8828,0.4824,0.3656,0.0606,0.9107,13056,632,16,31,30
3,865,0.8858,0.3763,0.3638,0.0665,0.8083,13056,633,18,29,19
3,866,0.8888,0.6075,0.4658,0.0559,1.1330,13056,631,14,27,12
3,867,0.8918,0.4519,0.3426,0.0233,0.8197,13056,627,6,23,6
3,868,0.8947,0.4020,0.3541,0.0244,0.7838,13056,628,8,1,0
3,869,0.8976,0.4647,0.4330,0.0112,0.9111,13056,625,2,1,0
3,870,0.9005,0.4080,0.3594,0.0102,0.7808,13056,630,10,1,0
3,871,0.9034,0.4024,0.3420,0.0095,0.7572,13056,628,8,1,0
3,872,0.9063,0.4110,0.4036,0.0114,0.8281,13056,631,14,1,0
3,873,0.9093,0.5058,0.4512,0.0155,0.9758,13056,630,12,1,0
3,874,0.9122,0.4190,0.3798,0.0103,0.8112,13056,630,12,1,0
3,875,0.9153,0.4447,0.3810,0.0087,0.8369,13056,639,29,1,0
3,876,0.9182,0.4120,0.3903,0.0129,0.8197,13056,632,16,1,0
3,877,0.9212,0.3958,0.3652,0.0106,0.7743,13056,632,16,1,0
3,878,0.9241,0.4027,0.3688,0.0080,0.7845,13056,634,20,1,0
3,879,0.9270,0.4266,0.3777,0.0135,0.8198,13056,636,23,1,0
3,880,0.9300,0.4354,0.3877,0.0094,0.8353,13056,642,35,1,0
3,881,0.9330,0.4488,0.3601,0.0096,0.8207,13056,635,22,1,0
3,882,0.9359,0.4274,0.4042,0.0152,0.8491,13056,638,28,1,0
3,883,0.9388,0.4001,0.3842,0.0087,0.7967,13056,645,41,1,0
3,884,0.9418,0.4607,0.3958,0.0188,0.8778,13056,637,26,1,0
3,885,0.9448,0.4928,0.4788,0.0246,0.9999,13056,639,30,1,0
3,886,0.9479,0.4958,0.3940,0.0092,0.9028,13056,639,30,1,0
3,887,0.9509,0.4189,0.3850,0.0082,0.8152,13056,637,26,1,0
3,888,0.9540,0.3952,0.4042,0.0076,0.8091,13056,653,56,1,0
3,889,0.9568,0.4060,0.4030,0.0090,0.8200,13056,645,41,1,0
3,890,0.9597,0.3978,0.3815,0.0115,0.7957,13056,636,24,1,0
3,891,0.9628,0.4081,0.3734,0.0092,0.7960,13056,636,23,1,0
3,892,0.9656,0.4063,0.4172,0.0101,0.8429,13056,652,52,1,0
3,893,0.9685,0.4242,0.3906,0.0127,0.8303,13056,635,22,1,0
3,894,0.9714,0.4172,0.3578,0.0083,0.7862,13056,633,17,1,0
3,895,0.9743,0.4266,0.4914,0.0120,0.9343,13056,647,46,1,0
3,896,0.9770,0.3696,0.3411,0.0092,0.7216,13056,636,24,1,0
3,897,0.9795,0.3834,0.4363,0.0124,0.8343,13056,630,12,1,0
3,898,0.9820,0.3621,0.3312,0.0070,0.7039,13056,637,26,1,0
3,899,0.9845,0.4453,0.3775,0.0111,0.8379,13056,631,14,1,0
3,900,0.9871,0.3867,0.3289,0.0070,0.7244,13056,630,12,1,0
3,901,0.9896,0.3873,0.3331,0.0094,0.7314,13056,631,14,1,0
3,902,0.9921,0.3933,0.3177,0.0095,0.7259,13056,630,12,1,0
3,903,0.9946,0.4257,0.3289,0.0082,0.7646,13056,631,14,1,0
3,904,0.9970,0.3992,0.3207,0.0122,0.7361,13056,634,20,1,0
3,905,0.9996,0.3941,0.3224,0.0095,0.7300,13056,626,4,1,0
