# method=KineticBVH,deformation=Localized,triangles=3402,vertices=9582,treeNodes=983,maxTrisPerLeaf=10,moveSpeed=2.0000,moveDistance=3.0000
run,frame,cycleProgress,deformMs,updateMs,queryMs,totalMs,verticesChecked,nodesVisitedUpdate,dirtyNodes,nodesVisitedQuery,collidedVertices
1,0,0.0025,0.6498,1.7161,0.0091,2.3778,46385,492,479,1,0
1,1,0.0044,0.6227,1.9575,0.0181,2.6003,57388,492,429,1,0
1,2,0.0063,0.6253,1.9499,0.0087,2.5863,57019,492,433,1,0
1,3,0.0082,0.6109,1.9177,0.0124,2.5438,56651,492,433,1,0
1,4,0.0101,0.6150,1.9613,0.0269,2.6058,57018,492,431,1,0
1,5,0.0121,0.6384,1.9911,0.0213,2.6542,57400,492,428,1,0
1,6,0.0140,0.6159,1.9722,0.0139,2.6045,57215,492,428,1,0
1,7,0.0159,0.6296,1.9641,0.0113,2.6082,57328,492,432,1,0
1,8,0.0178,0.6557,2.0447,0.0240,2.7282,57542,492,436,1,0
1,9,0.0197,0.6014,1.9205,0.0132,2.5380,57282,492,436,1,0
1,10,0.0216,0.6290,1.9577,0.0092,2.5983,57312,492,436,1,0
1,11,0.0235,0.6288,1.9313,0.0090,2.5715,57286,492,443,1,0
1,12,0.0254,0.6282,1.9544,0.0139,2.5984,56877,492,443,1,0
1,13,0.0272,0.6223,1.9685,0.0162,2.6093,57340,492,443,1,0
1,14,0.0291,0.6381,1.9790,0.0170,2.6361,57094,492,443,1,0
1,15,0.0311,0.6213,1.9648,0.0067,2.5946,56035,492,443,1,0
1,16,0.0330,0.6479,1.9480,0.0108,2.6089,55991,492,443,1,0
1,17,0.0349,0.6408,1.9640,0.0215,2.6293,56340,492,446,1,0
1,18,0.0368,0.6062,1.9928,0.0118,2.6127,57182,492,446,1,0
1,19,0.0387,0.6625,1.9991,0.0237,2.6892,57434,492,445,1,0
1,20,0.0406,0.6286,1.9713,0.0178,2.6200,57646,492,448,1,0
1,21,0.0425,0.6077,1.9998,0.0180,2.6288,57321,492,448,1,0
1,22,0.0444,0.6313,1.9840,0.0197,2.6370,57347,492,448,1,0
1,23,0.0462,0.6246,1.9933,0.0170,2.6379,57948,492,448,1,0
1,24,0.0481,0.6223,1.9550,0.0094,2.5892,57771,492,448,1,0
1,25,0.0500,0.6267,2.0029,0.0159,2.6472,57281,492,449,1,0
1,26,0.0518,0.6172,1.9495,0.0144,2.5835,57576,492,449,1,0
1,27,0.0537,0.6553,1.9236,0.0101,2.5916,57247,492,449,1,0
1,28,0.0556,0.6103,1.8761,0.0075,2.4960,56615,492,449,1,0
1,29,0.0575,0.6288,2.0018,0.0133,2.6474,57175,492,449,1,0
1,30,0.0594,0.6217,1.9778,0.0127,2.6152,57239,492,449,1,0
1,31,0.0613,0.6522,1.9536,0.0167,2.6246,56875,492,449,1,0
1,32,0.0632,0.5991,1.9188,0.0165,2.5356,56773,492,449,1,0
1,33,0.0652,0.6136,1.9314,0.0119,2.5588,57018,492,449,1,0
1,34,0.0670,0.6139,1.9500,0.0105,2.5761,57213,492,449,1,0
1,35,0.0688,0.6115,1.9386,0.0124,2.5639,57410,492,440,1,0
1,36,0.0707,0.6268,1.9621,0.0068,2.5975,57387,492,441,1,0
1,37,0.0725,0.6046,1.9427,0.0148,2.5639,57663,492,440,1,0
1,38,0.0744,0.6131,2.1226,0.0095,2.7477,57308,492,440,1,0
1,39,0.0763,0.6173,1.9572,0.0149,2.5930,56858,492,440,1,0
1,40,0.0781,0.7232,2.0818,0.0131,2.8201,57398,492,440,1,0
1,41,0.0801,0.6242,2.0223,0.0104,2.6597,57901,492,440,1,0
1,42,0.0820,0.6410,1.4168,0.0087,2.0685,57969,492,440,1,0
1,43,0.0838,0.6229,1.3399,0.0150,1.9800,57446,492,437,1,0
1,44,0.0855,0.6247,1.3137,0.0100,1.9498,56983,492,437,1,0
1,45,0.0873,0.6186,1.4500,0.0087,2.0797,57325,492,435,1,0
1,46,0.0892,0.6081,1.9768,0.0143,2.6007,57854,492,435,1,0
1,47,0.0910,0.6183,1.8497,0.0074,2.4778,57050,492,430,1,0
1,48,0.0929,0.6548,1.3801,0.0151,2.0522,56869,492,422,1,0
1,49,0.0946,0.6311,1.4541,0.0063,2.0937,57656,492,414,1,0
1,50,0.0964,0.6508,1.4934,0.0071,2.1531,57545,492,390,1,0
1,51,0.0982,0.6196,1.3765,0.0066,2.0045,57711,492,400,1,0
1,52,0.1002,0.6319,1.3038,0.0076,1.9457,57830,492,400,1,0
1,53,0.1021,0.6121,1.9303,0.0120,2.5564,58123,492,405,1,0
1,54,0.1040,0.6307,1.7630,0.0068,2.4045,57899,492,414,1,0
1,55,0.1066,0.6344,1.8289,0.0089,2.4740,57355,492,422,1,0
1,56,0.1085,0.6025,1.3104,0.0074,1.9228,57542,492,429,1,0
1,57,0.1102,0.6722,1.3971,0.0099,2.0813,57108,492,433,1,0
1,58,0.1120,0.6423,1.3671,0.0159,2.0276,56449,492,433,1,0
1,59,0.1137,0.6079,1.2938,0.0058,1.9137,57300,492,434,1,0
1,60,0.1155,0.6110,1.5507,0.0060,2.1693,58240,492,430,1,0
1,61,0.1174,0.6315,1.4097,0.0122,2.0554,57694,492,428,1,0
1,62,0.1192,0.6352,1.4921,0.0130,2.1430,57686,492,429,1,0
1,63,0.1210,0.6238,1.8905,0.0066,2.5228,58083,492,432,1,0
1,64,0.1228,0.6464,1.4034,0.0097,2.0611,57483,492,436,1,0
1,65,0.1246,0.6258,1.5222,0.0064,2.1562,57145,492,436,1,0
1,66,0.1264,0.6235,1.3399,0.0171,1.9828,57293,492,436,1,0
1,67,0.1281,0.6397,1.4641,0.0070,2.1127,57536,492,443,1,0
1,68,0.1299,0.6298,1.6616,0.0067,2.3012,57174,492,443,1,0
1,69,0.1317,0.6166,1.5179,0.0108,2.1481,56959,492,443,1,0
1,70,0.1335,0.5961,0.9725,0.0057,1.5760,57359,492,443,1,0
1,71,0.1353,0.6151,1.3158,0.0158,1.9487,57514,492,443,1,0
1,72,0.1370,0.6286,1.3740,0.0134,2.0177,57563,492,443,1,0
1,73,0.1388,0.6190,1.8472,0.0076,2.4764,57653,492,446,1,0
1,74,0.1407,0.5931,1.5866,0.0064,2.1876,57887,492,446,1,0
1,75,0.1424,0.6248,1.3942,0.0075,2.0285,57484,492,444,1,0
1,76,0.1442,0.6268,1.3684,0.0136,2.0115,57016,492,445,1,0
1,77,0.1460,0.6253,1.3437,0.0069,1.9778,56916,492,448,1,0
1,78,0.1477,0.6696,1.8519,0.0069,2.5300,57356,492,448,1,0
1,79,0.1496,0.6141,1.3339,0.0059,1.9558,57380,492,448,1,0
1,80,0.1513,0.6318,2.0156,0.0161,2.6655,57759,492,448,1,0
1,81,0.1532,0.6065,1.9907,0.0073,2.6072,57671,492,448,1,0
1,82,0.1551,0.6302,1.9920,0.0068,2.6316,57724,492,449,1,0
1,83,0.1569,0.7482,2.0015,0.0166,2.7682,58048,492,449,1,0
1,84,0.1588,0.6323,1.9614,0.0075,2.6053,57650,492,449,1,0
1,85,0.1607,0.6337,1.9052,0.0066,2.5472,57431,492,449,1,0
1,86,0.1626,0.6259,1.9531,0.0073,2.5886,57252,492,449,1,0
1,87,0.1645,0.6238,1.8805,0.0060,2.5119,56922,492,449,1,0
1,88,0.1664,0.6195,1.9691,0.0169,2.6083,56707,492,449,1,0
1,89,0.1685,0.6062,1.9070,0.0071,2.5221,57516,492,449,1,0
1,90,0.1704,0.6194,1.9818,0.0069,2.6105,58036,492,449,1,0
1,91,0.1723,0.6114,1.9191,0.0077,2.5405,57711,492,449,1,0
1,92,0.1742,0.6371,1.9752,0.0072,2.6218,56951,492,440,1,0
1,93,0.1761,0.6251,1.9054,0.0069,2.5397,56427,492,441,1,0
1,94,0.1779,0.6114,1.9359,0.0071,2.5563,56787,492,440,1,0
1,95,0.1798,0.6233,1.9843,0.0077,2.6176,57069,492,440,1,0
1,96,0.1817,0.6187,1.9497,0.0068,2.5772,57310,492,440,1,0
1,97,0.1836,0.6205,1.9568,0.0071,2.5875,58136,492,440,1,0
1,98,0.1854,0.6253,1.9927,0.0071,2.6272,57752,492,440,1,0
1,99,0.1873,0.6287,2.0101,0.0067,2.6474,57407,492,440,1,0
1,100,0.1892,0.6331,1.9855,0.0070,2.6282,57247,492,437,1,0
1,101,0.1910,0.6223,2.0030,0.0074,2.6349,57680,492,437,1,0
1,102,0.1929,0.6047,1.9040,0.0066,2.5167,57547,492,435,1,0
1,103,0.1948,0.6178,1.9789,0.0077,2.6078,57505,492,430,1,0
1,104,0.1966,0.6401,1.9509,0.0067,2.5997,57529,492,428,1,0
1,105,0.1985,0.6223,1.9043,0.0075,2.5359,57096,492,414,1,0
1,106,0.2003,0.6429,1.9770,0.0075,2.6292,57272,492,400,1,0
1,107,0.2022,0.6351,2.0102,0.0075,2.6550,57299,492,400,1,0
1,108,0.2041,0.6453,1.9895,0.0075,2.6445,57361,492,400,1,0
1,109,0.2060,0.6297,1.9830,0.0074,2.6229,57879,492,400,1,0
1,110,0.2079,0.6327,1.9804,0.0076,2.6234,57788,492,409,1,0
1,111,0.2098,0.6262,2.0122,0.0068,2.6471,57617,492,419,1,0
1,112,0.2116,0.6318,1.9553,0.0080,2.5968,57665,492,422,1,0
1,113,0.2135,0.6190,1.9960,0.0070,2.6254,57591,492,429,1,0
1,114,0.2154,0.6431,1.9571,0.0072,2.6096,56931,492,433,1,0
1,115,0.2172,0.6205,1.9313,0.0074,2.5613,56802,492,433,1,0
1,116,0.2191,0.6317,1.8821,0.0086,2.5247,56874,492,434,1,0
1,117,0.2210,0.6201,1.9714,0.0080,2.6029,57241,492,430,1,0
1,118,0.2228,0.6498,1.9884,0.0074,2.6480,57423,492,428,1,0
1,119,0.2247,0.6338,1.9731,0.0073,2.6160,57291,492,429,1,0
1,120,0.2267,0.6264,1.9565,0.0085,2.5936,57454,492,434,1,0
1,121,0.2285,0.6230,1.9890,0.0099,2.6236,57288,492,436,1,0
1,122,0.2304,0.6421,1.9193,0.0067,2.5704,57216,492,436,1,0
1,123,0.2323,0.6170,1.8922,0.0072,2.5188,57391,492,443,1,0
1,124,0.2341,0.6132,1.8794,0.0074,2.5036,57395,492,443,1,0
1,125,0.2358,0.6232,1.9489,0.0070,2.5818,57092,492,443,1,0
1,126,0.2377,0.6123,2.0121,0.0070,2.6340,57001,492,443,1,0
1,127,0.2395,0.7158,1.9822,0.0169,2.7181,56883,492,443,1,0
1,128,0.2414,0.6159,1.9150,0.0093,2.5430,56091,492,443,1,0
1,129,0.2433,0.6257,1.9760,0.0125,2.6163,56146,492,446,1,0
1,130,0.2452,0.6489,1.9719,0.0140,2.6367,57026,492,446,1,0
1,131,0.2472,0.6090,1.9581,0.0232,2.5949,57238,492,444,1,0
1,132,0.2492,0.6186,1.9834,0.0090,2.6147,57505,492,445,1,0
1,133,0.2510,0.6324,1.9749,0.0195,2.6292,57305,492,448,1,0
1,134,0.2529,0.6217,1.9672,0.0091,2.6005,57500,492,448,1,0
1,135,0.2548,0.6411,2.0042,0.0185,2.6664,57936,492,448,1,0
1,136,0.2567,0.6330,1.9678,0.0105,2.6133,57705,492,448,1,0
1,137,0.2586,0.6304,1.9917,0.0082,2.6331,57489,492,448,1,0
1,138,0.2606,0.6173,1.9348,0.0070,2.5610,57434,492,449,1,0
1,139,0.2625,0.6158,2.0095,0.0159,2.6444,57498,492,449,1,0
1,140,0.2644,0.6346,1.9327,0.0086,2.5789,57064,492,449,1,0
1,141,0.2663,0.6205,1.9403,0.0112,2.5756,57031,492,449,1,0
1,142,0.2683,0.6779,1.9916,0.0210,2.6954,57107,492,449,1,0
1,143,0.2706,0.6385,1.9548,0.0092,2.6056,56614,492,449,1,0
1,144,0.2725,0.6301,1.9824,0.0085,2.6231,56773,492,449,1,0
1,145,0.2744,0.6422,1.9627,0.0070,2.6142,57018,492,449,1,0
1,146,0.2763,0.6391,1.9507,0.0066,2.5990,57194,492,449,1,0
1,147,0.2782,0.6053,2.3349,0.0158,2.9588,57410,492,440,1,0
1,148,0.2801,0.6309,2.0016,0.0078,2.6429,57387,492,441,1,0
1,149,0.2820,0.6173,2.2193,0.0138,2.8525,57562,492,440,1,0
1,150,0.2839,0.6261,1.9571,0.0079,2.5931,57308,492,440,1,0
1,151,0.2858,0.6029,1.9840,0.0083,2.5973,56858,492,440,1,0
1,152,0.2876,0.6364,2.0092,0.0072,2.6552,57398,492,440,1,0
1,153,0.2896,0.6173,2.1474,0.0125,2.7791,57901,492,440,1,0
1,154,0.2914,0.6207,1.9622,0.0068,2.5920,57961,492,440,1,0
1,155,0.2933,0.6242,2.0023,0.0070,2.6358,57457,492,437,1,0
1,156,0.2952,0.6994,1.3226,0.0122,2.0364,56959,492,437,1,0
1,157,0.2970,0.6250,1.9575,0.0144,2.5998,57457,492,435,1,0
1,158,0.2990,0.6556,1.9764,0.0082,2.6428,57901,492,435,1,0
1,159,0.3009,0.6231,1.9463,0.0077,2.5792,57050,492,430,1,0
1,160,0.3028,0.6327,1.9559,0.0075,2.5986,56874,492,421,1,0
1,161,0.3047,0.6430,1.8772,0.0067,2.5290,57656,492,400,1,0
1,162,0.3065,0.6436,1.9946,0.0085,2.6487,57501,492,396,1,0
1,163,0.3084,0.6227,1.9305,0.0077,2.5643,57600,492,400,1,0
1,164,0.3103,0.6383,1.9285,0.0079,2.5768,58017,492,400,1,0
1,165,0.3122,0.6158,1.9664,0.0072,2.5932,58125,492,405,1,0
1,166,0.3140,0.6508,1.9547,0.0081,2.6160,57899,492,419,1,0
1,167,0.3159,0.6360,1.9526,0.0074,2.5982,57587,492,422,1,0
1,168,0.3178,0.6208,1.9812,0.0071,2.6109,57542,492,432,1,0
1,169,0.3197,0.6250,1.9113,0.0080,2.5523,57060,492,433,1,0
1,170,0.3215,0.6325,1.9392,0.0075,2.5820,56471,492,433,1,0
1,171,0.3235,0.5961,1.8540,0.0071,2.4588,57300,492,434,1,0
1,172,0.3254,0.6248,1.8884,0.0063,2.5212,57975,492,430,1,0
1,173,0.3272,0.6149,1.9139,0.0075,2.5385,57551,492,428,1,0
1,174,0.3291,0.6314,1.9567,0.0074,2.5987,57753,492,429,1,0
1,175,0.3310,0.6501,1.9708,0.0073,2.6299,57642,492,431,1,0
1,176,0.3329,0.6208,1.9468,0.0082,2.5786,57315,492,436,1,0
1,177,0.3347,0.6216,1.9661,0.0080,2.5990,57106,492,436,1,0
1,178,0.3366,0.6403,1.9798,0.0077,2.6300,57412,492,443,1,0
1,179,0.3385,0.6352,1.9967,0.0069,2.6406,57280,492,443,1,0
1,180,0.3404,0.6365,1.9638,0.0081,2.6108,57086,492,443,1,0
1,181,0.3424,0.6439,1.9951,0.0073,2.6486,57417,492,443,1,0
1,182,0.3442,0.6354,1.9503,0.0077,2.5953,57328,492,443,1,0
1,183,0.3461,0.6292,1.9693,0.0072,2.6078,57425,492,443,1,0
1,184,0.3480,0.6788,2.1388,0.0146,2.8358,57653,492,446,1,0
1,185,0.3502,0.6074,1.9753,0.0222,2.6077,57573,492,446,1,0
1,186,0.3521,0.6058,1.9353,0.0206,2.5639,57294,492,445,1,0
1,187,0.3540,0.6503,1.9780,0.0160,2.6468,56933,492,445,1,0
1,188,0.3560,0.6489,1.9539,0.0084,2.6136,57214,492,448,1,0
1,189,0.3580,0.6314,1.9958,0.0098,2.6389,57242,492,448,1,0
1,190,0.3599,0.6291,2.0549,0.0096,2.6961,57506,492,448,1,0
1,191,0.3618,0.6348,1.9807,0.0132,2.6314,57612,492,448,1,0
1,192,0.3638,0.6160,1.9870,0.0079,2.6143,57656,492,448,1,0
1,193,0.3657,0.6201,1.9975,0.0099,2.6301,57983,492,449,1,0
1,194,0.3676,0.6150,1.9998,0.0137,2.6318,57874,492,449,1,0
1,195,0.3695,0.6176,2.2320,0.0159,2.8678,57591,492,449,1,0
1,196,0.3714,0.6292,1.9867,0.0192,2.6393,57436,492,449,1,0
1,197,0.3733,0.6292,1.9847,0.0078,2.6241,57065,492,449,1,0
1,198,0.3752,0.6226,2.0396,0.0148,2.6803,56508,492,449,1,0
1,199,0.3771,0.6210,1.9800,0.0098,2.6127,57197,492,449,1,0
1,200,0.3790,0.6190,2.0060,0.0081,2.6357,57948,492,449,1,0
1,201,0.3810,0.6176,1.9903,0.0149,2.6271,57825,492,449,1,0
1,202,0.3830,0.6129,1.9273,0.0078,2.5517,57291,492,440,1,0
1,203,0.3848,0.6153,1.9478,0.0071,2.5731,56689,492,441,1,0
1,204,0.3867,0.6178,1.9422,0.0141,2.5759,56610,492,440,1,0
1,205,0.3886,0.7413,1.9732,0.0160,2.7336,56808,492,440,1,0
1,206,0.3906,0.6279,1.9951,0.0139,2.6390,57287,492,440,1,0
1,207,0.3926,0.7351,1.9710,0.0172,2.7252,57911,492,440,1,0
1,208,0.3945,0.6229,2.0103,0.0132,2.6487,57878,492,440,1,0
1,209,0.3965,0.6280,1.9989,0.0145,2.6439,57334,492,440,1,0
1,210,0.3984,0.6328,1.9227,0.0140,2.5722,57041,492,437,1,0
1,211,0.4004,0.6347,1.9908,0.0087,2.6368,57680,492,437,1,0
1,212,0.4024,0.6036,2.0132,0.0097,2.6283,57547,492,435,1,0
1,213,0.4043,0.6211,1.9949,0.0180,2.6365,57505,492,430,1,0
1,214,0.4062,0.6287,2.0244,0.0115,2.6665,57529,492,428,1,0
1,215,0.4082,0.6233,1.9401,0.0165,2.5823,57067,492,414,1,0
1,216,0.4101,0.6343,1.9845,0.0200,2.6407,57291,492,390,1,0
1,217,0.4119,0.6327,2.0131,0.0117,2.6592,57342,492,400,1,0
1,218,0.4138,0.6357,1.9757,0.0091,2.6223,57410,492,400,1,0
1,219,0.4159,0.6206,2.1292,0.0196,2.7712,57745,492,400,1,0
1,220,0.4178,0.6372,1.9556,0.0092,2.6040,57974,492,414,1,0
1,221,0.4198,0.6175,2.0108,0.0103,2.6417,57691,492,419,1,0
1,222,0.4218,0.6300,1.9862,0.0093,2.6280,57443,492,425,1,0
1,223,0.4238,0.6199,1.9381,0.0076,2.5697,57211,492,433,1,0
1,224,0.4257,0.6170,1.9739,0.0086,2.6022,57020,492,433,1,0
1,225,0.4277,0.6116,1.9987,0.0131,2.6261,56804,492,433,1,0
1,226,0.4296,0.6439,1.9402,0.0111,2.5987,56911,492,430,1,0
1,227,0.4326,0.6149,2.2559,0.0073,2.8807,56811,492,428,1,0
1,228,0.4355,0.5881,2.0545,0.0066,2.6511,56908,492,432,1,0
1,229,0.4380,0.6203,1.9909,0.0071,2.6199,57128,492,436,1,0
1,230,0.4404,0.6795,2.1373,0.0079,2.8269,57141,492,436,1,0
1,231,0.4430,0.6474,2.0838,0.0077,2.7415,56917,492,443,1,0
1,232,0.4455,0.6467,2.1298,0.0077,2.7872,56725,492,443,1,0
1,233,0.4483,0.6021,1.7640,0.0061,2.3739,56538,492,443,1,0
1,234,0.4508,0.5881,1.1039,0.0069,1.7008,55759,492,443,1,0
1,235,0.4532,0.7191,3.0555,0.0074,3.7839,55959,492,446,1,0
1,236,0.4565,0.5746,2.8440,0.0079,3.4281,56695,492,445,1,0
1,237,0.4594,0.5780,2.7658,0.0070,3.3529,56876,492,445,1,0
1,238,0.4623,0.6117,2.4898,0.0072,3.1484,57038,492,448,1,0
1,239,0.4658,0.5845,2.5537,0.0069,3.1472,57339,492,448,1,0
1,240,0.4689,0.6051,2.6165,0.0073,3.2308,57219,492,448,1,0
1,241,0.4722,0.5813,1.7086,0.0070,2.2990,56479,492,449,1,0
1,242,0.4749,0.5925,1.7053,0.0081,2.3078,56540,492,449,1,0
1,243,0.4777,0.6486,2.5041,0.0077,3.1626,56221,492,449,1,0
1,244,0.4805,0.6128,2.4928,0.0065,3.1137,55915,492,449,1,0
1,245,0.4832,0.5851,2.5332,0.0072,3.1269,56528,492,449,1,0
1,246,0.4860,0.5851,2.5158,0.0064,3.1092,56805,492,449,1,0
1,247,0.4892,0.5765,2.2499,0.0068,2.8346,56834,492,440,1,0
1,248,0.4923,0.6020,2.2343,0.0065,2.8444,56902,492,440,1,0
1,249,0.5053,0.6918,1.4666,0.0079,2.1690,53651,492,440,1,0
1,250,0.5074,0.7011,1.6980,0.0145,2.4168,57616,492,435,1,0
1,251,0.5096,0.7301,1.8744,0.0201,2.6270,56948,492,430,1,0
1,252,0.5118,0.7361,1.6244,0.0086,2.3717,56841,492,423,1,0
1,253,0.5140,0.7193,1.6832,0.0086,2.4137,57656,492,400,1,0
1,254,0.5162,0.7398,1.6659,0.0075,2.4158,57501,492,396,1,0
1,255,0.5184,0.7097,1.5685,0.0068,2.2881,57738,492,400,1,0
1,256,0.5205,0.7146,1.8199,0.0158,2.5544,58017,492,400,1,0
1,257,0.5228,0.7830,1.7293,0.0128,2.5270,57899,492,414,1,0
1,258,0.5250,0.7616,1.7108,0.0169,2.4919,57577,492,419,1,0
1,259,0.5272,0.7473,1.7895,0.0191,2.5581,57363,492,425,1,0
1,260,0.5294,0.7473,1.7057,0.0099,2.4651,56822,492,433,1,0
1,261,0.5313,0.6269,1.5202,0.0066,2.1555,56471,492,433,1,0
1,262,0.5331,0.6391,1.4375,0.0062,2.0852,57440,492,434,1,0
1,263,0.5349,0.6910,1.8390,0.0255,2.5581,57975,492,430,1,0
1,264,0.5367,0.6297,1.2869,0.0161,1.9341,57551,492,428,1,0
1,265,0.5384,0.6444,1.4953,0.0069,2.1484,57753,492,429,1,0
1,266,0.5402,0.6351,1.5197,0.0068,2.1637,57923,492,431,1,0
1,267,0.5420,0.6360,1.4400,0.0067,2.0853,57404,492,436,1,0
1,268,0.5438,0.6231,1.8347,0.0123,2.4724,56850,492,436,1,0
1,269,0.5456,0.6245,1.4332,0.0070,2.0667,57364,492,437,1,0
1,270,0.5474,0.6186,1.4738,0.0064,2.1009,57784,492,443,1,0
1,271,0.5493,0.6450,1.5318,0.0075,2.1864,57104,492,443,1,0
1,272,0.5512,0.6361,1.3829,0.0065,2.0286,57067,492,443,1,0
1,273,0.5530,0.6352,1.4112,0.0073,2.0565,57430,492,443,1,0
1,274,0.5549,0.6475,1.5576,0.0068,2.2153,57477,492,443,1,0
1,275,0.5567,0.6404,1.4712,0.0075,2.1212,57456,492,443,1,0
1,276,0.5586,0.6385,1.5227,0.0076,2.1712,57745,492,446,1,0
1,277,0.5606,0.6291,1.0695,0.0063,1.7074,57613,492,445,1,0
1,278,0.5624,0.6165,1.5615,0.0076,2.1878,57016,492,445,1,0
1,279,0.5642,0.6211,1.4316,0.0061,2.0610,56875,492,448,1,0
1,280,0.5660,0.6201,1.5575,0.0066,2.1866,57492,492,448,1,0
1,281,0.5678,0.6340,1.5582,0.0071,2.2013,57535,492,448,1,0
1,282,0.5696,0.6320,1.4832,0.0069,2.1236,57636,492,448,1,0
1,283,0.5714,0.6427,1.5491,0.0064,2.1999,57612,492,448,1,0
1,284,0.5732,0.6232,1.4498,0.0071,2.0822,57664,492,448,1,0
1,285,0.5749,0.6396,1.5819,0.0066,2.2297,57983,492,449,1,0
1,286,0.5767,0.6404,1.4710,0.0070,2.1205,57888,492,449,1,0
1,287,0.5785,0.6382,1.4838,0.0068,2.1306,57650,492,449,1,0
1,288,0.5803,0.6616,1.5424,0.0066,2.2123,57439,492,449,1,0
1,289,0.5821,0.6271,1.4648,0.0065,2.1006,57516,492,449,1,0
1,290,0.5839,0.6169,1.4509,0.0064,2.0767,57059,492,449,1,0
1,291,0.5858,0.6005,1.5813,0.0063,2.1895,56660,492,449,1,0
1,292,0.5875,0.6168,1.5234,0.0065,2.1484,57574,492,449,1,0
1,293,0.5893,0.6163,1.8377,0.0108,2.4669,58049,492,449,1,0
1,294,0.5912,0.6401,1.5020,0.0066,2.1508,57755,492,449,1,0
1,295,0.5930,0.6301,1.4491,0.0064,2.0870,57101,492,440,1,0
1,296,0.5947,0.6040,1.4663,0.0061,2.0779,56427,492,441,1,0
1,297,0.5965,0.6258,1.7365,0.0098,2.3737,56602,492,440,1,0
1,298,0.5984,0.6445,1.4942,0.0069,2.1475,57083,492,440,1,0
1,299,0.6002,0.6639,1.8709,0.0199,2.5570,57350,492,440,1,0
1,300,0.6021,0.6318,1.4637,0.0065,2.1041,58107,492,440,1,0
1,301,0.6039,0.6334,1.6338,0.0067,2.2758,57958,492,440,1,0
1,302,0.6058,0.6146,1.5858,0.0066,2.2090,57361,492,440,1,0
1,303,0.6077,0.6354,1.5038,0.0058,2.1466,57041,492,437,1,0
1,304,0.6094,0.6162,1.6899,0.0070,2.3149,57738,492,437,1,0
1,305,0.6113,0.6021,1.8933,0.0135,2.5102,57786,492,435,1,0
1,306,0.6131,0.6440,1.9088,0.0210,2.5758,57561,492,433,1,0
1,307,0.6150,0.6286,1.6482,0.0063,2.2853,57390,492,430,1,0
1,308,0.6168,0.6181,1.8532,0.0095,2.4831,57038,492,422,1,0
1,309,0.6186,0.6340,1.4892,0.0064,2.1312,57404,492,400,1,0
1,310,0.6204,0.6544,1.5105,0.0064,2.1728,57720,492,396,1,0
1,311,0.6222,0.6200,1.4293,0.0072,2.0586,57372,492,400,1,0
1,312,0.6240,0.6173,1.4297,0.0068,2.0559,57472,492,400,1,0
1,313,0.6257,0.6247,1.4476,0.0064,2.0811,57745,492,405,1,0
1,314,0.6275,0.6320,1.8856,0.0196,2.5397,57974,492,414,1,0
1,315,0.6293,0.6334,1.4850,0.0059,2.1266,57691,492,419,1,0
1,316,0.6311,0.6026,1.5213,0.0069,2.1326,57444,492,424,1,0
1,317,0.6329,0.6235,1.4310,0.0072,2.0642,57431,492,429,1,0
1,318,0.6346,0.6370,1.5042,0.0063,2.1491,57020,492,433,1,0
1,319,0.6365,0.6302,1.8242,0.0137,2.4699,56761,492,433,1,0
1,320,0.6384,0.6274,1.4223,0.0062,2.0577,56947,492,431,1,0
1,321,0.6402,0.6383,1.8504,0.0094,2.5488,57491,492,428,1,0
1,322,0.6420,0.6341,1.5002,0.0063,2.1426,57360,492,428,1,0
1,323,0.6438,0.6396,1.4890,0.0067,2.1369,57291,492,432,1,0
1,324,0.6456,0.6169,1.4415,0.0065,2.0681,57454,492,434,1,0
1,325,0.6474,0.6112,1.4328,0.0058,2.0513,57412,492,436,1,0
1,326,0.6491,0.6335,1.3847,0.0064,2.0265,57505,492,436,1,0
1,327,0.6509,0.6245,1.4677,0.0175,2.1116,57381,492,443,29,4
1,328,0.6527,0.6383,1.5568,0.0248,2.2227,57258,492,443,29,8
1,329,0.6545,0.6399,1.8347,0.0402,2.5164,57059,492,443,29,8
1,330,0.6563,0.6855,1.8106,0.0365,2.5355,56793,492,443,29,28
1,331,0.6583,0.6030,1.4022,0.0289,2.0361,56804,492,443,45,52
1,332,0.6601,0.6231,1.4895,0.0299,2.1448,56161,492,443,45,52
1,333,0.6619,0.6207,1.8228,0.0486,2.4947,56221,492,443,47,90
1,334,0.6639,0.6345,1.8302,0.0669,2.5333,57026,492,446,93,111
1,335,0.6658,0.6224,1.6283,0.0613,2.3145,57094,492,444,111,147
1,336,0.6676,0.6301,1.5546,0.0637,2.2504,57749,492,445,115,177
1,337,0.6695,0.6222,1.4506,0.0815,2.1561,57305,492,448,149,249
1,338,0.6714,0.6163,1.3988,0.0954,2.1121,57256,492,448,167,295
1,339,0.6732,0.6176,1.8081,0.1078,2.5353,57922,492,448,187,389
1,340,0.6754,0.6278,1.4595,0.1430,2.2327,57705,492,448,229,496
1,341,0.6774,0.6419,1.8898,0.1973,2.7313,57489,492,448,271,676
1,342,0.6796,0.6090,1.7206,0.2528,2.5841,57434,492,449,321,952
1,343,0.6819,0.6112,1.2556,0.2985,2.1669,56893,492,449,361,1587
1,344,0.6843,0.6193,0.9689,0.3604,1.9499,56545,492,449,397,2021
1,345,0.6870,0.6333,1.8877,0.3764,2.8986,56792,492,449,419,2449
1,346,0.6909,0.5776,0.9016,0.4345,1.9154,55565,492,449,487,3048
1,347,0.6939,0.6560,1.0259,0.5163,2.2001,56608,492,449,531,3370
1,348,0.6971,0.6470,1.9302,0.5803,3.1591,56796,492,448,591,3760
1,349,0.7007,0.6883,1.2011,0.6059,2.4972,56729,492,441,641,4255
1,350,0.7044,0.7212,1.6825,0.6861,3.0925,56595,492,440,729,5039
1,351,0.7086,0.7029,1.0297,0.7741,2.5090,56793,492,440,807,5654
1,352,0.7130,0.7284,1.0446,0.8218,2.5965,56618,492,437,847,6316
1,353,0.7177,0.7367,1.2506,0.8346,2.8242,55833,492,435,875,6830
1,354,0.7228,0.7495,1.0111,0.9543,2.7172,56075,492,422,939,7595
1,355,0.7280,0.7561,1.0320,1.0464,2.8367,57275,492,400,957,8181
1,356,0.7333,0.7271,1.0215,1.0195,2.7701,56929,492,409,973,8605
1,357,0.7398,0.6554,0.9677,0.9778,2.6026,55587,492,429,983,9144
1,358,0.7469,0.7379,0.9842,0.9920,2.7165,55761,492,430,983,9354
1,359,0.7526,0.7857,1.0203,1.0706,2.8788,56138,492,434,983,9367
1,360,0.7601,0.7575,1.8106,0.9726,3.5428,54785,492,443,983,9133
1,361,0.7672,0.6506,0.9506,0.9520,2.5555,55274,492,443,973,8515
1,362,0.7723,0.8066,1.1408,1.0493,2.9998,55921,492,444,949,8089
1,363,0.7782,0.6756,0.9761,0.8820,2.5358,55648,492,448,917,7397
1,364,0.7832,0.6793,1.8574,0.8449,3.3864,56931,492,448,867,6793
1,365,0.7902,0.6918,1.3912,0.7418,2.8269,55481,492,449,807,5752
1,366,0.7945,0.7833,1.5470,0.6862,3.0184,56044,492,449,749,5124
1,367,0.7987,0.8875,1.3081,0.6066,2.8049,56985,492,449,653,4226
1,368,0.8024,0.7333,1.2584,0.5327,2.5270,56018,492,445,563,3708
1,369,0.8058,0.7152,0.9583,0.4809,2.1562,55473,492,441,527,3345
1,370,0.8090,0.6419,1.0226,0.5149,2.1809,56948,492,440,491,3019
1,371,0.8120,0.6502,1.4792,0.4076,2.5386,57641,492,440,435,2529
1,372,0.8149,0.6445,1.0239,0.3968,2.0673,57271,492,440,383,2185
1,373,0.8176,0.6673,1.1979,0.3422,2.2095,57041,492,437,353,1746
1,374,0.8201,0.6164,1.2171,0.2752,2.1111,57408,492,437,321,1000
1,375,0.8223,0.6145,1.1906,0.2344,2.0407,57547,492,433,285,731
1,376,0.8244,0.6155,1.8140,0.1408,2.5718,57227,492,430,233,500
1,377,0.8265,0.6447,1.2986,0.1197,2.0646,56969,492,422,209,401
1,378,0.8284,0.6396,1.8803,0.1041,2.6260,57165,492,400,167,299
1,379,0.8304,0.6246,1.6932,0.0907,2.4109,57299,492,396,161,261
1,380,0.8323,0.6333,1.3717,0.0829,2.0901,57361,492,400,123,182
1,381,0.8342,0.6207,1.3367,0.0743,2.0336,57879,492,400,111,147
1,382,0.8360,0.6274,1.8004,0.0502,2.4824,57788,492,405,93,111
1,383,0.8379,0.6293,1.5080,0.0358,2.1752,57597,492,419,47,90
1,384,0.8398,0.6293,1.4291,0.0288,2.0891,57665,492,422,45,52
1,385,0.8415,0.6179,1.4665,0.0282,2.1146,57591,492,429,45,52
1,386,0.8433,0.6182,1.8226,0.0347,2.4774,56931,492,433,29,33
1,387,0.8452,0.6057,1.7131,0.0364,2.3569,56849,492,433,29,8
1,388,0.8470,0.6164,1.5406,0.0204,2.1795,57058,492,434,29,8
1,389,0.8487,0.6433,1.4464,0.0209,2.1126,57202,492,430,29,8
1,390,0.8505,0.6159,1.5481,0.0104,2.1765,57495,492,428,1,0
1,391,0.8522,0.6210,1.4260,0.0061,2.0549,57269,492,429,1,0
1,392,0.8539,0.6025,1.6066,0.0061,2.2173,57481,492,432,1,0
1,393,0.8557,0.6301,1.5060,0.0060,2.1439,57542,492,436,1,0
1,394,0.8574,0.6118,1.4073,0.0060,2.0273,57353,492,436,1,0
1,395,0.8592,0.6184,1.8248,0.0124,2.4577,57312,492,436,1,0
1,396,0.8610,0.6341,1.5101,0.0066,2.1526,57191,492,443,1,0
1,397,0.8628,0.6418,1.7199,0.0069,2.3706,57082,492,443,1,0
1,398,0.8645,0.6338,1.4504,0.0065,2.0924,57312,492,443,1,0
1,399,0.8663,0.6221,1.4654,0.0074,2.0967,57206,492,443,1,0
1,400,0.8680,0.6188,1.4548,0.0066,2.0819,56883,492,443,1,0
1,401,0.8697,0.6413,1.8155,0.0104,2.4689,56161,492,443,1,0
1,402,0.8716,0.6246,1.7282,0.0161,2.3707,56229,492,446,1,0
1,403,0.8734,0.6538,1.4980,0.0071,2.1610,57026,492,446,1,0
1,404,0.8751,0.6510,1.4567,0.0064,2.1158,57234,492,444,1,0
1,405,0.8769,0.6185,1.8460,0.0122,2.4792,57780,492,445,1,0
1,406,0.8787,0.6281,1.4352,0.0069,2.0716,57281,492,448,1,0
1,407,0.8805,0.6378,1.5077,0.0062,2.1533,57352,492,448,1,0
1,408,0.8824,0.6390,1.4586,0.0066,2.1061,57815,492,448,1,0
1,409,0.8841,0.6256,1.5777,0.0067,2.2119,57948,492,448,1,0
1,410,0.8859,0.6363,1.5652,0.0065,2.2098,57771,492,448,1,0
1,411,0.8877,0.6679,1.5091,0.0066,2.1856,57329,492,449,1,0
1,412,0.8895,0.6228,1.4994,0.0065,2.1301,57576,492,449,1,0
1,413,0.8914,0.6120,1.3741,0.0059,1.9942,57247,492,449,1,0
1,414,0.8932,0.6281,1.8367,0.0138,2.4815,56668,492,449,1,0
1,415,0.8950,0.6141,1.4606,0.0068,2.0833,57076,492,449,1,0
1,416,0.8968,0.6267,1.7360,0.0199,2.3845,57408,492,449,1,0
1,417,0.8987,0.6186,1.3771,0.0061,2.0034,56800,492,449,1,0
1,418,0.9004,0.6164,1.7885,0.0061,2.4131,56955,492,449,1,0
1,419,0.9023,0.6552,1.7946,0.0095,2.4620,57207,492,449,1,0
1,420,0.9041,0.6200,1.3311,0.0118,1.9657,57187,492,449,1,0
1,421,0.9058,0.6019,1.3900,0.0060,1.9998,57487,492,448,1,0
1,422,0.9075,0.6288,1.5463,0.0068,2.1838,57513,492,440,1,0
1,423,0.9094,0.6353,1.4051,0.0064,2.0499,57252,492,441,1,0
1,424,0.9111,0.6405,1.5126,0.0070,2.1622,57443,492,440,1,0
1,425,0.9129,0.6206,1.4530,0.0065,2.0822,57479,492,440,1,0
1,426,0.9147,0.6270,1.8459,0.0085,2.4832,57069,492,440,1,0
1,427,0.9165,0.6410,1.4720,0.0068,2.1215,57336,492,440,1,0
1,428,0.9184,0.6388,1.4853,0.0071,2.1331,57846,492,440,1,0
1,429,0.9202,0.6652,1.8724,0.0152,2.5553,57767,492,440,1,0
1,430,0.9221,0.6164,1.6589,0.0131,2.2898,57338,492,437,1,0
1,431,0.9239,0.6142,1.7910,0.0124,2.4200,57172,492,437,1,0
1,432,0.9258,0.6212,1.4201,0.0077,2.0513,57545,492,435,1,0
1,433,0.9276,0.6159,1.8943,0.0173,2.5292,57817,492,435,1,0
1,434,0.9294,0.6318,1.8373,0.0130,2.4841,57050,492,430,1,0
1,435,0.9312,0.6204,1.4111,0.0070,2.0400,56997,492,417,1,0
1,436,0.9330,0.6188,1.4692,0.0072,2.0974,57656,492,400,1,0
1,437,0.9348,0.6416,1.4550,0.0064,2.1052,57501,492,396,1,0
1,438,0.9365,0.6346,1.4562,0.0070,2.0995,57605,492,400,1,0
1,439,0.9383,0.6270,1.4485,0.0065,2.0835,58017,492,400,1,0
1,440,0.9401,0.6228,1.8636,0.0135,2.5021,58123,492,405,1,0
1,441,0.9420,0.6260,1.7170,0.0060,2.3508,57899,492,414,1,0
1,442,0.9439,0.6281,1.7130,0.0065,2.3493,57588,492,422,1,0
1,443,0.9458,0.6234,1.5195,0.0067,2.1511,57564,492,425,1,0
1,444,0.9477,0.6587,1.8225,0.0127,2.4959,57040,492,433,1,0
1,445,0.9495,0.6195,1.3982,0.0070,2.0265,56711,492,433,1,0
1,446,0.9513,0.6157,1.4463,0.0068,2.0708,57295,492,434,1,0
1,447,0.9530,0.6383,1.4702,0.0071,2.1176,57978,492,430,1,0
1,448,0.9548,0.6170,1.5808,0.0065,2.2069,57732,492,428,1,0
1,449,0.9566,0.6245,1.5348,0.0069,2.1706,57521,492,428,1,0
1,450,0.9584,0.6371,1.5167,0.0070,2.1628,57943,492,432,1,0
1,451,0.9602,0.6217,1.5186,0.0070,2.1493,57662,492,434,1,0
1,452,0.9619,0.6141,1.7900,0.0059,2.4131,57193,492,436,1,0
1,453,0.9638,0.6130,1.3303,0.0058,1.9510,57087,492,436,1,0
1,454,0.9656,0.6231,1.5085,0.0064,2.1400,57536,492,443,1,0
1,455,0.9673,0.6186,1.3195,0.0053,1.9457,57161,492,443,1,0
1,456,0.9690,0.6168,1.3502,0.0117,1.9811,57231,492,443,1,0
1,457,0.9708,0.6262,1.4057,0.0065,2.0409,57497,492,443,1,0
1,458,0.9725,0.6291,1.4867,0.0067,2.1243,57328,492,443,1,0
1,459,0.9743,0.6279,1.7519,0.0156,2.3967,57494,492,443,1,0
1,460,0.9761,0.6175,1.3858,0.0065,2.0144,57708,492,443,1,0
1,461,0.9779,0.6210,1.4824,0.0079,2.1131,57825,492,446,1,0
1,462,0.9796,0.6109,1.3196,0.0060,1.9395,57676,492,445,1,0
1,463,0.9813,0.7104,1.5825,0.0080,2.3037,57016,492,445,1,0
1,464,0.9831,0.6188,1.4877,0.0063,2.1144,56907,492,448,1,0
1,465,0.9850,0.6420,1.3558,0.0056,2.0051,57492,492,448,1,0
1,466,0.9868,0.6174,1.4414,0.0059,2.0665,57535,492,448,1,0
1,467,0.9885,0.6207,1.4449,0.0060,2.0742,57636,492,448,1,0
1,468,0.9902,0.6260,1.7037,0.0068,2.3380,57612,492,448,1,0
1,469,0.9921,0.6313,1.4691,0.0068,2.1090,57664,492,448,1,0
1,470,0.9938,0.6358,1.6513,0.0062,2.2960,57983,492,449,1,0
1,471,0.9956,0.6543,1.4688,0.0138,2.1391,57888,492,449,1,0
1,472,0.9974,0.6386,1.5263,0.0061,2.1733,57650,492,449,1,0
1,473,0.9992,0.6184,1.3928,0.0122,2.0250,57439,492,449,1,0
2,474,0.0019,0.6533,1.2000,0.0080,1.8630,46418,492,479,1,0
2,475,0.0036,0.6288,1.8841,0.0120,2.5269,57696,492,432,1,0
2,476,0.0054,0.6061,1.5072,0.0068,2.1226,56999,492,433,1,0
2,477,0.0072,0.6178,1.3993,0.0060,2.0247,56895,492,433,1,0
2,478,0.0089,0.6354,1.4259,0.0141,2.0789,56948,492,434,1,0
2,479,0.0107,0.6481,1.4938,0.0068,2.1507,57094,492,430,1,0
2,480,0.0124,0.6327,1.8421,0.0103,2.4868,57387,492,428,1,0
2,481,0.0143,0.6601,1.8470,0.0133,2.5223,57215,492,429,1,0
2,482,0.0161,0.6157,1.8365,0.0062,2.4609,57481,492,432,1,0
2,483,0.0179,0.6231,2.0791,0.0119,2.7172,57542,492,436,1,0
2,484,0.0198,0.6225,1.3040,0.0056,1.9333,57332,492,436,1,0
2,485,0.0216,0.6220,1.9150,0.0146,2.5531,57312,492,436,1,0
2,486,0.0234,0.6397,1.7540,0.0101,2.4069,57286,492,443,1,0
2,487,0.0253,0.6050,1.5278,0.0073,2.1416,56967,492,443,1,0
2,488,0.0270,0.6584,1.6645,0.0069,2.3311,57426,492,443,1,0
2,489,0.0289,0.6336,1.5461,0.0063,2.1884,57206,492,443,1,0
2,490,0.0307,0.6275,1.4148,0.0137,2.0580,56905,492,443,1,0
2,491,0.0324,0.6230,1.8338,0.0075,2.4669,56424,492,443,1,0
2,492,0.0342,0.6813,1.4582,0.0061,2.1472,56146,492,446,1,0
2,493,0.0360,0.6391,1.3462,0.0107,1.9981,57154,492,446,1,0
2,494,0.0377,0.6291,1.3537,0.0086,1.9945,57375,492,444,1,0
2,495,0.0395,0.6273,1.4494,0.0059,2.0847,57749,492,445,1,0
2,496,0.0412,0.6185,1.3160,0.0141,1.9505,57371,492,448,1,0
2,497,0.0429,0.6215,1.6572,0.0059,2.2868,57352,492,448,1,0
2,498,0.0447,0.6167,1.9362,0.0160,2.5717,57881,492,448,1,0
2,499,0.0465,0.6035,1.9838,0.0129,2.6023,57948,492,448,1,0
2,500,0.0484,0.6411,1.9875,0.0115,2.6426,57643,492,448,1,0
2,501,0.0503,0.6385,1.9007,0.0099,2.5506,57286,492,449,1,0
2,502,0.0521,0.6269,1.9071,0.0185,2.5554,57545,492,449,1,0
2,503,0.0541,0.6075,2.2092,0.0147,2.8337,57063,492,449,1,0
2,504,0.0560,0.6215,1.8881,0.0066,2.5183,56636,492,449,1,0
2,505,0.0578,0.6347,2.0078,0.0206,2.6650,57301,492,449,1,0
2,506,0.0597,0.6372,1.9726,0.0190,2.6304,56942,492,449,1,0
2,507,0.0615,0.6321,1.9672,0.0123,2.6138,56960,492,449,1,0
2,508,0.0634,0.6183,1.9169,0.0075,2.5446,57118,492,449,1,0
2,509,0.0652,0.6242,1.9533,0.0131,2.5926,57018,492,449,1,0
2,510,0.0670,0.6198,1.9699,0.0136,2.6057,57213,492,449,1,0
2,511,0.0689,0.6287,1.9592,0.0132,2.6031,57410,492,440,1,0
2,512,0.0708,0.6269,1.9341,0.0067,2.5694,57216,492,441,1,0
2,513,0.0727,0.6256,1.9151,0.0074,2.5543,57655,492,440,1,0
2,514,0.0746,0.6009,3.7887,0.0070,4.3998,57479,492,440,1,0
2,515,0.0768,0.6116,1.8923,0.0062,2.5125,56800,492,440,1,0
2,516,0.0787,0.6278,2.0448,0.0130,2.6872,57336,492,440,1,0
2,517,0.0805,0.6526,1.9890,0.0177,2.6612,57846,492,440,1,0
2,518,0.0825,0.6092,1.9463,0.0110,2.5692,57767,492,440,1,0
2,519,0.0843,0.6297,1.9710,0.0111,2.6143,57415,492,437,1,0
2,520,0.0862,0.6442,1.9694,0.0074,2.6230,57153,492,437,1,0
2,521,0.0881,0.6241,1.9821,0.0165,2.6247,57622,492,435,1,0
2,522,0.0899,0.6218,1.9832,0.0093,2.6167,57817,492,432,1,0
2,523,0.0918,0.6355,1.9918,0.0129,2.6434,57036,492,429,1,0
2,524,0.0936,0.6183,1.9540,0.0163,2.5917,57023,492,414,1,0
2,525,0.0955,0.6285,1.9796,0.0131,2.6235,57596,492,400,1,0
2,526,0.0974,0.6219,1.9653,0.0112,2.6007,57501,492,400,1,0
2,527,0.0992,0.6468,1.9804,0.0121,2.6418,57738,492,400,1,0
2,528,0.1011,0.6176,1.9655,0.0097,2.5951,58017,492,400,1,0
2,529,0.1029,0.6325,2.0188,0.0083,2.6618,58115,492,405,1,0
2,530,0.1048,0.6110,1.9552,0.0147,2.5823,57852,492,419,1,0
2,531,0.1067,0.6143,2.0116,0.0091,2.6372,57715,492,422,1,0
2,532,0.1085,0.6262,2.0110,0.0121,2.6512,57542,492,429,1,0
2,533,0.1104,0.6317,1.9581,0.0070,2.5988,57108,492,433,1,0
2,534,0.1122,0.6250,1.8684,0.0071,2.5025,56471,492,433,1,0
2,535,0.1141,0.6134,1.9468,0.0121,2.5748,57300,492,434,1,0
2,536,0.1159,0.6292,1.4190,0.0071,2.0573,57975,492,430,1,0
2,537,0.1177,0.6370,1.3438,0.0131,1.9958,57551,492,428,1,0
2,538,0.1195,0.6526,1.9983,0.0076,2.6607,57753,492,429,1,0
2,539,0.1214,0.5958,1.9596,0.0076,2.5665,57642,492,431,1,0
2,540,0.1232,0.6277,1.9702,0.0075,2.6074,57404,492,436,1,0
2,541,0.1251,0.6120,1.9855,0.0104,2.6104,56850,492,436,1,0
2,542,0.1270,0.6370,1.9106,0.0067,2.5561,57323,492,443,1,0
2,543,0.1288,0.6231,1.9732,0.0085,2.6068,57330,492,443,1,0
2,544,0.1307,0.6341,1.9464,0.0126,2.5953,57044,492,443,1,0
2,545,0.1327,0.6295,1.9607,0.0066,2.5988,57279,492,443,1,0
2,546,0.1345,0.6314,1.9745,0.0067,2.6154,57300,492,443,1,0
2,547,0.1365,0.6230,2.0233,0.0140,2.6619,57494,492,443,1,0
2,548,0.1383,0.6184,1.9512,0.0068,2.5789,57708,492,443,1,0
2,549,0.1402,0.6837,2.0808,0.0180,2.7857,57818,492,446,1,0
2,550,0.1420,0.6315,1.9822,0.0068,2.6247,57613,492,444,1,0
2,551,0.1440,0.6278,1.9765,0.0070,2.6134,57016,492,445,1,0
2,552,0.1459,0.6297,1.9370,0.0077,2.5766,56916,492,448,1,0
2,553,0.1477,0.6227,1.9575,0.0075,2.5897,57356,492,448,1,0
2,554,0.1496,0.6385,1.9659,0.0067,2.6126,57380,492,448,1,0
2,555,0.1515,0.6258,1.9545,0.0068,2.5887,57759,492,448,1,0
2,556,0.1533,0.6150,1.9438,0.0067,2.5683,57671,492,448,1,0
2,557,0.1552,0.6320,1.9284,0.0065,2.5691,57724,492,449,1,0
2,558,0.1570,0.6197,1.9401,0.0101,2.5721,58048,492,449,1,0
2,559,0.1589,0.6198,2.0273,0.0131,2.6621,57650,492,449,1,0
2,560,0.1608,0.6514,2.0050,0.0081,2.6676,57544,492,449,1,0
2,561,0.1628,0.6156,1.9037,0.0077,2.5307,57509,492,449,1,0
2,562,0.1647,0.6343,1.9804,0.0080,2.6249,56922,492,449,1,0
2,563,0.1666,0.6359,2.0001,0.0072,2.6453,56637,492,449,1,0
2,564,0.1685,0.6373,2.0682,0.0072,2.7161,57559,492,449,1,0
2,565,0.1704,0.6183,1.9270,0.0069,2.5541,58036,492,449,1,0
2,566,0.1723,0.6245,1.9854,0.0079,2.6199,57755,492,449,1,0
2,567,0.1742,0.6386,2.0122,0.0074,2.6602,56823,492,440,1,0
2,568,0.1761,0.6252,1.9288,0.0090,2.5651,56427,492,441,1,0
2,569,0.1781,0.6235,1.8784,0.0082,2.5128,56407,492,440,1,0
2,570,0.1799,0.6111,1.9118,0.0071,2.5322,57069,492,440,1,0
2,571,0.1817,0.6256,1.9776,0.0076,2.6129,57404,492,440,1,0
2,572,0.1837,0.6248,1.9774,0.0179,2.6215,58019,492,440,1,0
2,573,0.1856,0.6248,2.0013,0.0080,2.6368,57789,492,440,1,0
2,574,0.1875,0.6181,2.0390,0.0075,2.6670,57451,492,440,1,0
2,575,0.1894,0.6209,1.9887,0.0071,2.6189,57247,492,437,1,0
2,576,0.1913,0.6261,1.9965,0.0077,2.6332,57680,492,437,1,0
2,577,0.1932,0.6253,1.9955,0.0081,2.6310,57547,492,435,1,0
2,578,0.1951,0.6317,1.9577,0.0078,2.5988,57408,492,430,1,0
2,579,0.1971,0.6214,1.9401,0.0079,2.5711,57433,492,424,1,0
2,580,0.1990,0.6490,2.0083,0.0079,2.6678,57150,492,414,1,0
2,581,0.2009,0.6350,1.9691,0.0079,2.6140,57325,492,390,1,0
2,582,0.2028,0.6205,1.9398,0.0073,2.5697,57372,492,400,1,0
2,583,0.2046,0.6444,2.0147,0.0069,2.6683,57472,492,400,1,0
2,584,0.2065,0.6227,2.0307,0.0078,2.6641,57767,492,400,1,0
2,585,0.2085,0.6319,1.9748,0.0072,2.6159,57974,492,414,1,0
2,586,0.2105,0.6080,1.9262,0.0081,2.5442,57625,492,419,1,0
2,587,0.2125,0.5864,1.8818,0.0083,2.4792,57443,492,425,1,0
2,588,0.2143,0.6261,1.9378,0.0075,2.5747,57413,492,433,1,0
2,589,0.2163,0.6210,1.9590,0.0070,2.5904,57020,492,433,1,0
2,590,0.2181,0.6320,1.9631,0.0081,2.6053,56804,492,433,1,0
2,591,0.2200,0.6341,1.9408,0.0084,2.5862,56943,492,430,1,0
2,592,0.2218,0.6923,1.8840,0.0073,2.5862,57320,492,428,1,0
2,593,0.2237,0.6255,1.9782,0.0085,2.6140,57215,492,429,1,0
2,594,0.2257,0.6501,2.0133,0.0077,2.6731,57311,492,432,1,0
2,595,0.2276,0.6304,1.9938,0.0071,2.6337,57521,492,436,1,0
2,596,0.2294,0.6380,1.9511,0.0093,2.6002,57361,492,436,1,0
2,597,0.2313,0.6531,2.1252,0.0109,2.7925,57295,492,436,1,0
2,598,0.2333,0.6166,1.9337,0.0081,2.5609,57256,492,443,1,0
2,599,0.2353,0.6182,1.9318,0.0080,2.5603,56915,492,443,1,0
2,600,0.2372,0.6149,2.1251,0.0097,2.7516,56793,492,443,1,0
2,601,0.2391,0.6183,1.9107,0.0072,2.5378,56864,492,443,1,0
2,602,0.2409,0.6166,1.9154,0.0070,2.5429,56175,492,443,1,0
2,603,0.2427,0.6330,1.9577,0.0091,2.6078,56221,492,443,1,0
2,604,0.2447,0.6216,1.9770,0.0174,2.6192,57045,492,446,1,0
2,605,0.2467,0.6253,1.9582,0.0117,2.5977,57182,492,445,1,0
2,606,0.2487,0.6395,2.0187,0.0089,2.6694,57664,492,445,1,0
2,607,0.2505,0.6292,1.9797,0.0211,2.6322,57231,492,448,1,0
2,608,0.2525,0.6276,1.9798,0.0113,2.6206,57256,492,448,1,0
2,609,0.2543,0.6292,1.9567,0.0153,2.6038,57931,492,448,1,0
2,610,0.2561,0.6114,2.0113,0.0076,2.6326,57959,492,448,1,0
2,611,0.2580,0.6337,1.9962,0.0128,2.6447,57614,492,448,1,0
2,612,0.2599,0.6052,1.9467,0.0078,2.5629,57286,492,449,1,0
2,613,0.2619,0.6586,1.9199,0.0076,2.5884,57515,492,449,1,0
2,614,0.2638,0.6078,1.9925,0.0143,2.6161,56942,492,449,1,0
2,615,0.2657,0.6374,1.9119,0.0101,2.5620,56749,492,449,1,0
2,616,0.2675,0.6138,1.9790,0.0091,2.6051,57217,492,449,1,0
2,617,0.2695,0.6204,1.9353,0.0069,2.5649,56775,492,449,1,0
2,618,0.2715,0.6183,1.8876,0.0073,2.5155,56803,492,449,1,0
2,619,0.2734,0.6190,1.9069,0.0071,2.5348,57152,492,449,1,0
2,620,0.2752,0.6289,1.9441,0.0070,2.5820,57148,492,449,1,0
2,621,0.2771,0.6204,1.9830,0.0072,2.6129,57225,492,449,1,0
2,622,0.2789,0.6359,2.0215,0.0079,2.6677,57495,492,440,1,0
2,623,0.2808,0.6173,1.9887,0.0117,2.6195,57252,492,441,1,0
2,624,0.2829,0.6250,2.0331,0.0084,2.6695,57225,492,440,1,0
2,625,0.2848,0.6230,1.9593,0.0076,2.5928,57087,492,440,1,0
2,626,0.2867,0.6674,1.9277,0.0071,2.6041,57165,492,440,1,0
2,627,0.2886,0.6323,1.9925,0.0076,2.6348,57707,492,440,1,0
2,628,0.2905,0.6209,2.0047,0.0075,2.6358,57837,492,440,1,0
2,629,0.2924,0.6376,1.2985,0.0149,1.9530,57731,492,437,1,0
2,630,0.2942,0.6491,1.2826,0.0116,1.9448,57249,492,437,1,0
2,631,0.2960,0.6245,1.8046,0.0062,2.4371,57241,492,437,1,0
2,632,0.2978,0.6181,1.2647,0.0144,1.8995,57750,492,435,1,0
2,633,0.2996,0.6316,1.9240,0.0071,2.5647,57791,492,432,1,0
2,634,0.3015,0.6244,1.9225,0.0068,2.5553,57054,492,427,1,0
2,635,0.3034,0.6259,1.9547,0.0073,2.5900,57023,492,414,1,0
2,636,0.3052,0.6311,1.9577,0.0076,2.5988,57610,492,390,1,0
2,637,0.3071,0.6318,1.2298,0.0127,1.8764,57629,492,400,1,0
2,638,0.3089,0.6343,1.2501,0.0136,1.9007,57738,492,400,1,0
2,639,0.3107,0.6447,1.2494,0.0147,1.9103,58017,492,400,1,0
2,640,0.3125,0.6227,1.2211,0.0179,1.8649,57914,492,408,1,0
2,641,0.3142,0.6573,1.4346,0.0062,2.1011,57899,492,419,1,0
2,642,0.3160,0.6215,1.4990,0.0057,2.1276,57763,492,422,1,0
2,643,0.3178,0.6251,1.2313,0.0136,1.8724,57564,492,429,1,0
2,644,0.3196,0.6224,1.2820,0.0080,1.9146,57108,492,433,1,0
2,645,0.3213,0.6338,1.7199,0.0063,2.3625,56711,492,433,1,0
2,646,0.3231,0.6442,1.2803,0.0105,1.9367,57300,492,434,1,0
2,647,0.3249,0.6213,1.2799,0.0078,1.9111,58240,492,430,1,0
2,648,0.3266,0.6261,1.3325,0.0087,1.9700,57732,492,428,1,0
2,649,0.3284,0.6348,1.2295,0.0165,1.8826,57521,492,429,1,0
2,650,0.3301,0.6219,1.3384,0.0108,1.9735,57943,492,432,1,0
2,651,0.3319,0.6506,1.8806,0.0067,2.5406,57689,492,436,1,0
2,652,0.3337,0.6169,1.2475,0.0103,1.8766,57193,492,436,1,0
2,653,0.3355,0.6302,1.3509,0.0105,1.9936,57087,492,436,1,0
2,654,0.3372,0.6307,1.8621,0.0065,2.5014,57536,492,443,1,0
2,655,0.3390,0.6219,1.2640,0.0102,1.8978,57161,492,443,1,0
2,656,0.3407,0.6324,1.4100,0.0057,2.0501,57231,492,443,1,0
2,657,0.3425,0.5979,1.4469,0.0136,2.0599,57497,492,443,1,0
2,658,0.3442,0.6225,1.2769,0.0096,1.9109,57381,492,443,1,0
2,659,0.3460,0.6264,1.8375,0.0067,2.4727,57494,492,443,1,0
2,660,0.3478,0.6289,1.3709,0.0072,2.0092,57708,492,443,1,0
2,661,0.3495,0.6444,1.4035,0.0090,2.0586,57825,492,446,1,0
2,662,0.3513,0.6323,1.9004,0.0065,2.5406,57613,492,445,1,0
2,663,0.3533,0.6416,1.5328,0.0085,2.1849,57016,492,445,1,0
2,664,0.3550,0.6314,1.3213,0.0120,1.9670,56907,492,448,1,0
2,665,0.3568,0.6216,1.3546,0.0094,1.9874,57492,492,448,1,0
2,666,0.3585,0.6298,1.3582,0.0081,1.9981,57535,492,448,1,0
2,667,0.3603,0.6949,1.5303,0.0068,2.2345,57583,492,448,1,0
2,668,0.3620,0.6409,1.2787,0.0082,1.9301,57612,492,448,1,0
2,669,0.3638,0.6191,1.4118,0.0154,2.0487,57717,492,448,1,0
2,670,0.3656,0.6414,1.4066,0.0127,2.0625,57983,492,449,1,0
2,671,0.3673,0.6215,1.8472,0.0063,2.4772,57888,492,449,1,0
2,672,0.3692,0.6317,1.5149,0.0064,2.1549,57650,492,449,1,0
2,673,0.3710,0.6195,1.8641,0.0065,2.4921,57436,492,449,1,0
2,674,0.3729,0.6387,1.8525,0.0080,2.5020,57268,492,449,1,0
2,675,0.3747,0.6179,1.8853,0.0066,2.5120,56980,492,449,1,0
2,676,0.3766,0.6391,1.8696,0.0064,2.5167,56842,492,449,1,0
2,677,0.3784,0.6286,2.0162,0.0158,2.6640,57614,492,449,1,0
2,678,0.3803,0.6315,1.9985,0.0152,2.6473,57881,492,449,1,0
2,679,0.3821,0.7186,1.9007,0.0074,2.6298,57748,492,448,1,0
2,680,0.3839,0.6299,1.9560,0.0061,2.5941,56980,492,440,1,0
2,681,0.3859,0.6466,1.9970,0.0070,2.6522,56414,492,441,1,0
2,682,0.3877,0.6258,1.9874,0.0064,2.6223,56626,492,440,1,0
2,683,0.3895,0.7277,1.9602,0.0179,2.7094,57126,492,440,1,0
2,684,0.3915,0.6424,2.0017,0.0072,2.6536,57652,492,440,1,0
2,685,0.3933,0.6290,2.0281,0.0191,2.6784,58019,492,440,1,0
2,686,0.3952,0.6146,1.8948,0.0081,2.5190,57789,492,440,1,0
2,687,0.3971,0.6382,1.3172,0.0118,1.9690,57451,492,440,1,0
2,688,0.3988,0.6349,2.0386,0.0140,2.6893,57247,492,437,1,0
2,689,0.4006,0.6276,2.0126,0.0115,2.6543,57680,492,437,1,0
2,690,0.4025,0.6358,2.0076,0.0156,2.6614,57547,492,435,1,0
2,691,0.4044,0.6394,1.9972,0.0117,2.6501,57484,492,430,1,0
2,692,0.4063,0.6247,1.9818,0.0160,2.6254,57529,492,424,1,0
2,693,0.4081,0.6405,1.9675,0.0075,2.6176,57067,492,414,1,0
2,694,0.4101,0.6458,2.0013,0.0081,2.6579,57229,492,390,1,0
2,695,0.4119,0.6153,1.9357,0.0068,2.5597,57342,492,400,1,0
2,696,0.4139,0.6284,1.9452,0.0081,2.5847,57410,492,400,1,0
2,697,0.4158,0.6360,2.0188,0.0168,2.6734,57767,492,400,1,0
2,698,0.4177,0.6236,2.0042,0.0090,2.6386,57974,492,414,1,0
2,699,0.4197,0.6266,1.9430,0.0106,2.5820,57691,492,419,1,0
2,700,0.4217,0.5970,1.9418,0.0095,2.5498,57443,492,424,1,0
2,701,0.4235,0.6133,1.9171,0.0086,2.5408,57431,492,429,1,0
2,702,0.4253,0.6131,2.1597,0.0176,2.7926,57020,492,433,1,0
2,703,0.4274,0.6011,1.9328,0.0107,2.5471,56584,492,433,1,0
2,704,0.4293,0.6538,1.8775,0.0067,2.5406,56943,492,430,1,0
2,705,0.4313,0.5951,1.8660,0.0062,2.4727,57320,492,428,1,0
2,706,0.4331,0.6242,1.9911,0.0111,2.6285,57215,492,429,1,0
2,707,0.4349,0.6187,1.9806,0.0103,2.6119,57481,492,432,1,0
2,708,0.4368,0.6592,2.0063,0.0100,2.6785,57521,492,436,1,0
2,709,0.4387,0.6230,1.9321,0.0100,2.5693,57238,492,436,1,0
2,710,0.4407,0.6121,1.9372,0.0148,2.5663,57274,492,436,1,0
2,711,0.4425,0.6111,1.9346,0.0099,2.5575,57286,492,443,1,0
2,712,0.4445,0.6140,1.9099,0.0075,2.5332,56877,492,443,1,0
2,713,0.4464,0.6165,1.9869,0.0106,2.6171,57226,492,443,1,0
2,714,0.4484,0.6138,1.9507,0.0207,2.5868,56864,492,443,1,0
2,715,0.4502,0.7635,1.9389,0.0268,2.7328,56984,492,443,1,0
2,716,0.4521,0.6231,1.9337,0.0094,2.5691,56139,492,443,1,0
2,717,0.4539,0.6199,1.9543,0.0091,2.5862,56340,492,446,1,0
2,718,0.4559,0.5887,1.9490,0.0070,2.5472,57182,492,445,1,0
2,719,0.4577,0.6124,1.9973,0.0201,2.6323,57434,492,445,1,0
2,720,0.4596,0.6328,2.0275,0.0160,2.6792,57281,492,448,1,0
2,721,0.4615,0.6346,2.0454,0.0138,2.6957,57321,492,448,1,0
2,722,0.4635,0.6385,2.0274,0.0184,2.6865,57685,492,448,1,0
2,723,0.4654,0.6328,2.0363,0.0202,2.6925,57900,492,448,1,0
2,724,0.4673,0.6157,1.9655,0.0128,2.5957,57643,492,448,1,0
2,725,0.4692,0.6207,1.9705,0.0162,2.6104,57286,492,449,1,0
2,726,0.4711,0.6300,1.8889,0.0114,2.5325,57545,492,449,1,0
2,727,0.4731,0.6391,1.8836,0.0066,2.5309,57063,492,449,1,0
2,728,0.4749,0.6120,2.6136,0.0071,3.2344,56749,492,449,1,0
2,729,0.4769,0.6064,1.9002,0.0105,2.5189,57202,492,449,1,0
2,730,0.4787,0.6382,1.9823,0.0091,2.6319,56885,492,449,1,0
2,731,0.4805,0.6323,1.9915,0.0193,2.6450,57095,492,449,1,0
2,732,0.4823,0.6335,2.0962,0.0126,2.7443,57118,492,449,1,0
2,733,0.4842,0.6339,1.9540,0.0189,2.6096,57018,492,449,1,0
2,734,0.4861,0.6246,2.0010,0.0195,2.6485,57177,492,449,1,0
2,735,0.4880,0.6367,1.9808,0.0190,2.6396,57410,492,440,1,0
2,736,0.4899,0.6249,1.9975,0.0146,2.6400,57216,492,441,1,0
2,737,0.4919,0.6938,2.0001,0.0206,2.7177,57563,492,440,1,0
2,738,0.4938,0.6406,2.0613,0.0166,2.7207,57479,492,440,1,0
2,739,0.4958,0.6582,1.9357,0.0154,2.6112,56900,492,440,1,0
2,740,0.4977,0.6362,1.9722,0.0216,2.6329,57315,492,440,1,0
2,741,0.4997,0.6414,1.9769,0.0203,2.6409,57837,492,440,1,0
2,742,0.5016,0.6055,1.9569,0.0120,2.5758,57710,492,440,1,0
2,743,0.5034,0.6491,1.9653,0.0205,2.6373,57204,492,437,1,0
2,744,0.5053,0.6305,2.0118,0.0230,2.6696,57241,492,437,1,0
2,745,0.5073,0.6548,1.9731,0.0162,2.6474,57750,492,435,1,0
2,746,0.5093,0.6433,1.9269,0.0125,2.5847,57791,492,430,1,0
2,747,0.5111,0.6247,1.9226,0.0140,2.5636,57054,492,423,1,0
2,748,0.5129,0.6262,1.8932,0.0109,2.5331,57023,492,414,1,0
2,749,0.5147,0.6224,2.2041,0.0264,2.8546,57610,492,390,1,0
2,750,0.5165,0.6107,2.0377,0.0149,2.6661,57629,492,400,1,0
2,751,0.5185,0.6432,2.0371,0.0169,2.7003,57738,492,400,1,0
2,752,0.5205,0.6150,1.9051,0.0090,2.5311,58017,492,400,1,0
2,753,0.5223,0.6459,1.8571,0.0106,2.5165,57899,492,414,1,0
2,754,0.5241,0.6171,1.9625,0.0120,2.5940,57779,492,419,1,0
2,755,0.5259,0.6356,1.9016,0.0120,2.5537,57694,492,422,1,0
2,756,0.5278,0.6313,1.9434,0.0129,2.5893,57416,492,429,1,0
2,757,0.5296,0.6329,1.9500,0.0180,2.6033,56891,492,433,1,0
2,758,0.5315,0.6130,1.9788,0.0135,2.6076,56709,492,433,1,0
2,759,0.5334,0.6096,1.9289,0.0211,2.5619,57568,492,434,1,0
2,760,0.5352,0.6276,1.9870,0.0184,2.6352,57975,492,428,1,0
2,761,0.5371,0.6403,2.0287,0.0132,2.6843,57551,492,428,1,0
2,762,0.5391,0.6443,2.0495,0.0205,2.7178,57867,492,432,1,0
2,763,0.5411,0.6153,1.9398,0.0216,2.5812,57630,492,434,1,0
2,764,0.5430,0.6174,1.8579,0.0120,2.4893,57193,492,436,1,0
2,765,0.5449,0.6247,1.8967,0.0178,2.5419,57087,492,436,1,0
2,766,0.5467,0.6398,1.9935,0.0148,2.6497,57536,492,443,1,0
2,767,0.5485,0.6084,1.9747,0.0171,2.6019,57161,492,443,1,0
2,768,0.5503,0.6004,1.9716,0.0171,2.5921,57056,492,443,1,0
2,769,0.5521,0.6435,1.9882,0.0107,2.6446,57359,492,443,1,0
2,770,0.5542,0.6108,1.9901,0.0202,2.6225,57258,492,443,1,0
2,771,0.5561,0.6240,1.9644,0.0182,2.6092,57563,492,443,1,0
2,772,0.5581,0.6239,1.9530,0.0071,2.5858,57661,492,446,1,0
2,773,0.5599,0.6204,1.9330,0.0191,2.5749,57737,492,446,1,0
2,774,0.5617,0.6212,1.9843,0.0177,2.6263,57183,492,445,1,0
2,775,0.5635,0.6302,1.9637,0.0146,2.6102,57060,492,445,1,0
2,776,0.5655,0.6412,2.0333,0.0093,2.6859,57349,492,448,1,0
2,777,0.5674,0.6514,2.0309,0.0087,2.6931,57242,492,448,1,0
2,778,0.5693,0.6805,2.0336,0.0131,2.7289,57506,492,448,1,0
2,779,0.5712,0.6244,2.0534,0.0130,2.6926,57612,492,448,1,0
2,780,0.5732,0.5991,2.0127,0.0079,2.6220,57656,492,448,1,0
2,781,0.5751,0.6370,1.9646,0.0112,2.6151,57983,492,449,1,0
2,782,0.5769,0.6371,2.0539,0.0173,2.7107,57888,492,449,1,0
2,783,0.5789,0.6498,1.9829,0.0144,2.6495,57591,492,449,1,0
2,784,0.5809,0.6018,1.9743,0.0210,2.5995,57436,492,449,1,0
2,785,0.5827,0.6342,1.9948,0.0118,2.6431,57065,492,449,1,0
2,786,0.5847,0.6353,1.9749,0.0125,2.6247,56508,492,449,1,0
2,787,0.5865,0.6375,1.9894,0.0130,2.6423,57197,492,449,1,0
2,788,0.5884,0.6220,2.0676,0.0152,2.7083,57948,492,449,1,0
2,789,0.5904,0.6312,2.0406,0.0170,2.6908,57825,492,449,1,0
2,790,0.5922,0.6575,1.9973,0.0145,2.6731,57392,492,440,1,0
2,791,0.5942,0.6786,1.9990,0.0183,2.6990,56689,492,441,1,0
2,792,0.5962,0.6405,2.0078,0.0130,2.6643,56555,492,440,1,0
2,793,0.5981,0.6173,2.0046,0.0182,2.6429,57197,492,440,1,0
2,794,0.6000,0.6396,1.9412,0.0105,2.5945,57287,492,440,1,0
2,795,0.6019,0.6281,1.9072,0.0190,2.5559,57969,492,440,1,0
2,796,0.6036,0.6067,1.9916,0.0114,2.6120,57956,492,440,1,0
2,797,0.6054,0.6228,1.9731,0.0086,2.6065,57668,492,440,1,0
2,798,0.6073,0.5884,1.9580,0.0088,2.5583,57188,492,437,1,0
2,799,0.6091,0.6165,2.0441,0.0127,2.6757,57383,492,437,1,0
2,800,0.6110,0.6298,2.0201,0.0137,2.6667,57892,492,435,1,0
2,801,0.6130,0.6257,1.9513,0.0203,2.5994,57547,492,433,1,0
2,802,0.6150,0.6332,1.9676,0.0154,2.6202,57234,492,430,1,0
2,803,0.6169,0.6238,1.9864,0.0180,2.6300,57038,492,422,1,0
2,804,0.6188,0.6170,2.0321,0.0168,2.6684,57165,492,400,1,0
2,805,0.6207,0.6143,1.9239,0.0195,2.5598,57233,492,396,1,0
2,806,0.6225,0.6045,1.9771,0.0109,2.5942,57582,492,400,1,0
2,807,0.6243,0.6569,1.9353,0.0138,2.6085,57643,492,400,1,0
2,808,0.6263,0.6239,1.9361,0.0196,2.5820,57735,492,405,1,0
2,809,0.6281,0.6099,1.9576,0.0161,2.5857,57754,492,419,1,0
2,810,0.6301,0.6385,2.0735,0.0139,2.7282,57665,492,422,1,0
2,811,0.6319,0.6346,1.9933,0.0166,2.6465,57696,492,432,1,0
2,812,0.6339,0.6148,2.0323,0.0139,2.6633,56931,492,433,1,0
2,813,0.6359,0.6026,1.8731,0.0158,2.4939,56802,492,433,1,0
2,814,0.6377,0.6165,1.8978,0.0088,2.5261,57058,492,434,1,0
2,815,0.6395,0.6589,1.9501,0.0131,2.6244,57241,492,430,1,0
2,816,0.6415,0.6256,2.0318,0.0141,2.6773,57239,492,428,1,0
2,817,0.6434,0.6371,1.9831,0.0172,2.6406,57361,492,429,1,0
2,818,0.6453,0.6003,2.1630,0.0100,2.7767,57453,492,434,1,0
2,819,0.6472,0.6147,1.9086,0.0106,2.5361,57424,492,436,1,0
2,820,0.6491,0.6325,1.9505,0.0197,2.6081,57464,492,436,1,0
2,821,0.6509,0.6370,2.0134,0.0283,2.6826,57369,492,443,29,4
2,822,0.6528,0.6443,2.0148,0.0281,2.6895,57202,492,443,29,8
2,823,0.6548,0.6291,1.9374,0.0423,2.6113,56980,492,443,29,8
2,824,0.6566,0.6011,1.9107,0.0391,2.5536,57057,492,443,29,33
2,825,0.6585,0.6220,1.8859,0.0405,2.5505,56883,492,443,45,52
2,826,0.6603,0.6391,1.8930,0.0411,2.5758,56091,492,443,45,59
2,827,0.6622,0.6279,1.8817,0.0468,2.5591,56146,492,446,47,90
2,828,0.6641,0.6299,2.0082,0.0650,2.7048,57026,492,446,93,116
2,829,0.6662,0.6407,1.9668,0.0792,2.6889,57238,492,444,115,158
2,830,0.6683,0.6186,1.9752,0.0875,2.6838,57535,492,445,137,192
2,831,0.6703,0.6334,1.9873,0.1057,2.7283,57279,492,448,161,265
2,832,0.6724,0.6287,1.9351,0.1096,2.6767,57320,492,448,173,334
2,833,0.6745,0.5798,1.9755,0.1126,2.6702,57948,492,448,191,433
2,834,0.6764,0.6070,2.0023,0.1544,2.7668,57771,492,448,245,617
2,835,0.6785,0.6210,2.0167,0.2409,2.8812,57238,492,449,291,837
2,836,0.6809,0.6176,2.0794,0.3062,3.0056,57218,492,449,351,1386
2,837,0.6834,0.5830,1.8908,0.3455,2.8210,56493,492,449,397,1910
2,838,0.6861,0.6396,2.0348,0.3905,3.0672,56483,492,449,399,2368
2,839,0.6891,0.6681,2.1964,0.4529,3.3201,56315,492,449,447,2730
2,840,0.6922,0.6631,2.0814,0.5169,3.2640,56132,492,449,515,3234
2,841,0.6955,0.6506,2.1162,0.5687,3.3381,56443,492,449,543,3543
2,842,0.6989,0.6504,2.1545,0.6450,3.4524,56834,492,440,611,3980
2,843,0.7027,0.6897,2.0998,0.6900,3.4831,56493,492,440,691,4614
2,844,0.7069,0.7153,2.0173,0.7957,3.5327,56321,492,440,773,5433
2,845,0.7118,0.6852,2.0432,0.9308,3.6630,56474,492,440,845,6096
2,846,0.7166,0.7643,2.0816,0.8517,3.7000,55913,492,435,875,6748
2,847,0.7219,0.6691,1.9301,0.8909,3.4927,55973,492,428,927,7447
2,848,0.7272,0.6672,1.9743,0.9407,3.5856,56979,492,396,949,8086
2,849,0.7327,0.6706,2.1109,1.0507,3.8347,57068,492,405,973,8521
2,850,0.7411,0.6817,1.9065,0.9726,3.5628,55015,492,433,983,9225
2,851,0.7493,0.6188,1.9303,0.9754,3.5264,55319,492,428,983,9363
2,852,0.7548,0.7378,1.9793,0.9789,3.6989,55517,492,436,983,9337
2,853,0.7607,0.7173,1.9824,0.9825,3.6879,55496,492,443,983,9089
2,854,0.7669,0.7732,1.9378,0.9476,3.6606,55584,492,443,973,8537
2,855,0.7728,0.6623,1.9627,0.9265,3.5542,55724,492,444,949,8050
2,856,0.7808,0.6199,1.9256,0.8359,3.3839,55595,492,448,907,7046
2,857,0.7857,0.6515,1.9087,0.7941,3.3569,56598,492,449,849,6452
2,858,0.7907,0.8133,1.9359,0.7357,3.4869,56115,492,449,803,5681
2,859,0.7954,0.6918,1.9842,0.6751,3.3534,56017,492,449,725,4987
2,860,0.7999,0.6888,2.0713,0.5834,3.3463,55888,492,449,623,4051
2,861,0.8038,0.7734,2.0404,0.5347,3.3512,55709,492,440,535,3515
2,862,0.8072,0.6477,2.0461,0.5062,3.2029,55851,492,440,509,3215
2,863,0.8104,0.6397,2.0605,0.4664,3.1694,57069,492,440,471,2832
2,864,0.8135,0.6648,2.0904,0.3775,3.1363,57622,492,440,389,2362
2,865,0.8164,0.6328,2.0604,0.3773,3.0734,56859,492,440,361,1908
2,866,0.8192,0.6299,2.0935,0.2983,3.0238,57179,492,437,339,1371
2,867,0.8217,0.6151,1.9919,0.2764,2.8863,57547,492,435,291,816
2,868,0.8240,0.5886,1.8840,0.1626,2.6373,57162,492,430,243,570
2,869,0.8261,0.6371,2.0032,0.1333,2.7756,57038,492,423,213,411
2,870,0.8282,0.6367,1.9708,0.1105,2.7204,57165,492,400,167,312
2,871,0.8303,0.6195,1.9144,0.1080,2.6447,57233,492,396,161,261
2,872,0.8322,0.6204,1.9463,0.0751,2.6460,57361,492,400,123,182
2,873,0.8341,0.6113,1.9826,0.0742,2.6709,57900,492,400,111,147
2,874,0.8360,0.6420,1.9810,0.0533,2.6811,57788,492,405,93,111
2,875,0.8381,0.6348,2.0052,0.0523,2.6949,57597,492,419,47,90
2,876,0.8400,0.6427,1.8402,0.0399,2.5256,57457,492,422,45,52
2,877,0.8419,0.6045,1.8539,0.0292,2.4894,57591,492,429,29,45
2,878,0.8437,0.6394,1.9631,0.0353,2.6407,56931,492,433,29,20
2,879,0.8456,0.6272,2.2172,0.0344,2.8807,56802,492,433,29,8
2,880,0.8476,0.5999,1.8599,0.0292,2.4907,56874,492,434,29,8
2,881,0.8496,0.6149,1.9278,0.0276,2.5722,57239,492,428,1,0
2,882,0.8514,0.6103,1.9560,0.0196,2.5878,57360,492,428,1,0
2,883,0.8532,0.6430,1.9671,0.0135,2.6253,57291,492,432,1,0
2,884,0.8551,0.6425,1.9994,0.0143,2.6583,57454,492,434,1,0
2,885,0.8569,0.6352,1.9804,0.0143,2.6321,57412,492,436,1,0
2,886,0.8587,0.6092,1.9664,0.0153,2.5929,57216,492,436,1,0
2,887,0.8605,0.6053,1.9159,0.0179,2.5417,57391,492,443,1,0
2,888,0.8623,0.6089,1.9647,0.0169,2.5936,57395,492,443,1,0
2,889,0.8642,0.6179,1.8931,0.0137,2.5260,57092,492,443,1,0
2,890,0.8660,0.6325,1.9529,0.0108,2.5974,57001,492,443,1,0
2,891,0.8678,0.6250,1.9348,0.0194,2.5820,56883,492,443,1,0
2,892,0.8697,0.6306,1.9496,0.0094,2.5916,56095,492,443,1,0
2,893,0.8716,0.6317,1.9754,0.0257,2.6353,56146,492,446,1,0
2,894,0.8734,0.6094,1.9835,0.0072,2.6018,57026,492,446,1,0
2,895,0.8753,0.6326,1.9881,0.0192,2.6428,57104,492,444,1,0
2,896,0.8773,0.6355,1.9354,0.0184,2.5923,57632,492,445,1,0
2,897,0.8791,0.6114,1.9061,0.0176,2.5372,57305,492,448,1,0
2,898,0.8810,0.6117,1.8264,0.0081,2.4478,57383,492,448,1,0
2,899,0.8828,0.6102,1.9843,0.0101,2.6068,57922,492,448,1,0
2,900,0.8846,0.6093,2.1356,0.0120,2.7598,57996,492,448,1,0
2,901,0.8865,0.6029,1.9299,0.0172,2.5525,57614,492,448,1,0
2,902,0.8883,0.6206,1.9718,0.0101,2.6042,57323,492,449,1,0
2,903,0.8901,0.6185,1.9265,0.0159,2.5633,57711,492,449,1,0
2,904,0.8919,0.6220,1.9778,0.0097,2.6115,57065,492,449,1,0
2,905,0.8937,0.6447,1.9639,0.0146,2.6253,56636,492,449,1,0
2,906,0.8955,0.6226,1.9571,0.0167,2.5990,57301,492,449,1,0
2,907,0.8974,0.6312,1.9993,0.0130,2.6457,57249,492,449,1,0
2,908,0.8993,0.6306,1.9710,0.0060,2.6090,56861,492,449,1,0
2,909,0.9011,0.6388,2.0086,0.0163,2.6664,57137,492,449,1,0
2,910,0.9030,0.6324,1.9706,0.0146,2.6203,57018,492,449,1,0
2,911,0.9048,0.6368,1.9817,0.0150,2.6359,57213,492,449,1,0
2,912,0.9066,0.6289,2.0012,0.0126,2.6445,57410,492,440,1,0
2,913,0.9084,0.6403,1.9775,0.0091,2.6294,57387,492,441,1,0
2,914,0.9103,0.6299,1.9493,0.0119,2.5929,57663,492,440,1,0
2,915,0.9121,0.6267,1.9383,0.0149,2.5820,57308,492,440,1,0
2,916,0.9152,0.5815,2.0152,0.0069,2.6056,56573,492,440,1,0
2,917,0.9177,0.5785,2.0712,0.0064,2.6577,57551,492,440,1,0
2,918,0.9204,0.5991,2.1106,0.0060,2.7175,57567,492,440,1,0
2,919,0.9231,0.5962,2.0744,0.0131,2.6860,56906,492,437,1,0
2,920,0.9257,0.5815,2.0977,0.0070,2.6879,57058,492,435,1,0
2,921,0.9284,0.5753,2.2670,0.0078,2.8524,56948,492,432,1,0
2,922,0.9311,0.5807,2.0465,0.0067,2.6359,56829,492,422,1,0
2,923,0.9338,0.5740,2.8869,0.0073,3.4705,57127,492,390,1,0
2,924,0.9372,0.5866,2.8649,0.0081,3.4617,57406,492,400,1,0
2,925,0.9402,0.5799,2.8928,0.0079,3.4826,57788,492,405,1,0
2,926,0.9429,0.5791,2.7219,0.0069,3.3103,57588,492,419,1,0
2,927,0.9458,0.5921,2.7405,0.0086,3.3433,57211,492,424,1,0
2,928,0.9489,0.6069,2.8241,0.0159,3.4497,56067,492,433,1,0
2,929,0.9519,0.5744,2.5361,0.0079,3.1205,56866,492,434,1,0
2,930,0.9548,0.5749,2.6088,0.0078,3.1933,57551,492,428,1,0
2,931,0.9579,0.5764,2.7615,0.0089,3.3493,56971,492,429,1,0
2,932,0.9607,0.5757,2.6194,0.0070,3.2038,57152,492,436,1,0
2,933,0.9636,0.5921,2.5935,0.0076,3.1956,56739,492,436,1,0
2,934,0.9755,0.6025,0.8329,0.0058,1.4429,53217,492,446,1,0
2,935,0.9777,0.7225,0.9421,0.0137,1.6795,57738,492,446,1,0
2,936,0.9797,0.7009,1.8176,0.0085,2.5293,57613,492,445,1,0
2,937,0.9818,0.7116,1.4539,0.0075,2.1750,56933,492,445,1,0
2,938,0.9839,0.6997,1.5667,0.0068,2.2754,56916,492,448,1,0
2,939,0.9860,0.6993,1.6083,0.0063,2.3155,57211,492,448,1,0
2,940,0.9882,0.7063,1.6329,0.0070,2.3484,57447,492,448,1,0
2,941,0.9903,0.7336,1.6532,0.0062,2.3950,57545,492,448,1,0
2,942,0.9924,0.7307,1.5730,0.0073,2.3128,57664,492,448,1,0
2,943,0.9943,0.6293,1.4045,0.0070,2.0431,58048,492,449,1,0
2,944,0.9961,0.6329,1.4634,0.0060,2.1045,57874,492,449,1,0
2,945,0.9978,0.6317,1.4436,0.0058,2.0830,57632,492,449,1,0
2,946,0.9996,0.6352,1.4546,0.0066,2.0986,57436,492,449,1,0
3,947,0.0020,0.6182,1.4883,0.0063,2.1149,46418,492,479,1,0
3,948,0.0038,0.6404,1.6208,0.0062,2.2695,57591,492,429,1,0
3,949,0.0056,0.6233,1.2909,0.0093,1.9250,56931,492,433,1,0
3,950,0.0072,0.6233,1.2693,0.0060,1.9000,57142,492,433,1,0
3,951,0.0090,0.6232,1.4018,0.0082,2.0347,56948,492,434,1,0
3,952,0.0107,0.6089,1.4207,0.0064,2.0379,57094,492,430,1,0
3,953,0.0124,0.6156,1.3338,0.0055,1.9571,57387,492,428,1,0
3,954,0.0141,0.6375,1.3754,0.0107,2.0256,57215,492,428,1,0
3,955,0.0159,0.6099,1.3222,0.0138,1.9484,57481,492,432,1,0
3,956,0.0176,0.6221,1.8893,0.0064,2.5203,57624,492,434,1,0
3,957,0.0194,0.6122,1.6082,0.0057,2.2280,57303,492,436,1,0
3,958,0.0211,0.6366,1.3580,0.0062,2.0031,57278,492,436,1,0
3,959,0.0229,0.6484,1.8976,0.0086,2.5568,57595,492,443,1,0
3,960,0.0248,0.5993,1.8300,0.0059,2.4383,56949,492,443,1,0
3,961,0.0266,0.6245,1.4427,0.0056,2.0754,57205,492,443,1,0
3,962,0.0283,0.6107,1.0932,0.0053,1.7107,57180,492,443,1,0
3,963,0.0300,0.6170,1.3621,0.0111,1.9919,56943,492,443,1,0
3,964,0.0318,0.6181,1.8082,0.0063,2.4350,56161,492,443,1,0
3,965,0.0336,0.6380,1.2602,0.0118,1.9124,56221,492,443,1,0
3,966,0.0353,0.6288,1.8800,0.0139,2.5244,57372,492,446,1,0
3,967,0.0371,0.6378,1.3180,0.0184,1.9764,57182,492,445,1,0
3,968,0.0389,0.6105,1.6544,0.0061,2.2723,57695,492,445,1,0
3,969,0.0407,0.6383,1.6681,0.0068,2.3149,57775,492,448,1,0
3,970,0.0425,0.6228,1.3739,0.0060,2.0049,57321,492,448,1,0
3,971,0.0443,0.6178,1.3680,0.0128,2.0007,57347,492,448,1,0
3,972,0.0460,0.6282,1.5537,0.0068,2.1903,57948,492,448,1,0
3,973,0.0478,0.6432,1.8988,0.0066,2.5514,57836,492,448,1,0
3,974,0.0496,0.6303,1.3818,0.0082,2.0230,57362,492,448,1,0
3,975,0.0514,0.6225,1.5214,0.0062,2.1523,57490,492,449,1,0
3,976,0.0531,0.6334,1.3234,0.0081,1.9669,57498,492,449,1,0
3,977,0.0549,0.6007,1.6510,0.0060,2.2594,57064,492,449,1,0
3,978,0.0566,0.6235,1.3627,0.0059,1.9946,57054,492,449,1,0
3,979,0.0584,0.6272,1.4532,0.0057,2.0877,57217,492,449,1,0
3,980,0.0601,0.6443,1.4001,0.0127,2.0594,56863,492,449,1,0
3,981,0.0619,0.6354,1.4437,0.0061,2.0869,56962,492,449,1,0
3,982,0.0637,0.5799,1.1617,0.0139,1.7576,57152,492,449,1,0
3,983,0.0654,0.6099,1.2696,0.0071,1.8888,57273,492,449,1,0
3,984,0.0672,0.6349,1.8166,0.0062,2.4599,57213,492,449,1,0
3,985,0.0690,0.6346,1.3293,0.0058,1.9716,57410,492,440,1,0
3,986,0.0708,0.6303,1.8466,0.0062,2.4851,57387,492,441,1,0
3,987,0.0725,0.6226,1.3662,0.0089,1.9996,57663,492,440,1,0
3,988,0.0743,0.6205,1.7158,0.0068,2.3456,57308,492,440,1,0
3,989,0.0761,0.6239,1.4160,0.0150,2.0574,56913,492,440,1,0
3,990,0.0778,0.6247,1.2800,0.0066,1.9134,57561,492,440,1,0
3,991,0.0795,0.6247,1.3686,0.0057,2.0011,57880,492,440,1,0
3,992,0.0813,0.6177,1.6870,0.0058,2.3119,57837,492,440,1,0
3,993,0.0831,0.6240,0.9736,0.0188,1.6183,57731,492,437,1,0
3,994,0.0848,0.6298,1.4592,0.0062,2.0970,57249,492,437,1,0
3,995,0.0866,0.6316,1.3303,0.0119,1.9755,57241,492,437,1,0
3,996,0.0883,0.6293,1.6922,0.0059,2.3293,57768,492,435,1,0
3,997,0.0901,0.6278,1.3290,0.0182,1.9770,57791,492,432,1,0
3,998,0.0918,0.6241,1.3433,0.0092,1.9790,57068,492,428,1,0
3,999,0.0935,0.6352,2.0222,0.0206,2.6798,57023,492,414,1,0
3,1000,0.0953,0.6125,1.2898,0.0139,1.9176,57656,492,400,1,0
3,1001,0.0971,0.6338,1.2732,0.0091,1.9186,57501,492,396,1,0
3,1002,0.0989,0.7352,1.5264,0.0061,2.2696,57605,492,400,1,0
3,1003,0.1007,0.6296,1.4188,0.0061,2.0565,58017,492,400,1,0
3,1004,0.1025,0.6274,1.3305,0.0095,1.9707,58120,492,405,1,0
3,1005,0.1042,0.6193,1.2993,0.0091,1.9293,57899,492,414,1,0
3,1006,0.1059,0.6350,1.3606,0.0062,2.0041,57588,492,419,1,0
3,1007,0.1077,0.6317,1.5822,0.0066,2.2220,57696,492,425,1,0
3,1008,0.1095,0.6408,1.4215,0.0098,2.0739,57446,492,433,1,0
3,1009,0.1113,0.6389,1.4011,0.0132,2.0551,56644,492,433,1,0
3,1010,0.1131,0.6134,1.2800,0.0104,1.9061,56876,492,433,1,0
3,1011,0.1149,0.7545,1.5715,0.0063,2.3342,57914,492,431,1,0
3,1012,0.1167,0.6266,1.3940,0.0103,2.0335,57732,492,428,1,0
3,1013,0.1185,0.6185,2.1166,0.0202,2.7582,57551,492,428,1,0
3,1014,0.1203,0.6240,1.4431,0.0123,2.0810,57867,492,432,1,0
3,1015,0.1221,0.6207,1.8631,0.0075,2.4938,57630,492,434,1,0
3,1016,0.1239,0.6184,1.1989,0.0221,1.8410,57255,492,436,1,0
3,1017,0.1258,0.6071,1.3226,0.0057,1.9377,57087,492,436,1,0
3,1018,0.1275,0.6206,1.8188,0.0066,2.4475,57587,492,443,1,0
3,1019,0.1294,0.6340,1.3265,0.0135,1.9768,57161,492,443,1,0
3,1020,0.1311,0.6284,1.3277,0.0074,1.9664,57231,492,443,1,0
3,1021,0.1328,0.5872,1.6120,0.0065,2.2070,57497,492,443,1,0
3,1022,0.1346,0.6412,1.8481,0.0072,2.4998,57362,492,443,1,0
3,1023,0.1364,0.6085,1.2883,0.0125,1.9111,57494,492,443,1,0
3,1024,0.1382,0.6480,1.3627,0.0062,2.0186,57708,492,443,1,0
3,1025,0.1399,0.6425,1.4235,0.0095,2.0779,57825,492,446,1,0
3,1026,0.1417,0.6282,1.3087,0.0065,1.9458,57676,492,445,1,0
3,1027,0.1435,0.6467,1.3074,0.0086,1.9646,57016,492,445,1,0
3,1028,0.1452,0.6301,1.3545,0.0083,1.9956,56875,492,448,1,0
3,1029,0.1470,0.6211,1.3096,0.0119,1.9441,57591,492,448,1,0
3,1030,0.1487,0.6247,1.4196,0.0136,2.0598,57535,492,448,1,0
3,1031,0.1505,0.6224,1.3323,0.0096,1.9660,57510,492,448,1,0
3,1032,0.1523,0.6312,1.3294,0.0204,1.9827,57739,492,448,1,0
3,1033,0.1540,0.6212,1.3222,0.0119,1.9575,57656,492,448,1,0
3,1034,0.1558,0.6406,1.8825,0.0067,2.5322,57952,492,449,1,0
3,1035,0.1577,0.6315,1.3506,0.0106,1.9947,57888,492,449,1,0
3,1036,0.1594,0.6161,1.8178,0.0085,2.4447,57650,492,449,1,0
3,1037,0.1614,0.6389,1.4270,0.0057,2.0733,57364,492,449,1,0
3,1038,0.1632,0.6381,1.3311,0.0104,1.9815,57509,492,449,1,0
3,1039,0.1650,0.6453,1.3582,0.0099,2.0153,57056,492,449,1,0
3,1040,0.1667,0.6291,1.5635,0.0126,2.2081,56665,492,449,1,0
3,1041,0.1685,0.6444,1.2944,0.0099,1.9507,57559,492,449,1,0
3,1042,0.1703,0.6195,1.8126,0.0068,2.4408,58049,492,449,1,0
3,1043,0.1721,0.6224,1.7498,0.0070,2.3809,57755,492,449,1,0
3,1044,0.1739,0.6200,1.2260,0.0156,1.8637,57236,492,440,1,0
3,1045,0.1757,0.6297,1.1937,0.0141,1.8395,56427,492,441,1,0
3,1046,0.1774,0.6318,1.4663,0.0093,2.1093,56657,492,440,1,0
3,1047,0.1792,0.6437,1.2516,0.0118,1.9089,57197,492,440,1,0
3,1048,0.1810,0.6496,1.2511,0.0134,1.9166,57287,492,440,1,0
3,1049,0.1827,0.6333,1.3542,0.0100,2.0000,57974,492,440,1,0
3,1050,0.1845,0.6852,1.6715,0.0071,2.3656,58021,492,440,1,0
3,1051,0.1864,0.6244,1.2592,0.0140,1.8996,57663,492,440,1,0
3,1052,0.1881,0.6133,1.1836,0.0060,1.8044,57423,492,437,1,0
3,1053,0.1898,0.6435,1.1789,0.0163,1.8405,57247,492,437,1,0
3,1054,0.1916,0.6150,1.1784,0.0057,1.8011,57729,492,435,1,0
3,1055,0.1933,0.6298,1.1752,0.0136,1.8203,57547,492,435,1,0
3,1056,0.1950,0.6152,1.8571,0.0077,2.4833,57549,492,430,1,0
3,1057,0.1968,0.6272,1.8295,0.0061,2.4647,57529,492,428,1,0
3,1058,0.1986,0.6195,1.1772,0.0110,1.8094,57110,492,414,1,0
3,1059,0.2003,0.6349,1.7031,0.0067,2.3469,57272,492,390,1,0
3,1060,0.2021,0.6350,1.6197,0.0135,2.2703,57299,492,400,1,0
3,1061,0.2039,0.6413,1.2519,0.0133,1.9086,57462,492,400,1,0
3,1062,0.2057,0.6395,1.2776,0.0100,1.9290,57900,492,400,1,0
3,1063,0.2075,0.6345,1.7098,0.0069,2.3532,57801,492,405,1,0
3,1064,0.2095,0.6925,1.5742,0.0071,2.2761,57597,492,419,1,0
3,1065,0.2115,0.6034,1.4842,0.0064,2.0954,57576,492,422,1,0
3,1066,0.2132,0.7452,1.4726,0.0133,2.2333,57591,492,429,1,0
3,1067,0.2150,0.6289,1.2709,0.0115,1.9132,56931,492,433,1,0
3,1068,0.2168,0.6314,1.6881,0.0071,2.3292,56849,492,433,1,0
3,1069,0.2186,0.6178,0.9680,0.0125,1.6006,57058,492,434,1,0
3,1070,0.2204,0.6750,1.3036,0.0111,1.9917,57202,492,430,1,0
3,1071,0.2221,0.6461,1.2816,0.0110,1.9404,57495,492,428,1,0
3,1072,0.2239,0.6133,1.8283,0.0064,2.4502,57269,492,429,1,0
3,1073,0.2258,0.6544,1.4960,0.0111,2.1635,57311,492,432,1,0
3,1074,0.2276,0.6362,1.3274,0.0104,1.9758,57591,492,436,1,0
3,1075,0.2295,0.6130,1.2783,0.0105,1.9041,57361,492,436,1,0
3,1076,0.2312,0.6165,1.2019,0.0128,1.8330,57501,492,436,1,0
3,1077,0.2329,0.6136,1.6703,0.0061,2.2918,57286,492,443,1,0
3,1078,0.2347,0.6307,1.2497,0.0096,1.8915,56967,492,443,1,0
3,1079,0.2365,0.6238,1.4660,0.0074,2.0999,57426,492,443,1,0
3,1080,0.2382,0.6598,1.5262,0.0071,2.1966,57411,492,443,1,0
3,1081,0.2400,0.6186,1.2982,0.0068,1.9254,56822,492,443,1,0
3,1082,0.2417,0.6271,1.3636,0.0058,1.9980,56291,492,443,1,0
3,1083,0.2435,0.6224,1.8301,0.0065,2.4606,56283,492,446,1,0
3,1084,0.2454,0.6822,1.4250,0.0157,2.1251,56989,492,446,1,0
3,1085,0.2472,0.6348,1.8443,0.0062,2.4871,57375,492,444,1,0
3,1086,0.2490,0.6073,1.2756,0.0069,1.8918,57749,492,445,1,0
3,1087,0.2507,0.6187,1.2956,0.0060,1.9223,57371,492,448,1,0
3,1088,0.2524,0.6165,1.3724,0.0059,1.9968,57352,492,448,1,0
3,1089,0.2541,0.6376,1.4731,0.0064,2.1191,57931,492,448,1,0
3,1090,0.2559,0.6136,1.8339,0.0070,2.4573,57948,492,448,1,0
3,1091,0.2577,0.6265,1.3758,0.0098,2.0153,57771,492,448,1,0
3,1092,0.2595,0.7590,1.5404,0.0072,2.3084,57329,492,449,1,0
3,1093,0.2613,0.6443,1.4118,0.0062,2.0656,57545,492,449,1,0
3,1094,0.2631,0.6137,1.4390,0.0069,2.0614,57247,492,449,1,0
3,1095,0.2649,0.6255,1.3411,0.0067,1.9755,56655,492,449,1,0
3,1096,0.2668,0.6244,1.3093,0.0070,1.9433,57175,492,449,1,0
3,1097,0.2685,0.6133,1.2528,0.0090,1.8772,57408,492,449,1,0
3,1098,0.2703,0.6150,1.3825,0.0082,2.0080,56875,492,449,1,0
3,1099,0.2720,0.6307,1.2746,0.0083,1.9163,56955,492,449,1,0
3,1100,0.2738,0.6604,1.3665,0.0157,2.0443,57295,492,449,1,0
3,1101,0.2755,0.7038,1.4298,0.0065,2.1420,57183,492,449,1,0
3,1102,0.2773,0.6319,1.8137,0.0072,2.4544,57399,492,448,1,0
3,1103,0.2791,0.6343,1.3262,0.0075,1.9701,57495,492,440,1,0
3,1104,0.2809,0.6494,1.2564,0.0147,1.9227,57252,492,441,1,0
3,1105,0.2827,0.6303,1.2629,0.0079,1.9027,57612,492,440,1,0
3,1106,0.2844,0.6441,1.2819,0.0135,1.9444,57479,492,440,1,0
3,1107,0.2862,0.6287,1.2825,0.0144,1.9277,56900,492,440,1,0
3,1108,0.2880,0.6166,1.8154,0.0063,2.4410,57355,492,440,1,0
3,1109,0.2898,0.6071,1.5755,0.0063,2.1902,57891,492,440,1,0
3,1110,0.2916,0.6083,1.2168,0.0162,1.8431,57980,492,440,1,0
3,1111,0.2933,0.6940,1.2838,0.0082,1.9878,57597,492,437,1,0
3,1112,0.2951,0.6187,1.6607,0.0068,2.2883,56991,492,437,1,0
3,1113,0.2970,0.6344,1.2514,0.0169,1.9054,57457,492,435,1,0
3,1114,0.2987,0.6467,1.3172,0.0111,1.9765,57906,492,435,1,0
3,1115,0.3005,0.6344,1.8529,0.0071,2.4969,57089,492,430,1,0
3,1116,0.3023,0.6135,1.2533,0.0081,1.8767,56869,492,422,1,0
3,1117,0.3041,0.6316,1.4423,0.0087,2.0854,57656,492,407,1,0
3,1118,0.3059,0.6324,1.1831,0.0060,1.8242,57545,492,390,1,0
3,1119,0.3077,0.6388,1.2874,0.0102,1.9379,57711,492,400,1,0
3,1120,0.3094,0.6293,1.2671,0.0147,1.9136,57942,492,400,1,0
3,1121,0.3112,0.6259,1.4477,0.0138,2.0891,58027,492,400,1,0
3,1122,0.3129,0.6031,1.7931,0.0065,2.4053,57899,492,414,1,0
3,1123,0.3149,0.7198,1.9329,0.0436,2.6984,57732,492,419,1,0
3,1124,0.3170,0.6335,1.8318,0.0068,2.4780,57581,492,424,1,0
3,1125,0.3188,0.6176,1.1766,0.0174,1.8138,57314,492,429,1,0
3,1126,0.3206,0.6702,1.2622,0.0119,1.9468,56894,492,433,1,0
3,1127,0.3223,0.6253,1.4627,0.0191,2.1092,56866,492,433,1,0
3,1128,0.3241,0.6429,1.3094,0.0103,1.9648,57858,492,434,1,0
3,1129,0.3259,0.6372,1.3289,0.0118,1.9800,57975,492,428,1,0
3,1130,0.3277,0.6267,1.4493,0.0152,2.0941,57551,492,428,1,0
3,1131,0.3294,0.6339,1.2695,0.0125,1.9188,57753,492,429,1,0
3,1132,0.3312,0.6182,1.2727,0.0105,1.9039,57630,492,434,1,0
3,1133,0.3330,0.6811,1.3229,0.0109,2.0168,57315,492,436,1,0
3,1134,0.3347,0.6364,1.7672,0.0062,2.4114,57143,492,436,1,0
3,1135,0.3365,0.6406,1.3099,0.0119,1.9648,57412,492,443,1,0
3,1136,0.3383,0.6504,1.1555,0.0152,1.8227,57330,492,443,1,0
3,1137,0.3401,0.5986,2.1009,0.0152,2.7164,57044,492,443,1,0
3,1138,0.3420,0.6130,1.8137,0.0058,2.4344,57279,492,443,1,0
3,1139,0.3438,0.6169,1.2141,0.0146,1.8475,57430,492,443,1,0
3,1140,0.3455,0.6189,1.2794,0.0105,1.9108,57574,492,443,1,0
3,1141,0.3472,0.6306,1.2494,0.0082,1.8902,57456,492,443,1,0
3,1142,0.3489,0.6256,1.2841,0.0114,1.9245,57760,492,446,1,0
3,1143,0.3507,0.6154,1.1759,0.0166,1.8096,57717,492,446,1,0
3,1144,0.3524,0.6149,1.4395,0.0056,2.0615,57251,492,445,1,0
3,1145,0.3542,0.6182,1.2809,0.0104,1.9114,57137,492,445,1,0
3,1146,0.3559,0.6111,1.4456,0.0119,2.0703,57466,492,448,1,0
3,1147,0.3577,0.6261,1.3749,0.0091,2.0121,57439,492,448,1,0
3,1148,0.3594,0.6172,1.5201,0.0065,2.1458,57518,492,448,1,0
3,1149,0.3612,0.6415,1.3548,0.0092,2.0082,57583,492,448,1,0
3,1150,0.3630,0.6316,1.2986,0.0097,1.9424,57671,492,448,1,0
3,1151,0.3648,0.6355,1.8892,0.0071,2.5341,57900,492,449,1,0
3,1152,0.3666,0.6260,1.5527,0.0060,2.1861,57935,492,449,1,0
3,1153,0.3684,0.6117,1.3956,0.0166,2.0269,57650,492,449,1,0
3,1154,0.3702,0.6244,1.2871,0.0112,1.9290,57544,492,449,1,0
3,1155,0.3718,0.5993,1.2446,0.0072,1.8539,57451,492,449,1,0
3,1156,0.3735,0.6106,1.3372,0.0058,1.9562,57199,492,449,1,0
3,1157,0.3754,0.6468,1.2552,0.0115,1.9154,56508,492,449,1,0
3,1158,0.3771,0.7416,1.5299,0.0104,2.2841,57444,492,449,1,0
3,1159,0.3790,0.6641,1.4311,0.0136,2.1107,57948,492,449,1,0
3,1160,0.3810,0.6354,1.4727,0.0063,2.1169,57825,492,449,1,0
3,1161,0.3828,0.6479,1.5445,0.0069,2.2011,57392,492,440,1,0
3,1162,0.3846,0.6430,1.3545,0.0134,2.0127,56689,492,441,1,0
3,1163,0.3864,0.6340,1.3230,0.0074,1.9667,56733,492,441,1,0
3,1164,0.3882,0.6534,1.3596,0.0057,2.0206,56808,492,440,1,0
3,1165,0.3900,0.6367,1.2845,0.0095,1.9331,57174,492,440,1,0
3,1166,0.3917,0.6116,1.6656,0.0062,2.2849,57788,492,440,1,0
3,1167,0.3936,0.6224,1.3669,0.0069,1.9996,58019,492,440,1,0
3,1168,0.3953,0.6408,1.4066,0.0065,2.0574,57789,492,440,1,0
3,1169,0.3971,0.6542,1.4500,0.0118,2.1179,57451,492,437,1,0
3,1170,0.3989,0.6183,1.3361,0.0104,1.9680,57247,492,437,1,0
3,1171,0.4006,0.6212,1.3621,0.0143,1.9999,57680,492,437,1,0
3,1172,0.4024,0.6101,1.3526,0.0085,1.9732,57547,492,435,1,0
3,1173,0.4041,0.6150,1.6224,0.0078,2.2481,57632,492,430,1,0
3,1174,0.4059,0.6282,1.4737,0.0064,2.1103,57726,492,429,1,0
3,1175,0.4077,0.6426,1.4246,0.0062,2.0765,57146,492,414,1,0
3,1176,0.4095,0.6345,1.8292,0.0060,2.4714,57165,492,400,1,0
3,1177,0.4114,0.6545,1.3084,0.0066,1.9723,57299,492,396,1,0
3,1178,0.4132,0.6136,1.3203,0.0076,1.9434,57582,492,400,1,0
3,1179,0.4149,0.6143,1.3398,0.0082,1.9644,57810,492,400,1,0
3,1180,0.4165,0.6198,1.2636,0.0087,1.8943,57735,492,405,1,0
3,1181,0.4183,0.6043,1.5920,0.0057,2.2034,57974,492,414,1,0
3,1182,0.4200,0.6099,1.3145,0.0074,1.9353,57740,492,419,1,0
3,1183,0.4218,0.6449,1.4040,0.0127,2.0632,57443,492,425,1,0
3,1184,0.4235,0.6371,1.4424,0.0064,2.0875,57431,492,433,1,0
3,1185,0.4253,0.6200,1.7755,0.0062,2.4039,57020,492,433,1,0
3,1186,0.4271,0.6228,1.2967,0.0083,1.9296,56761,492,433,1,0
3,1187,0.4288,0.6235,1.4354,0.0061,2.0669,57018,492,434,1,0
3,1188,0.4306,0.6340,1.4327,0.0064,2.0751,57239,492,428,1,0
3,1189,0.4324,0.6348,1.3581,0.0056,2.0002,57423,492,428,1,0
3,1190,0.4341,0.6262,1.3321,0.0088,1.9691,57291,492,429,1,0
3,1191,0.4359,0.6361,1.3714,0.0061,2.0156,57454,492,434,1,0
3,1192,0.4377,0.6287,1.3235,0.0124,1.9664,57424,492,436,1,0
3,1193,0.4393,0.5954,1.1972,0.0141,1.8105,57505,492,436,1,0
3,1194,0.4411,0.6106,1.2966,0.0057,1.9148,57463,492,443,1,0
3,1195,0.4427,0.6325,1.3976,0.0057,2.0378,57288,492,443,1,0
3,1196,0.4445,0.6156,1.7922,0.0107,2.4198,56915,492,443,1,0
3,1197,0.4463,0.6196,1.3943,0.0063,2.0224,57226,492,443,1,0
3,1198,0.4481,0.6183,1.2959,0.0084,1.9244,57094,492,443,1,0
3,1199,0.4498,0.6389,1.4252,0.0060,2.0722,56908,492,443,1,0
3,1200,0.4515,0.6242,1.3387,0.0085,1.9731,56424,492,443,1,0
3,1201,0.4533,0.6076,2.0137,0.0150,2.6383,56146,492,446,1,0
3,1202,0.4551,0.5893,1.2444,0.0099,1.8455,57117,492,446,1,0
3,1203,0.4569,0.6130,1.3094,0.0068,1.9318,57425,492,445,1,0
3,1204,0.4585,0.6432,1.4400,0.0060,2.0910,57786,492,445,1,0
3,1205,0.4603,0.6242,1.3960,0.0099,2.0326,57305,492,448,1,0
3,1206,0.4620,0.6165,1.3892,0.0070,2.0150,57420,492,448,1,0
3,1207,0.4638,0.6276,1.5654,0.0063,2.2014,57931,492,448,1,0
3,1208,0.4655,0.6184,1.3753,0.0082,2.0038,57996,492,448,1,0
3,1209,0.4673,0.6424,1.4417,0.0062,2.0919,57780,492,448,1,0
3,1210,0.4690,0.6166,1.8803,0.0079,2.5075,57329,492,449,1,0
3,1211,0.4709,0.5888,1.5233,0.0063,2.1196,57545,492,449,1,0
3,1212,0.4726,0.6180,1.3782,0.0058,2.0036,57247,492,449,1,0
3,1213,0.4743,0.6270,1.3290,0.0154,1.9734,56668,492,449,1,0
3,1214,0.4761,0.6068,1.3091,0.0075,1.9254,57151,492,449,1,0
3,1215,0.4778,0.6318,1.8862,0.0067,2.5263,57408,492,449,1,0
3,1216,0.4797,0.6279,1.3474,0.0111,1.9882,56641,492,449,1,0
3,1217,0.4814,0.6362,1.4150,0.0063,2.0599,57008,492,449,1,0
3,1218,0.4832,0.6229,1.8258,0.0075,2.4586,57295,492,449,1,0
3,1219,0.4850,0.6266,1.3659,0.0098,2.0039,57183,492,449,1,0
3,1220,0.4867,0.6135,1.8306,0.0063,2.4519,57399,492,448,1,0
3,1221,0.4885,0.6178,1.3832,0.0084,2.0113,57495,492,440,1,0
3,1222,0.4903,0.6188,1.3783,0.0121,2.0114,57252,492,441,1,0
3,1223,0.4920,0.6302,1.4729,0.0066,2.1122,57612,492,440,1,0
3,1224,0.4938,0.6470,1.8481,0.0156,2.5125,57479,492,440,1,0
3,1225,0.4956,0.6398,1.3889,0.0057,2.0370,56900,492,440,1,0
3,1226,0.4973,0.6275,1.7185,0.0131,2.3636,57398,492,440,1,0
3,1227,0.4991,0.6314,1.5825,0.0065,2.2227,57959,492,440,1,0
3,1228,0.5009,0.6351,0.9735,0.0076,1.6195,57969,492,440,1,0
3,1229,0.5026,0.6125,1.4119,0.0059,2.0323,57632,492,437,1,0
3,1230,0.5044,0.6154,1.7854,0.0067,2.4091,56983,492,437,1,0
3,1231,0.5062,0.6356,1.4944,0.0061,2.1378,57283,492,435,1,0
3,1232,0.5079,0.6404,1.4987,0.0062,2.1475,57854,492,435,1,0
3,1233,0.5097,0.6399,1.3960,0.0119,2.0510,57313,492,430,1,0
3,1234,0.5114,0.6102,1.3034,0.0131,1.9290,57000,492,423,1,0
3,1235,0.5131,0.6325,1.4307,0.0063,2.0712,57827,492,414,1,0
3,1236,0.5148,0.6470,1.5499,0.0058,2.2046,57724,492,390,1,0
3,1237,0.5168,0.6238,1.3834,0.0092,2.0186,57629,492,400,1,0
3,1238,0.5185,0.6354,1.4538,0.0059,2.0971,57775,492,400,1,0
3,1239,0.5203,0.6029,1.4603,0.0062,2.0714,58017,492,400,1,0
3,1240,0.5220,0.6245,1.4256,0.0094,2.0611,57914,492,409,1,0
3,1241,0.5238,0.6164,1.7007,0.0129,2.3321,57852,492,419,1,0
3,1242,0.5255,0.6353,1.4257,0.0074,2.0721,57763,492,422,1,0
3,1243,0.5273,0.6158,1.8181,0.0063,2.4422,57542,492,429,1,0
3,1244,0.5293,0.6246,1.7264,0.0065,2.3594,57108,492,433,1,0
3,1245,0.5312,0.6142,1.4387,0.0060,2.0605,56471,492,433,1,0
3,1246,0.5329,0.6420,1.7889,0.0100,2.4435,57440,492,434,1,0
3,1247,0.5348,0.6562,1.6004,0.0073,2.2669,57975,492,430,1,0
3,1248,0.5366,0.6391,1.4057,0.0066,2.0545,57551,492,428,1,0
3,1249,0.5383,0.6306,1.5946,0.0060,2.2330,57753,492,429,1,0
3,1250,0.5401,0.6268,1.4429,0.0058,2.0770,57885,492,432,1,0
3,1251,0.5419,0.6330,1.8502,0.0152,2.5005,57489,492,436,1,0
3,1252,0.5438,0.6181,1.8273,0.0094,2.4562,56850,492,436,1,0
3,1253,0.5456,0.6157,1.8067,0.0060,2.4309,57364,492,436,1,0
3,1254,0.5474,0.6297,1.5658,0.0060,2.2036,57784,492,443,1,0
3,1255,0.5492,0.6329,1.7195,0.0188,2.3726,57104,492,443,1,0
3,1256,0.5510,0.6302,1.3909,0.0063,2.0295,57017,492,443,1,0
3,1257,0.5527,0.6245,1.4989,0.0065,2.1317,57347,492,443,1,0
3,1258,0.5545,0.6222,1.4567,0.0062,2.0873,57476,492,443,1,0
3,1259,0.5562,0.6400,1.5677,0.0057,2.2152,57600,492,443,1,0
3,1260,0.5580,0.6665,1.0009,0.0085,1.6776,57813,492,446,1,0
3,1261,0.5597,0.6161,1.4888,0.0071,2.1143,57864,492,446,1,0
3,1262,0.5615,0.6204,1.4541,0.0062,2.0827,57563,492,445,1,0
3,1263,0.5632,0.7416,1.6547,0.0109,2.4097,57016,492,445,1,0
3,1264,0.5650,0.6389,1.5250,0.0064,2.1730,56916,492,448,1,0
3,1265,0.5668,0.6168,1.5327,0.0064,2.1578,57356,492,448,1,0
3,1266,0.5685,0.6319,1.4034,0.0057,2.0434,57391,492,448,1,0
3,1267,0.5703,0.6282,1.4978,0.0067,2.1349,57759,492,448,1,0
3,1268,0.5720,0.6171,1.4701,0.0060,2.0950,57702,492,448,1,0
3,1269,0.5738,0.6389,1.5095,0.0061,2.1569,57775,492,449,1,0
3,1270,0.5755,0.5976,1.7968,0.0099,2.4054,58048,492,449,1,0
3,1271,0.5773,0.6249,1.3776,0.0061,2.0106,57874,492,449,1,0
3,1272,0.5790,0.6422,1.5203,0.0058,2.1699,57632,492,449,1,0
3,1273,0.5808,0.6365,1.4521,0.0071,2.0976,57436,492,449,1,0
3,1274,0.5825,0.6249,1.4625,0.0061,2.0948,57240,492,449,1,0
3,1275,0.5842,0.6340,1.4509,0.0065,2.0932,56980,492,449,1,0
3,1276,0.5860,0.6385,1.7917,0.0130,2.4445,56980,492,449,1,0
3,1277,0.5878,0.6238,1.5364,0.0061,2.1682,57622,492,449,1,0
3,1278,0.5895,0.6322,1.9014,0.0178,2.5533,58038,492,449,1,0
3,1279,0.5914,0.6626,1.4939,0.0080,2.1672,57719,492,448,1,0
3,1280,0.5932,0.6084,1.4492,0.0063,2.0659,57199,492,440,1,0
3,1281,0.5949,0.6276,1.5590,0.0061,2.1942,56427,492,441,1,0
3,1282,0.5967,0.6378,1.4723,0.0105,2.1225,56728,492,440,1,0
3,1283,0.5986,0.6177,1.4001,0.0057,2.0251,57083,492,440,1,0
3,1284,0.6003,0.6343,1.9301,0.0119,2.5791,57350,492,440,1,0
3,1285,0.6022,0.6042,1.7140,0.0071,2.3269,58107,492,440,1,0
3,1286,0.6040,0.6218,1.4942,0.0069,2.1247,57958,492,440,1,0
3,1287,0.6058,0.6316,1.5089,0.0066,2.1488,57361,492,440,1,0
3,1288,0.6075,0.6213,1.6058,0.0061,2.2346,57188,492,437,1,0
3,1289,0.6093,0.6356,1.5392,0.0057,2.1823,57708,492,437,1,0
3,1290,0.6111,0.6277,1.5488,0.0057,2.1844,57892,492,435,1,0
3,1291,0.6128,0.6783,1.4679,0.0067,2.1555,57547,492,433,1,0
3,1292,0.6146,0.6199,1.4752,0.0074,2.1040,57227,492,430,1,0
3,1293,0.6163,0.6289,1.3094,0.0142,1.9551,57433,492,424,1,0
3,1294,0.6180,0.6504,1.8208,0.0102,2.4838,57287,492,414,1,0
3,1295,0.6198,0.6257,1.4328,0.0067,2.0672,57325,492,390,1,0
3,1296,0.6216,0.6138,1.8219,0.0100,2.4471,57372,492,400,1,0
3,1297,0.6234,0.6315,1.4062,0.0062,2.0461,57434,492,400,1,0
3,1298,0.6251,0.6209,1.8471,0.0073,2.4768,57767,492,400,1,0
3,1299,0.6269,0.6239,1.4758,0.0064,2.1081,57974,492,414,1,0
3,1300,0.6287,0.6278,1.7402,0.0155,2.3849,57617,492,419,1,0
3,1301,0.6305,0.6187,1.5216,0.0064,2.1490,57576,492,422,1,0
3,1302,0.6323,0.6011,1.6468,0.0130,2.2621,57591,492,429,1,0
3,1303,0.6341,0.6087,1.4020,0.0061,2.0186,56931,492,433,1,0
3,1304,0.6359,0.6135,1.4096,0.0064,2.0314,56849,492,433,1,0
3,1305,0.6376,0.6268,1.7286,0.0062,2.3633,57058,492,434,1,0
3,1306,0.6394,0.6350,1.5698,0.0065,2.2130,57249,492,430,1,0
3,1307,0.6412,0.6790,2.0219,0.0129,2.7169,57356,492,428,1,0
3,1308,0.6430,0.6185,1.4280,0.0070,2.0559,57226,492,429,1,0
3,1309,0.6448,0.6410,1.5005,0.0065,2.1494,57423,492,432,1,0
3,1310,0.6465,0.6283,1.5919,0.0062,2.2285,57591,492,436,1,0
3,1311,0.6483,0.6215,1.4223,0.0056,2.0512,57361,492,436,1,0
3,1312,0.6501,0.6189,1.4267,0.0063,2.0537,57333,492,436,1,0
3,1313,0.6518,0.6271,1.4414,0.0180,2.0881,57286,492,443,29,8
3,1314,0.6536,0.6186,1.4696,0.0206,2.1104,57082,492,443,29,8
3,1315,0.6553,0.6474,1.7885,0.0277,2.4652,57312,492,443,29,8
3,1316,0.6571,0.6197,1.4520,0.0223,2.0957,57411,492,443,29,38
3,1317,0.6589,0.6426,1.5621,0.0283,2.2354,56822,492,443,45,52
3,1318,0.6607,0.6263,1.4095,0.0287,2.0678,56291,492,443,45,59
3,1319,0.6626,0.6183,1.3718,0.0344,2.0268,56146,492,446,47,90
3,1320,0.6643,0.6034,1.9768,0.0782,2.6605,57146,492,446,109,130
3,1321,0.6662,0.6225,1.4716,0.0601,2.1558,57375,492,445,115,158
3,1322,0.6681,0.6309,1.6011,0.0707,2.3045,57542,492,445,137,192
3,1323,0.6700,0.6194,1.3996,0.0912,2.1131,57291,492,448,161,261
3,1324,0.6719,0.6203,1.5882,0.0982,2.3084,57500,492,448,167,312
3,1325,0.6738,0.6297,1.7172,0.1143,2.4631,57936,492,448,191,401
3,1326,0.6759,0.6293,1.4720,0.1527,2.2565,57649,492,448,239,560
3,1327,0.6780,0.6532,1.4602,0.2134,2.3287,57281,492,448,287,766
3,1328,0.6801,0.6757,1.6994,0.2667,2.6433,57545,492,449,339,1048
3,1329,0.6824,0.5855,1.5238,0.3266,2.4381,56899,492,449,385,1733
3,1330,0.6849,0.6455,1.1891,0.3874,2.2237,56351,492,449,397,2165
3,1331,0.6876,0.7234,1.1008,0.4190,2.2462,56329,492,449,427,2502
3,1332,0.6904,0.6365,1.7846,0.4760,2.8992,56135,492,449,475,3010
3,1333,0.6936,0.6348,0.9868,0.5050,2.1281,56325,492,449,531,3354
3,1334,0.6968,0.6336,1.5135,0.5748,2.7232,56748,492,448,573,3711
3,1335,0.7003,0.6568,1.1883,0.6555,2.5026,56729,492,441,641,4215
3,1336,0.7040,0.7788,1.0356,0.6849,2.5026,56542,492,440,725,4946
3,1337,0.7081,0.6853,1.0304,0.7481,2.4656,56797,492,440,787,5563
3,1338,0.7123,0.6431,0.9840,0.8286,2.4575,56476,492,440,845,6181
3,1339,0.7170,0.6863,1.0083,0.8401,2.5366,55809,492,435,875,6776
3,1340,0.7219,0.6299,0.9880,0.9111,2.5305,55973,492,427,927,7447
3,1341,0.7271,0.6582,1.0240,0.9311,2.6154,56979,492,396,949,8086
3,1342,0.7322,0.7231,1.0127,0.9979,2.7359,57272,492,405,973,8474
3,1343,0.7401,0.8433,1.8397,0.9962,3.6811,55095,492,429,983,9168
3,1344,0.7488,0.7024,0.9453,0.9718,2.6214,54933,492,428,983,9354
3,1345,0.7545,0.7361,0.9783,0.9923,2.7096,55485,492,436,983,9350
3,1346,0.7632,0.6913,0.9389,0.9804,2.6132,54677,492,443,975,8841
3,1347,0.7720,0.6628,1.2382,0.9157,2.8183,54944,492,446,951,8137
3,1348,0.7773,0.8167,1.4122,0.9040,3.1360,55842,492,448,929,7558
3,1349,0.7852,0.6304,1.6718,0.8099,3.1145,55427,492,448,857,6504
3,1350,0.7898,0.7335,1.7417,0.7571,3.2346,56118,492,449,813,5796
3,1351,0.7944,0.7143,1.4514,0.6890,2.8611,56044,492,449,749,5124
3,1352,0.7986,0.6910,1.0256,0.5968,2.3151,56913,492,449,657,4237
3,1353,0.8024,0.6951,1.4123,0.5419,2.6519,55961,492,445,563,3708
3,1354,0.8059,0.6440,1.0125,0.5202,2.1788,55374,492,441,525,3331
3,1355,0.8091,0.6531,1.0448,0.4870,2.1870,57030,492,440,491,3002
3,1356,0.8121,0.6389,1.0328,0.4301,2.1035,57649,492,440,427,2517
3,1357,0.8149,0.6322,1.6878,0.3634,2.6852,57271,492,440,383,2185
3,1358,0.8177,0.6341,1.0645,0.3660,2.0664,57041,492,437,353,1683
3,1359,0.8202,0.6226,1.3424,0.2681,2.2360,57408,492,435,321,994
3,1360,0.8225,0.6182,1.4244,0.2097,2.2538,57517,492,433,281,708
3,1361,0.8247,0.6229,0.9832,0.1392,1.7467,57037,492,430,229,489
3,1362,0.8267,0.7029,1.9137,0.1234,2.7457,56969,492,414,187,395
3,1363,0.8288,0.6189,1.3434,0.0917,2.0558,57200,492,390,161,283
3,1364,0.8307,0.6221,1.3037,0.0814,2.0090,57299,492,400,149,237
3,1365,0.8326,0.6487,1.4326,0.0633,2.1466,57390,492,400,115,177
3,1366,0.8344,0.6232,1.4229,0.0627,2.1117,57762,492,400,111,147
3,1367,0.8363,0.6621,1.8667,0.0455,2.5775,57974,492,409,77,105
3,1368,0.8383,0.6138,1.8625,0.0548,2.5334,57617,492,419,45,84
3,1369,0.8402,0.6176,1.5455,0.0299,2.1951,57444,492,422,45,52
3,1370,0.8420,0.6356,1.5311,0.0235,2.1922,57591,492,429,29,45
3,1371,0.8439,0.6142,1.4422,0.0227,2.0811,56956,492,433,29,20
3,1372,0.8457,0.6358,1.8176,0.0417,2.4969,56802,492,433,29,8
3,1373,0.8475,0.6304,1.5029,0.0212,2.1564,56878,492,434,29,8
3,1374,0.8493,0.6188,1.4615,0.0096,2.0927,57241,492,430,1,0
3,1375,0.8511,0.6061,1.7011,0.0156,2.3240,57423,492,428,1,0
3,1376,0.8528,0.6303,1.5222,0.0069,2.1609,57361,492,429,1,0
3,1377,0.8546,0.6232,1.5638,0.0069,2.1963,57453,492,431,1,0
3,1378,0.8564,0.6288,1.7108,0.0064,2.3477,57373,492,436,1,0
3,1379,0.8582,0.6313,1.5592,0.0064,2.1999,57505,492,436,1,0
3,1380,0.8600,0.6193,1.4499,0.0072,2.0783,57463,492,443,1,0
3,1381,0.8618,0.6298,1.8540,0.0187,2.5041,57271,492,443,1,0
3,1382,0.8636,0.6211,1.4339,0.0068,2.0631,56915,492,443,1,0
3,1383,0.8653,0.6182,1.7739,0.0066,2.4012,57253,492,443,1,0
3,1384,0.8673,0.6425,1.3970,0.0062,2.0476,56900,492,443,1,0
3,1385,0.8690,0.6292,1.5572,0.0065,2.1946,57066,492,443,1,0
3,1386,0.8708,0.6478,1.4605,0.0068,2.1167,56139,492,443,1,0
3,1387,0.8726,0.6381,1.4645,0.0063,2.1106,56427,492,446,1,0
3,1388,0.8744,0.6346,1.6355,0.0076,2.2792,57422,492,446,1,0
3,1389,0.8762,0.6301,1.8456,0.0084,2.4852,57434,492,445,1,0
3,1390,0.8782,0.6333,1.4693,0.0071,2.1117,57643,492,448,1,0
3,1391,0.8801,0.6383,1.7831,0.0134,2.4365,57321,492,448,1,0
3,1392,0.8819,0.6246,1.9404,0.0200,2.5874,57320,492,448,1,0
3,1393,0.8838,0.6113,1.5534,0.0073,2.1744,57948,492,448,1,0
3,1394,0.8856,0.6338,1.4856,0.0063,2.1279,57836,492,448,1,0
3,1395,0.8873,0.6325,1.5471,0.0066,2.1880,57489,492,448,1,0
3,1396,0.8892,0.6252,1.6576,0.0113,2.2962,57490,492,449,1,0
3,1397,0.8910,0.6142,1.8469,0.0106,2.4733,57309,492,449,1,0
3,1398,0.8928,0.6304,1.5231,0.0064,2.1618,57064,492,449,1,0
3,1399,0.8945,0.6179,1.4264,0.0063,2.0531,57200,492,449,1,0
3,1400,0.8963,0.6388,1.8423,0.0187,2.5018,56972,492,449,1,0
3,1401,0.8981,0.6309,1.5463,0.0065,2.1855,56693,492,449,1,0
3,1402,0.8999,0.6202,1.4378,0.0064,2.0664,57052,492,449,1,0
3,1403,0.9017,0.6099,1.7704,0.0113,2.3930,57152,492,449,1,0
3,1404,0.9035,0.6231,1.4752,0.0060,2.1065,57148,492,449,1,0
3,1405,0.9052,0.6475,1.4958,0.0060,2.1513,57225,492,449,1,0
3,1406,0.9070,0.6185,1.8125,0.0126,2.4459,57535,492,440,1,0
3,1407,0.9088,0.6428,1.4294,0.0066,2.0806,57216,492,441,1,0
3,1408,0.9106,0.6328,1.4344,0.0066,2.0756,57655,492,440,1,0
3,1409,0.9123,0.6192,1.4648,0.0060,2.0920,57479,492,440,1,0
3,1410,0.9141,0.6448,1.4115,0.0076,2.0669,56913,492,440,1,0
3,1411,0.9158,0.6026,1.3764,0.0062,1.9881,57559,492,440,1,0
3,1412,0.9175,0.6352,1.4547,0.0070,2.0986,57901,492,440,1,0
3,1413,0.9193,0.6362,1.5497,0.0063,2.1939,57839,492,440,1,0
3,1414,0.9210,0.6266,1.8137,0.0121,2.4546,57713,492,437,1,0
3,1415,0.9228,0.6425,1.5613,0.0061,2.2124,57249,492,437,1,0
3,1416,0.9246,0.6058,1.6581,0.0119,2.2773,57279,492,435,1,0
3,1417,0.9264,0.6186,1.4859,0.0067,2.1134,57750,492,435,1,0
3,1418,0.9282,0.5979,1.6001,0.0062,2.2074,57791,492,430,1,0
3,1419,0.9300,0.6230,1.2998,0.0058,1.9302,57127,492,423,1,0
3,1420,0.9317,0.6389,1.4937,0.0070,2.1418,57023,492,414,1,0
3,1421,0.9336,0.6226,1.4638,0.0066,2.0957,57610,492,390,1,0
3,1422,0.9354,0.6320,1.8432,0.0096,2.4861,57629,492,400,1,0
3,1423,0.9371,0.6071,1.4239,0.0061,2.0392,57738,492,400,1,0
3,1424,0.9389,0.6095,1.4037,0.0061,2.0211,58017,492,400,1,0
3,1425,0.9406,0.6279,1.4115,0.0063,2.0471,58125,492,405,1,0
3,1426,0.9423,0.6188,1.6271,0.0078,2.2557,57899,492,419,1,0
3,1427,0.9442,0.5950,1.4204,0.0182,2.0370,57587,492,422,1,0
3,1428,0.9460,0.6221,1.4470,0.0064,2.0778,57564,492,432,1,0
3,1429,0.9477,0.6308,1.5699,0.0070,2.2095,57040,492,433,1,0
3,1430,0.9496,0.6384,1.4305,0.0066,2.0777,56449,492,433,1,0
3,1431,0.9514,0.6297,1.4590,0.0062,2.0966,57295,492,434,1,0
3,1432,0.9531,0.6211,1.4805,0.0065,2.1104,58240,492,430,1,0
3,1433,0.9549,0.6101,1.7819,0.0095,2.4044,57732,492,428,1,0
3,1434,0.9568,0.6251,1.4508,0.0066,2.0840,57494,492,429,1,0
3,1435,0.9586,0.6033,1.5490,0.0064,2.1601,57943,492,432,1,0
3,1436,0.9604,0.6770,1.5371,0.0075,2.2237,57483,492,436,1,0
3,1437,0.9622,0.6306,1.8448,0.0123,2.4897,57095,492,436,1,0
3,1438,0.9641,0.6368,1.3855,0.0063,2.0306,57284,492,436,1,0
3,1439,0.9658,0.6169,1.5503,0.0070,2.1762,57536,492,443,1,0
3,1440,0.9676,0.6308,1.4352,0.0067,2.0745,57161,492,443,1,0
3,1441,0.9694,0.6279,1.4769,0.0064,2.1126,57056,492,443,1,0
3,1442,0.9711,0.6238,1.4000,0.0065,2.0328,57359,492,443,1,0
3,1443,0.9730,0.6619,1.6539,0.0064,2.3241,57381,492,443,1,0
3,1444,0.9748,0.6148,1.3302,0.0126,1.9600,57563,492,443,1,0
3,1445,0.9765,0.7575,1.7064,0.0067,2.4723,57653,492,446,1,0
3,1446,0.9784,0.6373,1.4913,0.0067,2.1371,57887,492,446,1,0
3,1447,0.9802,0.6107,1.6742,0.0087,2.2948,57484,492,444,1,0
3,1448,0.9820,0.6462,1.5018,0.0063,2.1565,57016,492,445,1,0
3,1449,0.9838,0.6369,1.8646,0.0131,2.5172,56916,492,448,1,0
3,1450,0.9857,0.6293,1.7758,0.0060,2.4129,57356,492,448,1,0
3,1451,0.9875,0.6087,1.4270,0.0070,2.0442,57391,492,448,1,0
3,1452,0.9893,0.6351,1.4315,0.0063,2.0755,57759,492,448,1,0
3,1453,0.9911,0.6172,1.3773,0.0148,2.0141,57671,492,448,1,0
3,1454,0.9928,0.6370,1.9260,0.0170,2.5843,57775,492,449,1,0
3,1455,0.9948,0.7335,1.5472,0.0064,2.2888,58048,492,449,1,0
3,1456,0.9966,0.6217,1.4098,0.0125,2.0459,58019,492,449,1,0
3,1457,0.9984,0.6429,1.5039,0.0062,2.1552,57457,492,449,1,0
