# method=AwareBVH,deformation=Localized,triangles=54452,vertices=139670,treeNodes=16445,maxTrisPerLeaf=10,moveSpeed=2.0000,moveDistance=3.0000
run,frame,cycleProgress,deformMs,updateMs,queryMs,totalMs,verticesChecked,nodesVisitedUpdate,dirtyNodes,nodesVisitedQuery,collidedVertices
1,0,0.0234,12.3266,3.0494,0.0119,15.3890,16577,36331,7987,1,0
1,1,0.0287,12.7279,2.9548,0.0128,15.6978,15448,33572,7971,1,0
1,2,0.0334,13.0645,3.3303,0.0109,16.4074,15444,33518,7970,1,0
1,3,0.0383,12.9089,3.4464,0.0102,16.3675,15498,33630,7975,1,0
1,4,0.0433,11.3457,3.9282,0.0165,15.2924,15578,33731,7976,1,0
1,5,0.0481,10.6372,3.5538,0.0187,14.2127,15614,33806,7968,1,0
1,6,0.0527,11.1586,3.9156,0.0176,15.0942,15592,33685,7962,1,0
1,7,0.0572,11.1569,3.8957,0.0193,15.0743,15571,33685,7960,1,0
1,8,0.0618,11.2162,3.6690,0.0194,14.9072,15587,33698,7951,1,0
1,9,0.0664,10.9828,3.4623,0.0217,14.4687,15562,33627,7936,1,0
1,10,0.0709,11.3809,3.8037,0.0172,15.2040,15570,33659,7925,1,0
1,11,0.0756,10.7552,3.4113,0.0168,14.1850,15589,33735,7935,1,0
1,12,0.0802,10.7786,3.3839,0.0182,14.1825,15546,33654,7941,1,0
1,13,0.0847,11.1949,4.1636,0.0162,15.3769,15529,33624,7947,1,0
1,14,0.0893,11.2415,3.6803,0.0200,14.9442,15508,33625,7952,1,0
1,15,0.0939,10.9931,3.8015,0.0186,14.8150,15459,33500,7946,1,0
1,16,0.0985,11.1857,3.7839,0.0173,14.9894,15420,33460,7949,1,0
1,17,0.1031,10.6567,3.5333,0.0173,14.2095,15385,33386,7932,1,0
1,18,0.1077,11.1308,3.6814,0.0200,14.8347,15325,33185,7916,1,0
1,19,0.1125,10.8831,3.2886,0.0188,14.1922,15257,33088,7916,1,0
1,20,0.1169,11.3891,4.1534,0.0175,15.5622,15181,32946,7876,1,0
1,21,0.1216,10.5518,3.3435,0.0164,13.9132,15287,33262,7839,1,0
1,22,0.1262,10.5388,3.4589,0.0164,14.0162,15373,33505,7887,1,0
1,23,0.1307,10.9078,3.4181,0.0166,14.3448,15423,33620,7907,1,0
1,24,0.1353,11.0345,3.9363,0.0185,14.9913,15495,33802,7913,1,0
1,25,0.1400,10.6665,3.3696,0.0183,14.0562,15546,33891,7912,1,0
1,26,0.1445,11.1751,3.9696,0.0172,15.1636,15580,34017,7919,1,0
1,27,0.1491,11.0261,3.7038,0.0194,14.7516,15658,34155,7922,1,0
1,28,0.1536,10.8979,4.0638,0.0187,14.9824,15675,34208,7913,1,0
1,29,0.1581,10.7848,3.3026,0.0201,14.1091,15700,34272,7916,1,0
1,30,0.1628,10.7678,3.5083,0.0170,14.2955,15717,34315,7910,1,0
1,31,0.1673,11.7197,3.8082,0.0187,15.5490,15694,34308,7916,1,0
1,32,0.1721,10.7173,3.5687,0.0183,14.3065,15722,34376,7909,1,0
1,33,0.1767,10.9772,3.9167,0.0172,14.9131,15658,34228,7905,1,0
1,34,0.1814,10.8334,3.7329,0.0178,14.5863,15641,34231,7908,1,0
1,35,0.1860,10.8835,3.4214,0.0175,14.3238,15594,34100,7899,1,0
1,36,0.1905,10.8447,3.6822,0.0184,14.5468,15506,33974,7917,1,0
1,37,0.1950,11.2380,4.1008,0.0170,15.3580,15470,33882,7924,1,0
1,38,0.1998,10.7707,3.3548,0.0174,14.1447,15419,33735,7930,1,0
1,39,0.2043,11.3128,3.8658,0.0178,15.1986,15339,33572,7928,1,0
1,40,0.2089,10.8452,3.3388,0.0204,14.2068,15301,33423,7916,1,0
1,41,0.2135,10.7401,3.3398,0.0172,14.0989,15226,33254,7917,1,0
1,42,0.2180,10.6850,3.2116,0.0158,13.9140,15093,32941,7893,1,0
1,43,0.2226,10.6040,3.1979,0.0159,13.8195,15178,33040,7882,1,0
1,44,0.2272,10.6509,3.4764,0.0154,14.1447,15220,33090,7936,1,0
1,45,0.2318,10.6949,3.1807,0.0161,13.8931,15293,33249,7960,1,0
1,46,0.2362,10.6185,3.2225,0.0154,13.8582,15328,33325,7966,1,0
1,47,0.2407,10.8323,3.8708,0.0178,14.7233,15376,33421,7970,1,0
1,48,0.2454,11.6061,4.0739,0.0168,15.6991,15428,33479,7968,1,0
1,49,0.2500,11.2995,3.9290,0.0159,15.2466,15508,33619,7969,1,0
1,50,0.2547,10.9886,3.7835,0.0160,14.7904,15558,33702,7971,1,0
1,51,0.2593,11.0378,3.7621,0.0185,14.8206,15595,33726,7962,1,0
1,52,0.2639,11.4317,3.8669,0.0180,15.3188,15589,33707,7961,1,0
1,53,0.2685,11.2404,3.7878,0.0181,15.0482,15583,33708,7954,1,0
1,54,0.2731,11.0033,4.0628,0.0166,15.0848,15581,33660,7939,1,0
1,55,0.2777,10.8619,3.3272,0.0158,14.2064,15597,33721,7935,1,0
1,56,0.2823,10.8027,2.9622,0.0185,13.7849,15584,33701,7928,1,0
1,57,0.2867,10.8931,3.2961,0.0170,14.2078,15546,33650,7933,1,0
1,58,0.2912,10.5545,3.3837,0.0167,13.9572,15550,33639,7940,1,0
1,59,0.2957,11.4139,4.1415,0.0189,15.5770,15510,33614,7944,1,0
1,60,0.3005,10.9131,3.6512,0.0166,14.5834,15539,33677,7955,1,0
1,61,0.3051,11.3598,4.0930,0.0158,15.4705,15446,33467,7947,1,0
1,62,0.3098,10.8386,3.5229,0.0167,14.3801,15391,33412,7939,1,0
1,63,0.3144,10.7408,3.2593,0.0166,14.0187,15362,33310,7922,1,0
1,64,0.3189,11.1942,3.7873,0.0172,15.0011,15312,33201,7912,1,0
1,65,0.3235,11.4262,3.8587,0.0178,15.3049,15198,32979,7910,1,0
1,66,0.3282,10.7389,3.9677,0.0181,14.7268,15224,33064,7835,1,0
1,67,0.3328,11.4856,3.9520,0.0178,15.4574,15334,33380,7871,1,0
1,68,0.3375,10.7491,3.2619,0.0171,14.0295,15428,33599,7897,1,0
1,69,0.3421,10.7617,3.7172,0.0180,14.4992,15431,33634,7909,1,0
1,70,0.3467,11.0525,3.8210,0.0169,14.8921,15513,33806,7914,1,0
1,71,0.3513,10.8595,3.3015,0.0167,14.1794,15561,33966,7918,1,0
1,72,0.3559,10.5184,3.3327,0.0171,13.8696,15614,34087,7920,1,0
1,73,0.3603,11.1257,3.7611,0.0175,14.9063,15623,34097,7911,1,0
1,74,0.3650,10.9608,3.7725,0.0172,14.7525,15728,34320,7919,1,0
1,75,0.3696,11.4249,3.8485,0.0175,15.2934,15707,34289,7917,1,0
1,76,0.3743,11.2722,3.7943,0.0164,15.0851,15751,34417,7913,1,0
1,77,0.3790,10.9006,3.4216,0.0187,14.3432,15715,34350,7911,1,0
1,78,0.3836,11.3121,3.8868,0.0176,15.2185,15668,34252,7899,1,0
1,79,0.3882,11.2258,4.3076,0.0199,15.5554,15652,34225,7895,1,0
1,80,0.3929,11.0527,3.6728,0.0099,14.7374,15637,34207,7913,1,0
1,81,0.3974,10.6315,3.2134,0.0181,13.8650,15558,34039,7909,1,0
1,82,0.4019,11.2055,3.8301,0.0167,15.0544,15488,33935,7919,1,0
1,83,0.4065,11.0045,3.8824,0.0168,14.9056,15462,33793,7930,1,0
1,84,0.4112,10.6438,3.4330,0.0180,14.0967,15410,33706,7933,1,0
1,85,0.4157,10.9652,3.0594,0.0107,14.0367,15313,33514,7922,1,0
1,86,0.4201,11.2587,3.7501,0.0209,15.0321,15243,33278,7923,1,0
1,87,0.4248,11.1600,3.7058,0.0151,14.8831,15213,33229,7913,1,0
1,88,0.4294,10.6910,3.1235,0.0193,13.8352,15136,32968,7873,1,0
1,89,0.4339,10.7041,3.3395,0.0169,14.0621,15170,33005,7905,1,0
1,90,0.4384,10.9004,3.4113,0.0158,14.3290,15248,33137,7944,1,0
1,91,0.4429,11.0157,4.0668,0.0163,15.1015,15277,33238,7960,1,0
1,92,0.4476,11.1525,3.7600,0.0183,14.9329,15356,33411,7968,1,0
1,93,0.4521,10.8630,3.3237,0.0161,14.2046,15419,33467,7970,1,0
1,94,0.4567,11.3448,3.8485,0.0197,15.2152,15453,33541,7971,1,0
1,95,0.4613,11.1105,3.7132,0.0157,14.8413,15530,33639,7976,1,0
1,96,0.4658,10.5547,3.5454,0.0175,14.1193,15557,33673,7964,1,0
1,97,0.4703,11.1352,3.8228,0.0163,14.9765,15570,33641,7962,1,0
1,98,0.4749,11.3636,3.8853,0.0167,15.2678,15589,33712,7960,1,0
1,99,0.4795,10.8425,3.6962,0.0170,14.5576,15583,33701,7951,1,0
1,100,0.4841,10.9701,3.7444,0.0223,14.7388,15557,33622,7936,1,0
1,101,0.4886,10.6913,3.6015,0.0183,14.3133,15578,33672,7927,1,0
1,102,0.4931,11.2380,4.0067,0.0164,15.2632,15570,33689,7929,1,0
1,103,0.4978,10.6971,3.2917,0.0180,14.0084,15568,33697,7943,1,0
1,104,0.5022,11.2577,3.8078,0.0178,15.0856,15533,33629,7937,1,0
1,105,0.5069,11.2477,3.4516,0.0173,14.7190,15498,33609,7949,1,0
1,106,0.5114,10.9709,3.8704,0.0153,14.8588,15495,33542,7951,1,0
1,107,0.5160,10.7506,3.6247,0.0168,14.3940,15436,33462,7949,1,0
1,108,0.5205,11.1766,3.8866,0.0175,15.0826,15363,33362,7935,1,0
1,109,0.5251,11.1637,3.8271,0.0179,15.0111,15335,33197,7914,1,0
1,110,0.5296,10.7657,3.7610,0.0175,14.5463,15281,33134,7917,1,0
1,111,0.5341,11.3301,3.8895,0.0180,15.2401,15188,32957,7910,1,0
1,112,0.5388,10.7360,3.2111,0.0186,13.9672,15227,33105,7828,1,0
1,113,0.5432,10.8153,3.9216,0.0171,14.7560,15330,33375,7882,1,0
1,114,0.5477,11.2737,3.9071,0.0178,15.2005,15407,33571,7893,1,0
1,115,0.5524,10.8319,3.3061,0.0213,14.1611,15471,33726,7915,1,0
1,116,0.5570,11.4913,3.9714,0.0174,15.4825,15518,33856,7916,1,0
1,117,0.5618,11.2517,3.6789,0.0191,14.9517,15581,34008,7919,1,0
1,118,0.5664,11.1618,3.8222,0.0176,15.0039,15633,34130,7920,1,0
1,119,0.5711,11.6040,4.0140,0.0190,15.6397,15689,34240,7921,1,0
1,120,0.5759,10.6358,3.4291,0.0168,14.0830,15738,34341,7920,1,0
1,121,0.5803,11.2991,3.8561,0.0175,15.1743,15684,34244,7913,1,0
1,122,0.5849,11.0483,3.9950,0.0180,15.0632,15718,34352,7921,1,0
1,123,0.5895,11.2987,3.8145,0.0185,15.1337,15697,34307,7909,1,0
1,124,0.5942,13.3538,3.6402,0.0179,17.0139,15667,34253,7900,1,0
1,125,0.5992,11.2384,3.8465,0.0159,15.1034,15689,34340,7905,1,0
1,126,0.6039,11.3004,3.7948,0.0183,15.1151,15617,34143,7909,1,0
1,127,0.6085,11.1556,3.9488,0.0169,15.1237,15546,34041,7914,1,0
1,128,0.6133,11.6934,3.9743,0.0190,15.6897,15502,33948,7924,1,0
1,129,0.6181,11.0728,3.7048,0.0182,14.7979,15442,33788,7929,1,0
1,130,0.6227,10.9978,3.8698,0.0177,14.8873,15369,33632,7925,1,0
1,131,0.6273,11.2774,3.8266,0.0170,15.1234,15306,33452,7914,1,0
1,132,0.6320,10.5987,3.2500,0.0158,13.8660,15270,33350,7926,1,0
1,133,0.6366,10.9334,3.6547,0.0181,14.6082,15099,32939,7892,1,0
1,134,0.6412,10.7598,3.2962,0.0161,14.0742,15165,33007,7883,1,0
1,135,0.6457,11.4533,3.9240,0.0178,15.3975,15206,33048,7930,1,0
1,136,0.6505,10.7287,3.4465,0.0192,14.1960,15329,33324,7959,1,0
1,137,0.6550,10.8838,3.3752,0.1047,14.3649,15338,33339,7966,73,238
1,138,0.6597,11.2742,3.9238,0.2428,15.4431,15393,33466,7970,215,962
1,139,0.6647,11.1628,3.0817,0.4132,14.6597,15479,33596,7976,445,2133
1,140,0.6700,11.6399,2.8917,0.7680,15.3012,15592,33805,7981,857,4068
1,141,0.6763,11.2572,3.0775,1.7720,16.1088,15797,34156,7972,1753,10007
1,142,0.6851,14.6389,7.6950,4.1252,26.4617,16028,34625,7974,3395,23367
1,143,0.7007,11.3143,2.9366,8.8462,23.0995,16255,35290,7972,7207,53510
1,144,0.7268,11.9429,3.1033,18.1028,33.1523,16353,35537,7994,13907,111895
1,145,0.7817,12.0559,3.2964,14.9906,30.3449,16578,36081,7975,11813,93975
1,146,0.8373,12.0675,3.3912,0.3744,15.8360,16668,36483,7993,263,1630
1,147,0.8605,15.5345,4.5894,0.0843,20.2116,16293,35551,7955,1,0
1,148,0.8676,12.7642,4.4767,0.0226,17.2665,15628,33949,7982,1,0
1,149,0.8727,12.5101,3.6739,0.0242,16.2104,15482,33601,7974,1,0
1,150,0.8776,12.2289,3.4422,0.0129,15.6866,15527,33662,7980,1,0
1,151,0.8822,12.1771,4.2244,0.0139,16.4180,15544,33670,7970,1,0
1,152,0.8870,12.0725,3.0607,0.0128,15.1494,15625,33797,7960,1,0
1,153,0.8913,12.2041,3.4009,0.0135,15.6205,15543,33611,7959,1,0
1,154,0.8959,11.9733,3.2817,0.0131,15.2701,15584,33734,7958,1,0
1,155,0.9005,12.0777,4.0116,0.0206,16.1117,15586,33700,7948,1,0
1,156,0.9053,12.2535,3.7909,0.0212,16.0677,15616,33749,7937,1,0
1,157,0.9102,12.1619,4.1533,0.0211,16.3386,15621,33763,7930,1,0
1,158,0.9151,12.5131,3.2511,0.0133,15.7794,15615,33788,7942,1,0
1,159,0.9199,12.1151,3.7961,0.0235,15.9368,15573,33700,7943,1,0
1,160,0.9247,12.2831,3.2799,0.0119,15.5764,15561,33711,7948,1,0
1,161,0.9295,12.0926,3.3634,0.0125,15.4705,15520,33623,7951,1,0
1,162,0.9341,12.4526,3.4486,0.0259,15.9293,15453,33480,7947,1,0
1,163,0.9386,12.7728,3.3147,0.0151,16.1047,15382,33387,7941,1,0
1,164,0.9432,12.1862,3.1543,0.0138,15.3562,15357,33277,7921,1,0
1,165,0.9479,12.8981,3.3757,0.0154,16.2914,15321,33234,7926,1,0
1,166,0.9528,11.8962,4.0754,0.0238,15.9976,15242,33051,7916,1,0
1,167,0.9577,12.1058,3.6614,0.0265,15.7967,15238,33132,7828,1,0
1,168,0.9625,12.1758,3.2607,0.0127,15.4515,15393,33501,7883,1,0
1,169,0.9673,12.0130,4.2056,0.0188,16.2399,15437,33642,7905,1,0
1,170,0.9724,12.2514,3.2484,0.0238,15.5263,15533,33862,7924,1,0
1,171,0.9773,12.3274,3.2981,0.0153,15.6434,15561,33930,7916,1,0
1,172,0.9818,12.2555,3.8450,0.0232,16.1270,15572,33999,7915,1,0
1,173,0.9867,12.1964,4.3151,0.0191,16.5331,15694,34232,7931,1,0
1,174,0.9918,12.0771,4.5408,0.0204,16.6422,15760,34387,7920,1,0
1,175,0.9968,12.0680,3.7569,0.0208,15.8483,15773,34413,7920,1,0
2,176,0.0119,11.4802,4.0029,0.0158,15.5032,16564,36323,7978,1,0
2,177,0.0167,10.7001,3.3035,0.0186,14.0240,15208,33056,7920,1,0
2,178,0.0212,11.0903,3.8691,0.0181,14.9800,15287,33235,7953,1,0
2,179,0.0259,10.7198,3.2677,0.0159,14.0051,15339,33338,7969,1,0
2,180,0.0304,10.7069,3.7397,0.0192,14.4679,15364,33424,7970,1,0
2,181,0.0349,10.8055,3.4585,0.0173,14.2834,15420,33461,7970,1,0
2,182,0.0394,10.9371,3.9346,0.0169,14.8906,15476,33573,7973,1,0
2,183,0.0440,10.8649,3.6023,0.0179,14.4871,15538,33645,7972,1,0
2,184,0.0483,10.5729,3.6912,0.0174,14.2839,15529,33617,7962,1,0
2,185,0.0528,11.0868,3.5401,0.0174,14.6468,15586,33686,7962,1,0
2,186,0.0574,10.7856,3.9157,0.0157,14.7188,15579,33723,7962,1,0
2,187,0.0620,11.0011,3.8078,0.0158,14.8267,15576,33668,7951,1,0
2,188,0.0667,11.5530,4.1457,0.0162,15.7175,15583,33678,7935,1,0
2,189,0.0715,10.7913,3.6572,0.0175,14.4681,15621,33773,7927,1,0
2,190,0.0761,11.1467,3.9017,0.0162,15.0668,15589,33725,7936,1,0
2,191,0.0808,10.6097,3.4267,0.0199,14.0583,15583,33718,7946,1,0
2,192,0.0853,10.9772,3.9815,0.0226,14.9839,15517,33604,7947,1,0
2,193,0.0895,11.5295,3.5926,0.0223,15.1466,15472,33525,7944,1,0
2,194,0.0943,10.9932,3.8047,0.0157,14.8154,15484,33529,7947,1,0
2,195,0.0986,10.6763,3.4779,0.0154,14.1710,15390,33395,7941,1,0
2,196,0.1031,10.6246,3.2774,0.0181,13.9216,15363,33331,7932,1,0
2,197,0.1074,11.1217,3.1887,0.0114,14.3229,15288,33096,7912,1,0
2,198,0.1115,11.0999,3.3964,0.0180,14.5162,15182,32915,7915,1,0
2,199,0.1160,11.3195,3.1596,0.0124,14.4929,15192,32981,7903,1,0
2,200,0.1202,11.6005,2.9581,0.0119,14.5728,15194,33040,7829,1,0
2,201,0.1244,11.9538,3.3502,0.0124,15.3179,15306,33316,7879,1,0
2,202,0.1287,11.0976,3.4474,0.0204,14.5671,15382,33511,7892,1,0
2,203,0.1332,11.0852,3.7126,0.0164,14.8162,15451,33679,7910,1,0
2,204,0.1378,11.3010,3.8139,0.0168,15.1339,15518,33865,7915,1,0
2,205,0.1426,10.5846,4.1861,0.0190,14.7932,15571,33983,7918,1,0
2,206,0.1472,11.0870,3.8303,0.0180,14.9379,15637,34138,7919,1,0
2,207,0.1519,11.5033,3.8943,0.0173,15.4171,15690,34238,7922,1,0
2,208,0.1566,11.1545,3.5964,0.0168,14.7701,15736,34338,7918,1,0
2,209,0.1612,10.9192,4.0350,0.0177,14.9742,15713,34310,7915,1,0
2,210,0.1658,11.0532,3.9251,0.0170,14.9975,15723,34365,7917,1,0
2,211,0.1705,10.6568,3.4641,0.0173,14.1406,15712,34345,7910,1,0
2,212,0.1751,11.0392,3.9207,0.0168,14.9785,15654,34214,7898,1,0
2,213,0.1796,10.7702,3.5308,0.0172,14.3196,15619,34171,7893,1,0
2,214,0.1841,10.7630,3.6519,0.0179,14.4355,15584,34109,7904,1,0
2,215,0.1886,11.4680,3.9957,0.0166,15.4827,15552,34041,7915,1,0
2,216,0.1934,10.9894,3.5965,0.0169,14.6046,15518,33982,7925,1,0
2,217,0.1980,10.8921,3.1520,0.0183,14.0642,15436,33758,7929,1,0
2,218,0.2025,10.7184,3.7366,0.0188,14.4754,15379,33668,7930,1,0
2,219,0.2070,11.2725,3.8227,0.0186,15.1162,15315,33498,7921,1,0
2,220,0.2117,11.0962,3.3718,0.0169,14.4871,15250,33335,7923,1,0
2,221,0.2161,10.5348,3.2815,0.0163,13.8341,15155,33135,7910,1,0
2,222,0.2206,11.0045,3.7013,0.0183,14.7263,15121,32930,7873,1,0
2,223,0.2251,10.7919,3.6570,0.0166,14.4677,15176,32986,7910,1,0
2,224,0.2296,11.2345,3.6617,0.0161,14.9145,15259,33175,7949,1,0
2,225,0.2343,10.9544,3.6401,0.0178,14.6148,15332,33353,7961,1,0
2,226,0.2390,10.5484,3.1504,0.0156,13.7157,15368,33421,7970,1,0
2,227,0.2434,11.0367,3.8074,0.0196,14.8659,15387,33400,7970,1,0
2,228,0.2479,10.6138,3.4026,0.0165,14.0350,15459,33548,7970,1,0
2,229,0.2525,10.9426,3.9456,0.0159,14.9062,15523,33613,7977,1,0
2,230,0.2569,11.3370,4.4453,0.0188,15.8032,15563,33695,7962,1,0
2,231,0.2617,10.8300,3.6306,0.0097,14.4723,15618,33743,7962,1,0
2,232,0.2662,11.2249,3.6865,0.0153,14.9304,15578,33698,7960,1,0
2,233,0.2709,10.7636,3.5486,0.0161,14.3302,15586,33704,7951,1,0
2,234,0.2754,10.8279,4.0838,0.0166,14.9305,15567,33625,7934,1,0
2,235,0.2800,10.9915,3.5890,0.0172,14.5999,15585,33706,7926,1,0
2,236,0.2846,10.9526,3.7950,0.0156,14.7653,15576,33707,7926,1,0
2,237,0.2892,10.9390,3.8279,0.0184,14.7872,15555,33685,7943,1,0
2,238,0.2937,10.9353,3.5731,0.0191,14.5298,15523,33587,7944,1,0
2,239,0.2983,10.9615,3.6034,0.0185,14.5856,15504,33612,7952,1,0
2,240,0.3029,11.4507,3.3626,0.0174,14.8325,15466,33511,7947,1,0
2,241,0.3075,10.7429,3.4578,0.0166,14.2195,15431,33474,7949,1,0
2,242,0.3121,11.0477,3.9640,0.0163,15.0303,15382,33370,7935,1,0
2,243,0.3168,11.0452,3.9684,0.0163,15.0317,15327,33191,7918,1,0
2,244,0.3216,11.3788,3.0770,0.0178,14.4758,15286,33141,7919,1,0
2,245,0.3262,10.6740,3.0620,0.0177,13.7555,15206,33006,7882,1,0
2,246,0.3306,10.6255,3.4151,0.0163,14.0590,15224,33102,7833,1,0
2,247,0.3351,11.0951,3.8161,0.0167,14.9300,15367,33480,7885,1,0
2,248,0.3397,10.9120,3.7012,0.0168,14.6317,15427,33627,7906,1,0
2,249,0.3442,11.2164,3.8315,0.0167,15.0665,15485,33777,7915,1,0
2,250,0.3489,11.4504,3.8594,0.0175,15.3297,15534,33885,7914,1,0
2,251,0.3536,11.0606,3.8854,0.0168,14.9644,15599,34043,7921,1,0
2,252,0.3584,10.7953,3.5789,0.0180,14.3946,15675,34186,7924,1,0
2,253,0.3629,11.0342,3.6613,0.0161,14.7138,15686,34232,7914,1,0
2,254,0.3675,10.5423,3.3037,0.0182,13.8653,15709,34281,7916,1,0
2,255,0.3719,11.3841,3.7150,0.0175,15.1188,15683,34228,7908,1,0
2,256,0.3765,10.6998,3.3955,0.0167,14.1141,15704,34316,7920,1,0
2,257,0.3809,10.5328,3.3132,0.0161,13.8636,15667,34267,7907,1,0
2,258,0.3854,11.2091,3.9260,0.0164,15.1538,15648,34212,7906,1,0
2,259,0.3899,11.0586,4.0526,0.0182,15.1310,15619,34181,7901,1,0
2,260,0.3945,10.7964,3.4306,0.0156,14.2442,15604,34122,7905,1,0
2,261,0.3991,11.1957,3.8826,0.0181,15.0995,15535,34028,7914,1,0
2,262,0.4037,10.8055,3.2765,0.0162,14.1000,15489,33924,7924,1,0
2,263,0.4082,11.1493,4.0428,0.0168,15.2111,15414,33693,7929,1,0
2,264,0.4129,11.2512,3.4907,0.0174,14.7620,15386,33677,7928,1,0
2,265,0.4175,11.9070,3.0089,0.0181,14.9360,15309,33472,7920,1,0
2,266,0.4223,10.9724,3.8340,0.0166,14.8250,15250,33337,7925,1,0
2,267,0.4268,11.1464,3.8525,0.0165,15.0176,15117,32985,7891,1,0
2,268,0.4315,11.1383,3.6791,0.0173,14.8372,15152,32976,7880,1,0
2,269,0.4361,10.9406,3.4955,0.0171,14.4556,15219,33083,7927,1,0
2,270,0.4407,10.7436,3.1962,0.0177,13.9592,15302,33274,7958,1,0
2,271,0.4452,11.2182,3.8977,0.0185,15.1368,15321,33304,7967,1,0
2,272,0.4499,10.9840,4.0877,0.0165,15.0902,15392,33462,7970,1,0
2,273,0.4544,11.0630,3.8341,0.0167,14.9156,15417,33445,7968,1,0
2,274,0.4591,11.1804,3.8465,0.0215,15.0506,15502,33619,7977,1,0
2,275,0.4637,10.9567,3.9988,0.0178,14.9753,15552,33684,7971,1,0
2,276,0.4682,11.0166,4.0225,0.0180,15.0593,15586,33724,7962,1,0
2,277,0.4730,10.7321,3.2958,0.0171,14.0467,15619,33770,7961,1,0
2,278,0.4775,11.3493,3.9770,0.0168,15.3452,15573,33681,7951,1,0
2,279,0.4821,10.7775,3.5820,0.0576,14.4188,15582,33673,7938,1,0
2,280,0.4866,11.1436,3.9497,0.0199,15.1158,15581,33712,7936,1,0
2,281,0.4913,11.2162,3.6648,0.0197,14.9034,15611,33737,7928,1,0
2,282,0.4960,11.3007,3.6189,0.0161,14.9380,15580,33705,7938,1,0
2,283,0.5006,10.9360,3.8507,0.0167,14.8056,15559,33672,7940,1,0
2,284,0.5052,10.7399,3.9871,0.0177,14.7464,15527,33645,7946,1,0
2,285,0.5098,10.5847,3.6358,0.0166,14.2391,15501,33594,7951,1,0
2,286,0.5144,10.8720,3.6169,0.0151,14.5060,15444,33449,7947,1,0
2,287,0.5189,11.0184,3.7700,0.0175,14.8084,15371,33354,7939,1,0
2,288,0.5234,10.9203,3.9125,0.0184,14.8535,15354,33297,7927,1,0
2,289,0.5280,10.7486,3.6267,0.0171,14.3942,15315,33199,7911,1,0
2,290,0.5326,11.9920,3.9666,0.0207,15.9822,15225,33062,7913,1,0
2,291,0.5374,10.6954,3.1798,0.0161,13.8930,15231,33079,7840,1,0
2,292,0.5418,11.3838,3.8543,0.0183,15.2590,15311,33318,7868,1,0
2,293,0.5465,10.7553,3.4229,0.0171,14.1971,15400,33551,7894,1,0
2,294,0.5510,10.6830,3.4768,0.0209,14.1833,15424,33621,7908,1,0
2,295,0.5554,11.2616,3.8182,0.0163,15.0982,15502,33818,7912,1,0
2,296,0.5601,11.2860,4.0019,0.0172,15.3069,15566,33944,7918,1,0
2,297,0.5647,11.0744,3.6392,0.0167,14.7325,15609,34071,7918,1,0
2,298,0.5693,11.3933,3.8471,0.0159,15.2585,15655,34144,7922,1,0
2,299,0.5740,11.4750,3.8086,0.0169,15.3026,15725,34322,7918,1,0
2,300,0.5787,10.8628,3.5378,0.0168,14.4196,15729,34337,7916,1,0
2,301,0.5833,11.0874,3.7930,0.0175,14.9001,15716,34321,7909,1,0
2,302,0.5880,10.7529,3.6552,0.0193,14.4293,15715,34356,7916,1,0
2,303,0.5925,10.9748,3.8803,0.0169,14.8738,15666,34257,7903,1,0
2,304,0.5972,11.2412,3.7598,0.0173,15.0208,15664,34253,7900,1,0
2,305,0.6017,10.8289,3.7549,0.0165,14.6025,15613,34155,7904,1,0
2,306,0.6063,10.7517,3.5502,0.0215,14.3261,15584,34060,7902,1,0
2,307,0.6109,11.1039,3.8140,0.0162,14.9364,15489,33943,7920,1,0
2,308,0.6156,11.2049,4.1777,0.0184,15.4028,15473,33831,7928,1,0
2,309,0.6203,10.7361,3.2619,0.0159,14.0155,15421,33752,7935,1,0
2,310,0.6247,10.8170,3.5668,0.0172,14.4033,15299,33494,7922,1,0
2,311,0.6293,11.0822,3.7587,0.0153,14.8579,15246,33267,7916,1,0
2,312,0.6339,10.7099,3.4722,0.0186,14.2024,15224,33271,7917,1,0
2,313,0.6384,11.1983,3.9391,0.0165,15.1559,15117,32933,7873,1,0
2,314,0.6431,11.1602,4.0835,0.0178,15.2637,15192,33076,7910,1,0
2,315,0.6477,10.6609,3.4282,0.0159,14.1062,15254,33145,7943,1,0
2,316,0.6522,11.4059,4.0410,0.0483,15.4975,15290,33247,7960,59,35
2,317,0.6568,10.9491,3.8186,0.1639,14.9338,15343,33374,7968,131,507
2,318,0.6616,11.2276,3.9251,0.3073,15.4616,15449,33534,7970,245,1396
2,319,0.6667,11.8802,3.0575,0.5091,15.4485,15513,33679,7980,503,2664
2,320,0.6723,11.5017,2.9499,1.0130,15.4659,15647,33891,7983,1151,5938
2,321,0.6790,15.1996,3.2310,1.9171,20.3505,15858,34282,7973,2137,13078
2,322,0.6886,12.6358,6.3034,5.6294,24.5738,16074,34763,7976,4233,29247
2,323,0.7039,11.4833,3.6190,8.7617,23.8662,16224,35149,7969,8413,62634
2,324,0.7306,11.7699,3.0051,16.9011,31.6788,16340,35526,7993,14513,117196
2,325,0.7862,12.8391,3.6757,14.3829,30.9002,16633,36161,7983,10985,85434
2,326,0.8417,11.9196,3.5330,0.2210,15.6753,16672,36491,7983,137,673
2,327,0.8626,15.4590,3.9027,0.0416,19.4058,16218,35394,7964,1,0
2,328,0.8691,13.0330,3.4871,0.0242,16.5468,15569,33806,7981,1,0
2,329,0.8740,12.9091,3.4645,0.0196,16.3956,15470,33572,7971,1,0
2,330,0.8789,12.2290,4.3165,0.0135,16.5608,15544,33697,7980,1,0
2,331,0.8837,12.1235,3.2264,0.0134,15.3654,15590,33763,7970,1,0
2,332,0.8882,12.5690,4.2171,0.0140,16.8025,15574,33663,7960,1,0
2,333,0.8929,12.2410,3.8427,0.0201,16.1053,15608,33759,7961,1,0
2,334,0.8978,12.2197,3.3776,0.0239,15.6246,15618,33764,7952,1,0
2,335,0.9026,12.4807,3.2123,0.0236,15.7186,15600,33691,7937,1,0
2,336,0.9074,12.3495,3.3361,0.0148,15.7019,15625,33758,7934,1,0
2,337,0.9122,12.1701,3.5772,0.0159,15.7651,15602,33749,7931,1,0
2,338,0.9168,12.4331,4.5663,0.0206,17.0226,15561,33682,7941,1,0
2,339,0.9220,12.2361,4.0668,0.0167,16.3220,15600,33757,7946,1,0
2,340,0.9267,12.6780,4.0134,0.0210,16.7148,15516,33637,7952,1,0
2,341,0.9315,12.1345,3.6906,0.0212,15.8492,15499,33585,7947,1,0
2,342,0.9362,12.6175,3.3700,0.0140,16.0034,15434,33483,7949,1,0
2,343,0.9410,12.7520,3.2663,0.0120,16.0320,15397,33410,7935,1,0
2,344,0.9457,12.3487,3.4734,0.0121,15.8368,15343,33233,7913,1,0
2,345,0.9501,12.8301,4.2487,0.0189,17.0999,15216,33000,7910,1,0
2,346,0.9551,10.7747,3.8669,0.0162,14.6597,15253,33110,7880,1,0
2,347,0.9596,10.5693,3.3103,0.0176,13.8992,15262,33225,7852,1,0
2,348,0.9641,10.7666,3.7658,0.0231,14.5575,15361,33482,7888,1,0
2,349,0.9686,10.8737,3.0561,0.0165,13.9480,15425,33630,7907,1,0
2,350,0.9730,12.1118,3.3290,0.0170,15.4600,15452,33718,7907,1,0
2,351,0.9776,10.6539,3.6094,0.0177,14.2834,15549,33894,7912,1,0
2,352,0.9820,11.0608,3.4144,0.0098,14.4871,15554,33955,7915,1,0
2,353,0.9863,10.8443,3.4953,0.0180,14.3591,15602,34037,7917,1,0
2,354,0.9909,11.3341,3.7351,0.0178,15.0889,15679,34234,7914,1,0
2,355,0.9951,11.6876,3.8501,0.0173,15.5576,15655,34169,7912,1,0
2,356,0.9996,11.3416,3.4650,0.0097,14.8185,15681,34224,7912,1,0
3,357,0.0108,12.0615,3.4267,0.0174,15.5096,16570,36337,7980,1,0
3,358,0.0155,11.0435,3.7774,0.0183,14.8417,15199,33039,7907,1,0
3,359,0.0201,10.9458,3.5601,0.0181,14.5264,15272,33208,7950,1,0
3,360,0.0246,11.1383,3.7884,0.0178,14.9474,15288,33261,7961,1,0
3,361,0.0292,10.9265,3.7888,0.0172,14.7345,15360,33412,7967,1,0
3,362,0.0336,11.0187,4.0931,0.0189,15.1330,15392,33422,7970,1,0
3,363,0.0382,11.0637,3.6285,0.0179,14.7123,15465,33561,7974,1,0
3,364,0.0427,11.3645,3.7127,0.0207,15.1006,15521,33608,7977,1,0
3,365,0.0473,11.3856,3.6632,0.0109,15.0621,15588,33753,7964,1,0
3,366,0.0518,11.4778,4.0992,0.0195,15.5993,15569,33642,7962,1,0
3,367,0.0565,11.1710,3.7143,0.0229,14.9110,15589,33715,7962,1,0
3,368,0.0610,10.6098,2.9502,0.0176,13.5790,15571,33667,7948,1,0
3,369,0.0654,10.9234,3.7155,0.0190,14.6599,15562,33621,7934,1,0
3,370,0.0700,11.1498,3.6394,0.0213,14.8124,15571,33668,7927,1,0
3,371,0.0746,10.9930,3.9004,0.0187,14.9145,15575,33704,7928,1,0
3,372,0.0792,11.1459,3.7885,0.0173,14.9538,15560,33693,7943,1,0
3,373,0.0839,10.6530,3.4558,0.0170,14.1278,15549,33659,7944,1,0
3,374,0.0883,10.7726,3.9508,0.0174,14.7430,15486,33574,7948,1,0
3,375,0.0928,10.8789,3.6275,0.0190,14.5275,15471,33516,7947,1,0
3,376,0.0973,10.7061,3.3094,0.0194,14.0367,15429,33449,7949,1,0
3,377,0.1017,10.8096,3.6253,0.0165,14.4536,15352,33324,7931,1,0
3,378,0.1062,10.9141,3.7380,0.0169,14.6711,15315,33152,7912,1,0
3,379,0.1108,10.9673,3.8160,0.0165,14.8022,15303,33170,7917,1,0
3,380,0.1154,11.8890,3.7906,0.0185,15.7010,15203,32984,7912,1,0
3,381,0.1201,10.7676,3.4042,0.0174,14.1908,15241,33141,7835,1,0
3,382,0.1245,11.1052,4.0520,0.0197,15.1792,15342,33403,7882,1,0
3,383,0.1291,10.9706,3.6688,0.0175,14.6591,15406,33560,7893,1,0
3,384,0.1336,11.3443,3.7267,0.0179,15.0908,15460,33705,7912,1,0
3,385,0.1383,11.2026,3.8383,0.0164,15.0596,15535,33894,7916,1,0
3,386,0.1430,10.9621,3.7447,0.0176,14.7266,15561,33976,7919,1,0
3,387,0.1476,11.0944,3.6314,0.0168,14.7449,15640,34141,7920,1,0
3,388,0.1521,10.9405,3.8180,0.0182,14.7785,15670,34206,7917,1,0
3,389,0.1567,10.6822,3.7474,0.0224,14.4546,15690,34238,7917,1,0
3,390,0.1611,10.9613,3.6235,0.0205,14.6078,15696,34269,7914,1,0
3,391,0.1657,10.9308,3.8646,0.0171,14.8149,15709,34319,7911,1,0
3,392,0.1704,11.1002,3.9633,0.0185,15.0841,15706,34335,7910,1,0
3,393,0.1750,11.1115,3.7468,0.0179,14.8785,15682,34274,7900,1,0
3,394,0.1797,10.8613,3.7258,0.0213,14.6111,15628,34180,7895,1,0
3,395,0.1842,11.2812,3.8003,0.0176,15.1019,15621,34171,7909,1,0
3,396,0.1889,11.2552,3.7215,0.0178,14.9966,15577,34096,7915,1,0
3,397,0.1935,11.7889,5.4640,0.0262,17.2820,15483,33907,7923,1,0
3,398,0.1986,11.1948,3.8038,0.0174,15.0183,15483,33873,7931,1,0
3,399,0.2032,10.9933,3.8037,0.0176,14.8165,15379,33668,7930,1,0
3,400,0.2078,11.0333,3.6478,0.0186,14.7029,15300,33465,7920,1,0
3,401,0.2124,10.5786,3.0792,0.0240,13.6841,15242,33314,7927,1,0
3,402,0.2168,10.6835,3.4063,0.0190,14.1116,15103,32978,7885,1,0
3,403,0.2213,11.2590,3.7687,0.0176,15.0478,15121,32931,7870,1,0
3,404,0.2260,11.1139,3.6835,0.0102,14.8097,15201,33042,7919,1,0
3,405,0.2316,10.8701,3.0336,0.0150,13.9207,15412,33486,7962,1,0
3,406,0.2369,11.3008,3.5976,0.0106,14.9110,15423,33521,7967,1,0
3,407,0.2422,11.0180,3.6496,0.0154,14.6858,15483,33619,7972,1,0
3,408,0.2474,10.8041,3.5919,0.0156,14.4143,15528,33675,7979,1,0
3,409,0.2526,10.9656,3.6848,0.0187,14.6714,15592,33773,7981,1,0
3,410,0.2581,10.9674,3.6412,0.0159,14.6268,15695,33960,7968,1,0
3,411,0.2634,10.9344,3.5728,0.0189,14.5288,15672,33879,7960,1,0
3,412,0.2694,10.9278,3.5463,0.0158,14.4926,15752,34089,7957,1,0
3,413,0.2752,10.9078,3.6704,0.0163,14.5965,15745,34001,7942,1,0
3,414,0.2810,10.9921,3.4476,0.0165,14.4590,15710,33960,7937,1,0
3,415,0.2869,10.8257,3.6955,0.0148,14.5380,15733,34017,7947,1,0
3,416,0.2929,11.0158,3.7330,0.0175,14.7688,15689,33939,7951,1,0
3,417,0.2986,11.0320,3.8457,0.0165,14.8971,15628,33859,7953,1,0
3,418,0.3046,10.8694,3.7543,0.0168,14.6430,15605,33755,7953,1,0
3,419,0.3106,11.1444,3.7275,0.0172,14.8916,15546,33703,7950,1,0
3,420,0.3166,10.9374,3.6515,0.0160,14.6070,15466,33520,7936,1,0
3,421,0.3226,11.1152,3.6375,0.0162,14.7708,15410,33445,7929,1,0
3,422,0.3282,11.6105,3.2379,0.0159,14.8679,15324,33248,7852,1,0
3,423,0.3343,11.2344,3.5351,0.0156,14.7872,15515,33773,7894,1,0
3,424,0.3403,11.0641,3.7073,0.0185,14.7935,15571,33941,7918,1,0
3,425,0.3464,10.9431,3.1172,0.0101,14.0729,15650,34129,7929,1,0
3,426,0.3516,10.8522,3.5926,0.0161,14.4633,15657,34137,7929,1,0
3,427,0.3627,12.1279,3.1389,0.0116,15.2798,16172,35284,7955,1,0
3,428,0.3671,12.9926,3.3813,0.0117,16.3875,15679,34226,7916,1,0
3,429,0.3720,11.9165,3.9697,0.0105,15.8988,15772,34454,7914,1,0
3,430,0.3768,11.1134,3.7577,0.0168,14.8899,15735,34392,7921,1,0
3,431,0.3814,10.8452,3.6936,0.0183,14.5594,15697,34333,7909,1,0
3,432,0.3860,10.8115,3.1702,0.0204,14.0044,15654,34222,7905,1,0
3,433,0.3905,11.3313,3.6910,0.0173,15.0423,15612,34163,7903,1,0
3,434,0.3952,10.9922,3.9316,0.0180,14.9447,15611,34130,7899,1,0
3,435,0.3998,10.9719,3.9662,0.0188,14.9590,15544,34042,7915,1,0
3,436,0.4044,10.6964,3.4925,0.0178,14.2090,15481,33910,7924,1,0
3,437,0.4089,10.8593,3.8231,0.0166,14.7015,15399,33689,7930,1,0
3,438,0.4135,11.3362,3.7686,0.0180,15.1251,15354,33608,7928,1,0
3,439,0.4182,10.8970,3.8074,0.0193,14.7257,15310,33467,7916,1,0
3,440,0.4228,10.8804,3.6648,0.0182,14.5659,15235,33284,7922,1,0
3,441,0.4276,11.3990,3.6462,0.0103,15.0577,15123,33006,7894,1,0
3,442,0.4320,11.0170,3.8112,0.0171,14.8478,15163,33005,7882,1,0
3,443,0.4366,11.2043,3.8212,0.0232,15.0520,15219,33092,7934,1,0
3,444,0.4413,10.9435,3.6303,0.0176,14.5934,15314,33282,7960,1,0
3,445,0.4459,11.1215,3.3661,0.0170,14.5077,15348,33360,7967,1,0
3,446,0.4505,11.6343,3.6462,0.0181,15.3012,15388,33429,7970,1,0
3,447,0.4553,11.0602,3.3905,0.0178,14.4711,15446,33537,7973,1,0
3,448,0.4598,10.8864,3.7148,0.0210,14.6250,15478,33564,7969,1,0
3,449,0.4643,11.3755,3.4631,0.0181,14.8586,15555,33695,7971,1,0
3,450,0.4690,11.1044,3.8729,0.0165,14.9954,15613,33753,7962,1,0
3,451,0.4737,11.3450,4.1417,0.0182,15.5078,15612,33767,7961,1,0
3,452,0.4784,10.6694,3.5563,0.0172,14.2451,15587,33713,7952,1,0
3,453,0.4829,11.1718,3.7751,0.0171,14.9661,15573,33651,7940,1,0
3,454,0.4876,10.9734,4.0765,0.0168,15.0686,15594,33720,7935,1,0
3,455,0.4922,11.1360,4.0379,0.0194,15.1955,15602,33721,7928,1,0
3,456,0.4968,11.1798,3.7148,0.0172,14.9141,15564,33668,7938,1,0
3,457,0.5014,11.0028,3.7025,0.0174,14.7250,15562,33677,7937,1,0
3,458,0.5060,10.9005,3.3337,0.0159,14.2525,15525,33645,7949,1,0
3,459,0.5107,11.4346,3.8378,0.0179,15.2928,15508,33593,7951,1,0
3,460,0.5154,11.1739,3.7791,0.0173,14.9727,15454,33496,7949,1,0
3,461,0.5201,11.5565,3.7126,0.0176,15.2893,15399,33411,7936,1,0
3,462,0.5248,10.8268,3.5616,0.0166,14.4067,15354,33250,7924,1,0
3,463,0.5295,11.6222,3.7453,0.0192,15.3895,15312,33195,7920,1,0
3,464,0.5342,11.1088,3.9059,0.0181,15.0349,15224,33034,7913,1,0
3,465,0.5388,11.0212,3.6277,0.0165,14.6672,15223,33100,7826,1,0
3,466,0.5434,11.0496,3.7429,0.0195,14.8144,15367,33453,7883,1,0
3,467,0.5481,11.3650,3.5973,0.0184,14.9831,15412,33586,7897,1,0
3,468,0.5528,11.2026,3.7344,0.0216,14.9613,15487,33759,7916,1,0
3,469,0.5575,10.6895,3.6607,0.0179,14.3706,15530,33881,7916,1,0
3,470,0.5621,11.3154,3.8046,0.0172,15.1398,15566,33985,7919,1,0
3,471,0.5669,11.2826,3.9521,0.0175,15.2555,15667,34183,7923,1,0
3,472,0.5717,11.3651,3.8331,0.0200,15.2205,15705,34297,7922,1,0
3,473,0.5765,11.0385,3.6998,0.0171,14.7571,15731,34328,7917,1,0
3,474,0.5810,11.0960,3.1958,0.0171,14.3110,15716,34312,7912,1,0
3,475,0.5857,11.1873,3.7968,0.0178,15.0041,15719,34369,7921,1,0
3,476,0.5905,11.0062,3.7670,0.0177,14.7934,15711,34349,7909,1,0
3,477,0.5951,10.9881,3.5487,0.0170,14.5557,15671,34261,7907,1,0
3,478,0.5996,10.7515,3.5498,0.0168,14.3200,15597,34128,7898,1,0
3,479,0.6041,11.2100,3.8103,0.0175,15.0403,15597,34117,7904,1,0
3,480,0.6088,11.0250,3.7405,0.0220,14.7896,15548,34054,7914,1,0
3,481,0.6134,11.0993,3.6219,0.0176,14.7413,15479,33912,7924,1,0
3,482,0.6180,11.6912,3.7163,0.0210,15.4306,15424,33745,7929,1,0
3,483,0.6228,11.0822,3.4276,0.0202,14.5327,15395,33690,7931,1,0
3,484,0.6274,10.9709,3.7980,0.0169,14.7880,15295,33429,7914,1,0
3,485,0.6320,11.5099,3.6653,0.0219,15.1996,15242,33294,7921,1,0
3,486,0.6367,11.3348,3.6361,0.0174,14.9904,15114,32981,7893,1,0
3,487,0.6413,11.3939,3.4102,0.0188,14.8257,15168,33020,7882,1,0
3,488,0.6459,10.6970,3.7935,0.0208,14.5136,15217,33091,7934,1,0
3,489,0.6505,10.8345,3.7454,0.0174,14.5996,15304,33278,7960,1,0
3,490,0.6551,11.5085,3.7883,0.0744,15.3733,15335,33330,7966,73,238
3,491,0.6600,11.1963,3.7674,0.2476,15.2134,15433,33541,7970,217,1001
3,492,0.6649,10.7818,3.0171,0.4515,14.2525,15469,33582,7978,447,2188
3,493,0.6703,11.5487,3.2831,0.8628,15.6967,15593,33822,7981,927,4376
3,494,0.6767,11.8351,3.0650,1.6726,16.5739,15806,34168,7972,1833,10520
3,495,0.6848,12.1672,5.3101,3.5957,21.0750,15989,34559,7974,3363,22736
3,496,0.6973,11.0871,3.0476,6.6595,20.7973,16155,35021,7968,6235,45707
3,497,0.7184,11.0972,3.1835,13.0180,27.3004,16323,35433,7985,11929,94089
3,498,0.7681,11.4217,3.3677,17.9063,32.6982,16556,35960,7966,14655,118586
3,499,0.8236,11.8541,3.4531,1.9121,17.2210,16646,36455,7988,1799,10314
3,500,0.8541,14.0564,4.2918,0.0574,18.4079,16449,36023,7978,1,0
3,501,0.8658,12.3428,3.5233,0.0199,15.8877,15948,34620,7988,1,0
3,502,0.8705,12.6390,3.2222,0.0136,15.8769,15423,33490,7970,1,0
3,503,0.8751,13.0251,4.1390,0.0198,17.1862,15439,33504,7966,1,0
3,504,0.8801,12.4128,3.4005,0.0171,15.8317,15567,33739,7979,1,0
3,505,0.8849,11.9562,4.2905,0.0195,16.2681,15593,33758,7968,1,0
3,506,0.8896,12.1864,3.4120,0.0183,15.6185,15613,33729,7962,1,0
3,507,0.8944,12.3328,3.8202,0.0530,16.2096,15599,33752,7962,1,0
3,508,0.8992,12.2613,4.1283,0.0226,16.4140,15612,33755,7952,1,0
3,509,0.9043,12.7844,4.1098,0.0190,16.9152,15629,33739,7936,1,0
3,510,0.9092,12.2062,3.3283,0.0157,15.5530,15625,33778,7927,1,0
3,511,0.9138,12.3239,3.3074,0.0130,15.6468,15584,33705,7932,1,0
3,512,0.9185,12.3104,4.4363,0.0135,16.7622,15586,33736,7946,1,0
3,513,0.9233,12.0750,4.1566,0.0200,16.2542,15571,33701,7946,1,0
3,514,0.9282,12.1389,3.3962,0.0122,15.5496,15547,33669,7955,1,0
3,515,0.9327,13.1117,3.3591,0.0170,16.4904,15430,33415,7947,1,0
3,516,0.9372,13.0741,4.5111,0.0202,17.6079,15383,33387,7938,1,0
3,517,0.9424,12.9388,4.2631,0.0201,17.2264,15421,33430,7933,1,0
3,518,0.9474,12.4876,3.7361,0.0210,16.2464,15379,33327,7918,1,0
3,519,0.9522,12.3379,3.2000,0.0138,15.5547,15224,33026,7913,1,0
3,520,0.9569,12.3581,4.3438,0.0202,16.7244,15229,33092,7832,1,0
3,521,0.9619,12.7235,3.2210,0.0283,15.9748,15393,33505,7887,1,0
3,522,0.9667,12.4902,3.4390,0.0150,15.9460,15436,33629,7897,1,0
3,523,0.9715,12.8626,4.1532,0.0249,17.0433,15478,33741,7915,1,0
3,524,0.9765,12.3832,4.1440,0.0251,16.5556,15568,33951,7922,1,0
3,525,0.9815,12.5128,4.2732,0.0170,16.8061,15624,34078,7925,1,0
3,526,0.9863,11.4998,3.8334,0.0175,15.3528,15673,34182,7924,1,0
3,527,0.9909,10.9704,3.7847,0.0164,14.7737,15683,34248,7921,1,0
3,528,0.9954,10.9465,3.6894,0.0196,14.6575,15700,34270,7916,1,0
3,529,1.0000,11.5432,3.0253,0.0121,14.5825,15716,34312,7912,1,0
