# method=DynamicBVH,deformation=Localized,triangles=967,vertices=2805,treeNodes=287,maxTrisPerLeaf=10,moveSpeed=2.0000,moveDistance=3.0000
run,frame,cycleProgress,deformMs,updateMs,queryMs,totalMs,verticesChecked,nodesVisitedUpdate,dirtyNodes,nodesVisitedQuery,collidedVertices
1,0,0.0044,0.6865,0.2395,0.0402,0.9722,2901,287,287,1,0
1,1,0.0081,0.7226,0.1055,0.0118,0.8435,2901,144,0,1,0
1,2,0.0116,0.8241,0.1150,0.0174,0.9603,2901,144,0,1,0
1,3,0.0152,0.8037,0.0879,0.0078,0.9026,2901,144,0,1,0
1,4,0.0184,0.6704,0.1060,0.0122,0.7968,2901,144,0,1,0
1,5,0.0224,0.5945,0.0889,0.0090,0.6949,2901,144,0,1,0
1,6,0.0253,0.4041,0.0874,0.0069,0.5004,2901,145,2,1,0
1,7,0.0285,0.4116,0.0920,0.0094,0.5150,2901,146,4,1,0
1,8,0.0316,0.6838,0.1242,0.0289,0.8401,2901,144,0,1,0
1,9,0.0350,0.6859,0.1080,0.0125,0.8105,2901,150,11,1,0
1,10,0.0383,0.4467,0.1354,0.0383,0.6282,2901,149,10,1,0
1,11,0.0419,0.4789,0.1078,0.0084,0.6006,2901,148,8,1,0
1,12,0.0453,0.4793,0.1050,0.0084,0.5949,2901,146,4,1,0
1,13,0.0482,0.5032,0.0992,0.0089,0.6146,2901,151,13,1,0
1,14,0.0512,0.4756,0.1273,0.0151,0.6210,2901,148,8,1,0
1,15,0.0546,0.4961,0.1115,0.0097,0.6203,2901,149,10,1,0
1,16,0.0580,0.4275,0.1040,0.0081,0.5415,2901,148,8,1,0
1,17,0.0614,0.4201,0.0959,0.0077,0.5258,2901,150,12,1,0
1,18,0.0644,0.5158,0.1377,0.0111,0.6676,2901,146,4,1,0
1,19,0.0685,0.4611,0.1194,0.0084,0.5939,2901,150,12,1,0
1,20,0.0724,0.5106,0.1434,0.0121,0.6691,2901,152,14,1,0
1,21,0.0754,0.4614,0.1157,0.0082,0.5897,2901,145,2,1,0
1,22,0.0784,0.4018,0.1092,0.0198,0.5333,2901,146,4,1,0
1,23,0.0816,0.5102,0.1369,0.0125,0.6627,2901,156,20,1,0
1,24,0.0848,0.4757,0.1064,0.0086,0.5928,2901,151,14,1,0
1,25,0.0880,0.5193,0.1241,0.0122,0.6603,2901,150,12,1,0
1,26,0.0910,0.4471,0.1177,0.0233,0.5900,2901,150,12,1,0
1,27,0.0939,0.4160,0.1050,0.0165,0.5434,2901,146,4,1,0
1,28,0.0969,0.4447,0.0981,0.0096,0.5543,2901,147,6,1,0
1,29,0.0999,0.4288,0.1137,0.0166,0.5647,2901,146,4,1,0
1,30,0.1033,0.5279,0.1215,0.0102,0.6638,2901,148,8,1,0
1,31,0.1068,0.4369,0.1445,0.0120,0.5985,2901,150,10,1,0
1,32,0.1099,0.4395,0.1201,0.0126,0.5777,2901,146,4,1,0
1,33,0.1129,0.4658,0.1199,0.0093,0.5979,2901,149,9,1,0
1,34,0.1160,0.5224,0.1328,0.0128,0.6706,2901,153,15,1,0
1,35,0.1192,0.4296,0.1029,0.0097,0.5440,2901,144,0,1,0
1,36,0.1222,0.4187,0.1210,0.0180,0.5598,2901,146,4,1,0
1,37,0.1254,0.4605,0.1057,0.0174,0.5891,2901,147,6,1,0
1,38,0.1285,0.4500,0.1081,0.0087,0.5696,2901,145,2,1,0
1,39,0.1315,0.4216,0.1045,0.0179,0.5459,2901,147,6,1,0
1,40,0.1346,0.4905,0.1243,0.0094,0.6271,2901,149,10,1,0
1,41,0.1379,0.5169,0.1249,0.0105,0.6550,2901,147,6,1,0
1,42,0.1409,0.4128,0.1108,0.0129,0.5425,2901,146,4,1,0
1,43,0.1440,0.5329,0.1192,0.0122,0.6672,2901,145,2,1,0
1,44,0.1471,0.4896,0.0987,0.0091,0.6018,2901,147,6,1,0
1,45,0.1502,0.6213,0.1200,0.0107,0.7549,2901,150,11,1,0
1,46,0.1533,0.4232,0.1213,0.0140,0.5613,2901,154,16,1,0
1,47,0.1563,0.4654,0.1024,0.0112,0.5835,2901,147,6,1,0
1,48,0.1593,0.4340,0.1154,0.0157,0.5674,2901,150,11,1,0
1,49,0.1625,0.5320,0.1269,0.0092,0.6718,2901,150,12,1,0
1,50,0.1657,0.6748,0.1323,0.0236,0.8336,2901,148,8,1,0
1,51,0.1688,0.4306,0.1098,0.0087,0.5518,2901,146,4,1,0
1,52,0.1718,0.5376,0.1320,0.0086,0.6808,2901,148,8,1,0
1,53,0.1749,0.4336,0.1122,0.0093,0.5575,2901,149,10,1,0
1,54,0.1781,0.5873,0.1325,0.0095,0.7354,2901,155,20,1,0
1,55,0.1813,0.4859,0.1215,0.0101,0.6218,2901,149,9,1,0
1,56,0.1844,0.5387,0.1308,0.0091,0.6832,2901,151,14,1,0
1,57,0.1876,0.5039,0.1052,0.0084,0.6220,2901,145,2,1,0
1,58,0.1908,0.4602,0.1002,0.0082,0.5703,2901,148,8,1,0
1,59,0.1939,0.4822,0.1260,0.0087,0.6195,2901,151,14,1,0
1,60,0.1972,0.5696,0.1048,0.0297,0.7071,2901,145,2,1,0
1,61,0.2004,0.5074,0.1147,0.0128,0.6375,2901,148,8,1,0
1,62,0.2038,0.4657,0.1042,0.0138,0.5866,2901,146,4,1,0
1,63,0.2069,0.5525,0.1313,0.0091,0.6957,2901,150,12,1,0
1,64,0.2100,0.5056,0.1268,0.0163,0.6555,2901,147,6,1,0
1,65,0.2131,0.5291,0.1261,0.0117,0.6728,2901,147,6,1,0
1,66,0.2164,0.4701,0.0863,0.0081,0.5670,2901,144,0,1,0
1,67,0.2194,0.5218,0.1184,0.0093,0.6530,2901,144,0,1,0
1,68,0.2225,0.5326,0.1289,0.0148,0.6787,2901,147,6,1,0
1,69,0.2256,0.4180,0.1074,0.0091,0.5380,2901,145,2,1,0
1,70,0.2287,0.4461,0.0942,0.0072,0.5495,2901,145,2,1,0
1,71,0.2318,0.5176,0.1248,0.0128,0.6592,2901,147,5,1,0
1,72,0.2349,0.5041,0.0917,0.0075,0.6055,2901,145,2,1,0
1,73,0.2381,0.4244,0.1035,0.0143,0.5450,2901,148,7,1,0
1,74,0.2412,0.4437,0.1062,0.0081,0.5600,2901,145,2,1,0
1,75,0.2443,0.4685,0.1130,0.0099,0.5948,2901,144,0,1,0
1,76,0.2473,0.4558,0.1161,0.0072,0.5831,2901,145,2,1,0
1,77,0.2503,0.4452,0.1106,0.0088,0.5669,2901,146,4,1,0
1,78,0.2535,0.4401,0.1101,0.0166,0.5735,2901,146,4,1,0
1,79,0.2565,0.4287,0.1068,0.0087,0.5461,2901,148,8,1,0
1,80,0.2597,0.4683,0.1298,0.0130,0.6137,2901,145,2,1,0
1,81,0.2628,0.4310,0.0970,0.0098,0.5402,2901,150,9,1,0
1,82,0.2658,0.4350,0.1147,0.0096,0.5630,2901,148,7,1,0
1,83,0.2689,0.5231,0.1165,0.0119,0.6542,2901,149,10,1,0
1,84,0.2720,0.4767,0.0965,0.0110,0.5866,2901,146,4,1,0
1,85,0.2750,0.4341,0.1261,0.0109,0.5765,2901,151,14,1,0
1,86,0.2782,0.4360,0.0994,0.0077,0.5456,2901,148,7,1,0
1,87,0.2813,0.5693,0.1228,0.0106,0.7053,2901,147,6,1,0
1,88,0.2844,0.4320,0.1088,0.0088,0.5532,2901,146,4,1,0
1,89,0.2876,0.4574,0.1082,0.0145,0.5827,2901,149,10,1,0
1,90,0.2908,0.4604,0.1074,0.0075,0.5788,2901,148,8,1,0
1,91,0.2939,0.4168,0.1232,0.0137,0.5573,2901,151,12,1,0
1,92,0.2971,0.5123,0.1041,0.0144,0.6329,2901,148,8,1,0
1,93,0.3002,0.4652,0.1157,0.0077,0.5938,2901,149,10,1,0
1,94,0.3034,0.4479,0.1083,0.0094,0.5691,2901,150,11,1,0
1,95,0.3065,0.4495,0.1126,0.0109,0.5754,2901,152,15,1,0
1,96,0.3096,0.5578,0.1184,0.0098,0.6906,2901,148,6,1,0
1,97,0.3127,0.4663,0.1106,0.0083,0.5895,2901,147,6,1,0
1,98,0.3158,0.4392,0.1156,0.0080,0.5681,2901,147,6,1,0
1,99,0.3190,0.5521,0.1233,0.0253,0.7067,2901,151,12,1,0
1,100,0.3222,0.4449,0.0968,0.0108,0.5549,2901,146,4,1,0
1,101,0.3252,0.5169,0.1114,0.0083,0.6411,2901,146,4,1,0
1,102,0.3283,0.4241,0.1054,0.0084,0.5430,2901,145,2,1,0
1,103,0.3313,0.4004,0.1282,0.0148,0.5456,2901,145,2,1,0
1,104,0.3340,0.4107,0.0868,0.0113,0.5109,2901,144,0,1,0
1,105,0.3366,0.4011,0.0903,0.0101,0.5038,2901,146,4,1,0
1,106,0.3392,0.4125,0.0917,0.0071,0.5134,2901,146,4,1,0
1,107,0.3417,0.3881,0.1047,0.0108,0.5057,2901,148,8,1,0
1,108,0.3442,0.4037,0.0866,0.0121,0.5053,2901,144,0,1,0
1,109,0.3468,0.4722,0.1173,0.0081,0.6010,2901,149,10,1,0
1,110,0.3494,0.4572,0.0968,0.0119,0.5679,2901,144,0,1,0
1,111,0.3519,0.3884,0.1219,0.0109,0.5253,2901,147,6,1,0
1,112,0.3545,0.4068,0.0878,0.0111,0.5074,2901,145,2,1,0
1,113,0.3571,0.4921,0.1025,0.0087,0.6059,2901,146,4,1,0
1,114,0.3597,0.3912,0.0948,0.0130,0.5008,2901,149,10,1,0
1,115,0.3624,0.4468,0.0943,0.0071,0.5497,2901,149,9,1,0
1,116,0.3654,0.3986,0.1019,0.0095,0.5122,2901,148,7,1,0
1,117,0.3680,0.3890,0.1009,0.0085,0.5005,2901,146,4,1,0
1,118,0.3711,0.4038,0.0875,0.0108,0.5041,2901,146,4,1,0
1,119,0.3743,0.6616,0.1312,0.0124,0.8119,2901,150,12,1,0
1,120,0.3778,0.4658,0.0940,0.0075,0.5691,2901,148,8,1,0
1,121,0.3810,0.4517,0.1603,0.0369,0.6574,2901,148,8,1,0
1,122,0.3843,0.6648,0.1338,0.0398,0.8433,2901,147,6,1,0
1,123,0.3877,0.7371,0.1226,0.0112,0.8744,2901,152,14,1,0
1,124,0.3911,0.5453,0.1617,0.0231,0.7395,2901,150,12,1,0
1,125,0.3945,0.7139,0.1403,0.0151,0.8731,2901,153,15,1,0
1,126,0.3978,0.6399,0.1136,0.0126,0.7687,2901,149,10,1,0
1,127,0.4013,0.7140,0.2089,0.0156,0.9457,2901,149,10,1,0
1,128,0.4048,0.6199,0.1196,0.0213,0.7645,2901,144,0,1,0
1,129,0.4079,0.3882,0.1098,0.0147,0.5173,2901,149,10,1,0
1,130,0.4111,0.3882,0.0978,0.0100,0.4982,2901,145,2,1,0
1,131,0.4143,0.7126,0.1403,0.0124,0.8746,2901,147,6,1,0
1,132,0.4176,0.6786,0.1101,0.0113,0.8052,2901,147,5,1,0
1,133,0.4210,0.6703,0.1383,0.0116,0.8279,2901,148,8,1,0
1,134,0.4244,0.7679,0.1222,0.0200,0.9144,2901,148,8,1,0
1,135,0.4280,0.7105,0.0989,0.0136,0.8257,2901,144,0,1,0
1,136,0.4314,0.6171,0.1365,0.0173,0.7749,2901,146,4,1,0
1,137,0.4347,0.7077,0.1277,0.0419,0.8815,2901,145,2,1,0
1,138,0.4382,0.7281,0.1111,0.0116,0.8542,2901,146,3,1,0
1,139,0.4416,0.3965,0.0917,0.0081,0.4982,2901,145,2,1,0
1,140,0.4447,0.7372,0.1064,0.0136,0.8629,2901,145,2,1,0
1,141,0.4481,0.6545,0.0951,0.0241,0.7772,2901,144,0,1,0
1,142,0.4515,0.7315,0.1572,0.0159,0.9130,2901,145,2,1,0
1,143,0.4548,0.6853,0.1136,0.0100,0.8126,2901,147,6,1,0
1,144,0.4582,0.6288,0.1048,0.0215,0.7595,2901,146,4,1,0
1,145,0.4617,0.6657,0.1139,0.0111,0.7963,2901,147,6,1,0
1,146,0.4651,0.7260,0.1208,0.0113,0.8616,2901,148,8,1,0
1,147,0.4686,0.8705,0.1203,0.0153,1.0137,2901,149,9,1,0
1,148,0.4721,0.7229,0.1204,0.0128,0.8647,2901,148,6,1,0
1,149,0.4755,0.4371,0.1338,0.0309,0.6073,2901,146,4,1,0
1,150,0.4790,0.5849,0.1474,0.0143,0.7550,2901,150,11,1,0
1,151,0.4824,0.6270,0.1115,0.0134,0.7544,2901,152,16,1,0
1,152,0.4862,0.4369,0.1097,0.0134,0.5623,2901,148,8,1,0
1,153,0.4896,0.4354,0.1072,0.0100,0.5551,2901,146,4,1,0
1,154,0.4931,0.4558,0.1195,0.0086,0.5869,2901,150,12,1,0
1,155,0.4967,0.4024,0.1125,0.0145,0.5354,2901,147,6,1,0
1,156,0.4998,0.4095,0.1085,0.0079,0.5277,2901,149,10,1,0
1,157,0.5032,0.4339,0.1147,0.0100,0.5615,2901,152,13,1,0
1,158,0.5069,0.5001,0.0998,0.0092,0.6109,2901,146,4,1,0
1,159,0.5104,0.4757,0.1042,0.0096,0.5922,2901,151,14,1,0
1,160,0.5141,0.4975,0.1176,0.0121,0.6293,2901,149,7,1,0
1,161,0.5178,0.6515,0.1755,0.0247,0.8573,2901,153,16,1,0
1,162,0.5209,0.5118,0.1178,0.0106,0.6442,2901,148,8,1,0
1,163,0.5245,0.4284,0.1076,0.0097,0.5488,2901,150,10,1,0
1,164,0.5281,0.4552,0.1411,0.0103,0.6129,2901,150,10,1,0
1,165,0.5316,0.4250,0.1179,0.0078,0.5536,2901,147,6,1,0
1,166,0.5349,0.5994,0.1233,0.0144,0.7404,2901,149,10,1,0
1,167,0.5385,0.4319,0.1055,0.0097,0.5520,2901,146,4,1,0
1,168,0.5421,0.5147,0.1046,0.0113,0.6332,2901,146,4,1,0
1,169,0.5456,0.5265,0.1092,0.0129,0.6534,2901,145,2,1,0
1,170,0.5493,0.4661,0.1093,0.0104,0.5887,2901,146,4,1,0
1,171,0.5528,0.4152,0.1212,0.0094,0.5476,2901,151,14,1,0
1,172,0.5563,0.7419,0.1491,0.0220,0.9211,2901,144,0,1,0
1,173,0.5599,0.4431,0.0922,0.0101,0.5474,2901,145,2,1,0
1,174,0.5632,0.4651,0.1130,0.0096,0.5899,2901,147,6,1,0
1,175,0.5667,0.4912,0.1087,0.0083,0.6116,2901,150,11,1,0
1,176,0.5703,0.5378,0.1059,0.0094,0.6562,2901,147,6,1,0
1,177,0.5737,0.4948,0.1254,0.0090,0.6327,2901,153,17,1,0
1,178,0.5771,0.4738,0.1069,0.0138,0.6005,2901,149,10,1,0
1,179,0.5805,0.4269,0.1083,0.0133,0.5509,2901,146,4,1,0
1,180,0.5840,0.5398,0.1169,0.0127,0.6726,2901,150,12,1,0
1,181,0.5876,0.5654,0.1244,0.0100,0.7021,2901,146,4,1,0
1,182,0.5911,0.4380,0.1025,0.0091,0.5517,2901,147,6,1,0
1,183,0.5946,0.4601,0.1255,0.0403,0.6282,2901,152,15,21,4
1,184,0.5984,0.4813,0.1099,0.0416,0.6359,2901,150,11,21,10
1,185,0.6020,0.5117,0.1186,0.0501,0.6845,2901,151,14,27,22
1,186,0.6056,0.4485,0.1209,0.0546,0.6287,2901,151,11,27,49
1,187,0.6093,0.5121,0.1287,0.0834,0.7288,2901,150,12,27,61
1,188,0.6130,0.4555,0.1025,0.0492,0.6095,2901,146,4,27,85
1,189,0.6166,0.5147,0.1068,0.0750,0.6990,2901,147,6,27,90
1,190,0.6202,0.5534,0.1390,0.0486,0.7449,2901,148,8,27,95
1,191,0.6240,0.7730,0.1460,0.1074,1.0303,2901,145,2,41,167
1,192,0.6277,0.4225,0.1127,0.0722,0.6095,2901,152,15,41,171
1,193,0.6313,0.4500,0.1183,0.0889,0.6619,2901,146,4,41,198
1,194,0.6350,0.4066,0.0943,0.0798,0.5824,2901,144,0,41,236
1,195,0.6385,0.4301,0.1023,0.1003,0.6373,2901,144,0,53,286
1,196,0.6418,0.4026,0.0904,0.1095,0.6051,2901,144,0,55,331
1,197,0.6451,0.4040,0.0935,0.1128,0.6128,2901,144,0,63,388
1,198,0.6485,0.7366,0.1425,0.1447,1.0313,2901,145,2,65,413
1,199,0.6521,0.7032,0.1164,0.1417,0.9654,2901,146,4,67,443
1,200,0.6558,0.4495,0.1247,0.1738,0.7539,2901,146,4,79,478
1,201,0.6595,0.6832,0.1074,0.1777,0.9712,2901,146,4,81,524
1,202,0.6635,0.4190,0.0891,0.1517,0.6619,2901,146,4,81,549
1,203,0.6668,0.4110,0.0956,0.1506,0.6589,2901,146,4,85,572
1,204,0.6700,0.4124,0.0964,0.1905,0.7012,2901,146,4,93,625
1,205,0.6731,0.4545,0.0832,0.1753,0.7164,2901,146,3,101,673
1,206,0.6767,0.3829,0.0897,0.1744,0.6486,2901,148,8,101,730
1,207,0.6802,0.3931,0.0901,0.2069,0.6921,2901,148,7,117,775
1,208,0.6839,0.4538,0.1086,0.2345,0.8000,2901,150,10,123,858
1,209,0.6877,0.5105,0.1020,0.2496,0.8647,2901,147,5,129,877
1,210,0.6915,0.5536,0.1019,0.2540,0.9116,2901,148,8,137,939
1,211,0.6957,0.5297,0.1278,0.4143,1.0750,2901,156,21,143,1023
1,212,0.7001,0.5105,0.1024,0.2781,0.8935,2901,148,7,145,1126
1,213,0.7043,0.4066,0.0971,0.2773,0.7837,2901,150,12,145,1189
1,214,0.7086,0.6164,0.1259,0.3508,1.0964,2901,148,8,209,1258
1,215,0.7132,0.4761,0.1255,0.3665,0.9709,2901,153,18,227,1331
1,216,0.7177,0.7030,0.1335,0.6405,1.4811,2901,149,8,229,1391
1,217,0.7225,0.6321,0.1310,0.5958,1.3626,2901,158,24,233,1454
1,218,0.7273,0.6098,0.1153,0.4250,1.1558,2901,148,8,235,1466
1,219,0.7320,0.5667,0.1104,0.4206,1.1018,2901,149,10,235,1510
1,220,0.7371,0.5458,0.1191,0.4103,1.0788,2901,147,6,237,1565
1,221,0.7422,0.5803,0.1197,0.3963,1.0994,2901,151,12,221,1544
1,222,0.7482,0.6152,0.1382,0.4244,1.1831,2901,147,6,225,1625
1,223,0.7536,0.5243,0.3004,0.7016,1.5671,2901,149,10,225,1612
1,224,0.7598,0.5241,0.1679,0.5925,1.2890,2901,151,14,239,1563
1,225,0.7655,0.4796,0.1095,0.4287,1.0205,2901,152,15,237,1535
1,226,0.7707,0.4780,0.0974,0.4454,1.0252,2901,145,2,235,1514
1,227,0.7759,0.4240,0.1041,0.4400,0.9708,2901,148,8,235,1473
1,228,0.7812,0.4686,0.1200,0.4411,1.0325,2901,153,17,231,1445
1,229,0.7866,0.4632,0.1245,0.3958,0.9871,2901,151,13,229,1336
1,230,0.7919,0.4965,0.1004,0.3465,0.9456,2901,147,6,171,1187
1,231,0.7970,0.4312,0.1014,0.3212,0.8562,2901,152,15,145,1188
1,232,0.8020,0.5779,0.1254,0.2870,0.9940,2901,152,15,143,1104
1,233,0.8073,0.5325,0.1379,0.2847,0.9601,2901,155,19,139,997
1,234,0.8124,0.4544,0.1235,0.2755,0.8574,2901,152,16,129,898
1,235,0.8174,0.4417,0.1197,0.2519,0.8173,2901,153,15,121,822
1,236,0.8220,0.4387,0.1074,0.2585,0.8069,2901,147,5,113,763
1,237,0.8266,0.4915,0.1007,0.1866,0.7953,2901,148,8,101,697
1,238,0.8312,0.4792,0.1189,0.2181,0.8214,2901,149,9,91,593
1,239,0.8365,0.4487,0.1032,0.1650,0.7208,2901,152,15,81,558
1,240,0.8414,0.5056,0.1260,0.2347,0.8702,2901,151,10,81,522
1,241,0.8464,0.4298,0.0991,0.1369,0.6694,2901,146,4,67,449
1,242,0.8510,0.5162,0.0985,0.1358,0.7533,2901,146,4,65,424
1,243,0.8562,0.4259,0.0918,0.1238,0.6433,2901,144,0,61,368
1,244,0.8609,0.4614,0.0865,0.0945,0.6444,2901,145,2,53,290
1,245,0.8656,0.5506,0.1141,0.1354,0.8029,2901,146,4,41,224
1,246,0.8702,0.4420,0.1437,0.0941,0.6838,2901,146,3,41,192
1,247,0.8745,0.4544,0.1005,0.0795,0.6365,2901,147,6,41,171
1,248,0.8789,0.4269,0.0923,0.0617,0.5841,2901,146,4,31,109
1,249,0.8835,0.4337,0.0992,0.0514,0.5863,2901,147,5,27,90
1,250,0.8877,0.4841,0.0984,0.0510,0.6359,2901,146,4,27,85
1,251,0.8919,0.4220,0.1030,0.0465,0.5752,2901,151,12,27,61
1,252,0.8964,0.4301,0.1071,0.0425,0.5819,2901,154,16,27,32
1,253,0.9005,0.4209,0.1003,0.0504,0.5735,2901,146,4,21,15
1,254,0.9046,0.3840,0.0923,0.0352,0.5131,2901,148,8,21,4
1,255,0.9086,0.3914,0.0962,0.0091,0.4987,2901,151,14,1,0
1,256,0.9128,0.4507,0.1152,0.0088,0.5773,2901,153,17,1,0
1,257,0.9163,0.3940,0.0908,0.0071,0.4940,2901,146,4,1,0
1,258,0.9481,0.7264,0.1938,0.0152,0.9381,2901,200,87,1,0
1,259,0.9512,0.5389,0.0894,0.0080,0.6387,2901,146,4,1,0
1,260,0.9544,0.5338,0.0861,0.0087,0.6311,2901,144,0,1,0
1,261,0.9575,0.5435,0.0879,0.0077,0.6420,2901,144,0,1,0
1,262,0.9607,0.5838,0.0945,0.0081,0.6888,2901,145,2,1,0
1,263,0.9638,0.5541,0.0863,0.0080,0.6508,2901,144,0,1,0
1,264,0.9673,0.5129,0.0906,0.0075,0.6130,2901,145,2,1,0
1,265,0.9707,0.5545,0.0844,0.0077,0.6497,2901,144,0,1,0
1,266,0.9739,0.6026,0.0903,0.0079,0.7027,2901,146,4,1,0
1,267,0.9770,0.5296,0.0878,0.0082,0.6279,2901,146,4,1,0
1,268,0.9802,0.6299,0.1215,0.0114,0.7656,2901,145,2,1,0
1,269,0.9834,0.5137,0.0973,0.0078,0.6207,2901,151,13,1,0
1,270,0.9865,0.3973,0.0945,0.0096,0.5036,2901,147,6,1,0
1,271,0.9890,0.4029,0.0955,0.0104,0.5109,2901,151,12,1,0
1,272,0.9916,0.4108,0.0919,0.0086,0.5132,2901,149,9,1,0
1,273,0.9941,0.4087,0.0903,0.0092,0.5101,2901,145,2,1,0
1,274,0.9967,0.4010,0.0950,0.0118,0.5103,2901,148,8,1,0
1,275,0.9993,0.3890,0.0883,0.0074,0.4864,2901,146,4,1,0
2,276,0.0027,0.3971,0.2233,0.0086,0.6307,2901,287,287,1,0
2,277,0.0053,0.3897,0.0981,0.0072,0.4968,2901,144,0,1,0
2,278,0.0079,0.4269,0.0952,0.0213,0.5471,2901,144,0,1,0
2,279,0.0106,0.3932,0.0891,0.0069,0.4910,2901,144,0,1,0
2,280,0.0132,0.4142,0.0930,0.0188,0.5295,2901,144,0,1,0
2,281,0.0159,0.4058,0.0856,0.0071,0.5012,2901,144,0,1,0
2,282,0.0186,0.3929,0.0858,0.0078,0.4882,2901,144,0,1,0
2,283,0.0212,0.4005,0.0842,0.0087,0.4952,2901,144,0,1,0
2,284,0.0237,0.3836,0.1354,0.0096,0.5306,2901,144,0,1,0
2,285,0.0262,0.3973,0.0931,0.0119,0.5040,2901,145,2,1,0
2,286,0.0293,0.4117,0.1109,0.0190,0.5459,2901,146,4,1,0
2,287,0.0327,0.6831,0.1487,0.0145,0.8570,2901,150,11,1,0
2,288,0.0359,0.4040,0.1035,0.0112,0.5207,2901,148,8,1,0
2,289,0.0390,0.7091,0.1449,0.0212,0.8788,2901,144,0,1,0
2,290,0.0423,0.5619,0.1364,0.0079,0.7095,2901,149,10,1,0
2,291,0.0457,0.5046,0.1324,0.0268,0.6664,2901,147,6,1,0
2,292,0.1012,0.5050,0.1847,0.0111,0.7034,2901,213,108,1,0
2,293,0.1068,0.5059,0.0999,0.0100,0.6184,2901,146,4,1,0
2,294,0.1106,0.5490,0.1092,0.0118,0.6735,2901,148,6,1,0
2,295,0.1140,0.7602,0.1508,0.0169,0.9324,2901,145,2,1,0
2,296,0.1175,0.7347,0.1054,0.0126,0.8556,2901,144,0,1,0
2,297,0.1210,0.7617,0.1417,0.0152,0.9234,2901,144,0,1,0
2,298,0.1243,0.4678,0.1121,0.0199,0.6027,2901,145,2,1,0
2,299,0.1278,0.5582,0.1049,0.0213,0.6890,2901,148,8,1,0
2,300,0.1314,0.8545,0.1065,0.0129,0.9794,2901,144,0,1,0
2,301,0.1348,0.7611,0.2684,0.0252,1.0586,2901,148,8,1,0
2,302,0.1382,0.4567,0.1488,0.0117,0.6254,2901,149,10,1,0
2,303,0.1415,0.6435,0.1070,0.0111,0.7644,2901,147,6,1,0
2,304,0.1449,0.7805,0.1364,0.0114,0.9350,2901,150,12,1,0
2,305,0.1483,0.8071,0.1303,0.0129,0.9551,2901,147,6,1,0
2,306,0.1517,0.7816,0.1242,0.0112,0.9266,2901,150,12,1,0
2,307,0.1552,0.5901,0.1425,0.0182,0.7548,2901,150,12,1,0
2,308,0.1586,0.7429,0.1065,0.0124,0.8653,2901,148,8,1,0
2,309,0.1621,0.6984,0.1531,0.0185,0.8769,2901,147,6,1,0
2,310,0.1657,0.6730,0.1548,0.0276,0.8640,2901,149,10,1,0
2,311,0.1689,0.7670,0.1227,0.0133,0.9102,2901,148,8,1,0
2,312,0.1726,0.6534,0.1020,0.0144,0.7736,2901,146,4,1,0
2,313,0.1760,0.8678,0.1268,0.0127,1.0134,2901,150,12,1,0
2,314,0.1795,0.7314,0.1671,0.0201,0.9251,2901,155,19,1,0
2,315,0.1830,0.6110,0.1368,0.0232,0.7744,2901,156,20,1,0
2,316,0.1863,0.7205,0.1581,0.0183,0.9038,2901,150,12,1,0
2,317,0.1896,0.8069,0.1141,0.0126,0.9366,2901,149,10,1,0
2,318,0.1930,0.7895,0.1440,0.0178,0.9545,2901,149,10,1,0
2,319,0.1964,0.6622,0.1362,0.0379,0.8421,2901,146,4,1,0
2,320,0.1998,0.6458,0.1216,0.0125,0.7827,2901,146,4,1,0
2,321,0.2033,0.6627,0.1025,0.0126,0.7816,2901,146,4,1,0
2,322,0.2067,0.6615,0.1151,0.0117,0.7918,2901,152,16,1,0
2,323,0.2102,0.6366,0.1087,0.0113,0.7599,2901,147,6,1,0
2,324,0.2135,0.7393,0.1067,0.0107,0.8598,2901,144,0,1,0
2,325,0.2170,0.7839,0.1270,0.0123,0.9280,2901,148,8,1,0
2,326,0.2203,0.8651,0.1127,0.0124,0.9946,2901,144,0,1,0
2,327,0.2237,0.7417,0.1348,0.0204,0.9032,2901,144,0,1,0
2,328,0.2272,0.7369,0.1043,0.0098,0.8544,2901,145,2,1,0
2,329,0.2306,0.5362,0.1515,0.0147,0.7084,2901,147,5,1,0
2,330,0.2340,0.4711,0.1190,0.0228,0.6157,2901,149,8,1,0
2,331,0.2375,0.6443,0.1270,0.0192,0.7977,2901,145,2,1,0
2,332,0.2409,0.6567,0.1031,0.0168,0.7792,2901,145,2,1,0
2,333,0.2445,0.6772,0.1156,0.0141,0.8112,2901,146,4,1,0
2,334,0.2480,0.7935,0.1264,0.0305,0.9559,2901,146,4,1,0
2,335,0.2514,0.7455,0.0983,0.0108,0.8576,2901,144,0,1,0
2,336,0.2549,0.5932,0.1125,0.0103,0.7234,2901,146,4,1,0
2,337,0.2581,0.7474,0.1081,0.0101,0.8685,2901,149,10,1,0
2,338,0.2615,0.7028,0.1115,0.0114,0.8298,2901,148,6,1,0
2,339,0.2651,0.6131,0.1348,0.0223,0.7729,2901,148,8,1,0
2,340,0.2684,0.6852,0.1407,0.0143,0.8463,2901,147,6,1,0
2,341,0.2719,0.7205,0.1157,0.0116,0.8520,2901,153,17,1,0
2,342,0.2753,0.6791,0.1058,0.0122,0.8006,2901,147,6,1,0
2,343,0.2788,0.5539,0.1396,0.0104,0.7076,2901,151,13,1,0
2,344,0.2822,0.6751,0.1383,0.0336,0.8565,2901,144,0,1,0
2,345,0.2857,0.6854,0.1062,0.0116,0.8096,2901,148,8,1,0
2,346,0.2891,0.7178,0.1744,0.0160,0.9136,2901,155,19,1,0
2,347,0.2925,0.7687,0.1537,0.0171,0.9446,2901,149,10,1,0
2,348,0.2959,0.6663,0.1541,0.0635,0.8924,2901,149,10,1,0
2,349,0.2992,0.6925,0.1259,0.0550,0.8783,2901,144,0,1,0
2,350,0.3024,0.6792,0.1568,0.0244,0.8669,2901,148,8,1,0
2,351,0.3059,0.7548,0.1069,0.0109,0.8757,2901,149,10,1,0
2,352,0.3092,0.7372,0.1261,0.0250,0.8928,2901,147,6,1,0
2,353,0.3127,0.9339,0.1315,0.0136,1.0821,2901,152,16,1,0
2,354,0.3162,0.7493,0.1442,0.0152,0.9126,2901,147,6,1,0
2,355,0.3197,0.6885,0.1311,0.0211,0.8452,2901,150,9,1,0
2,356,0.3232,0.6937,0.1511,0.0363,0.8935,2901,146,4,1,0
2,357,0.3267,0.4954,0.1313,0.0381,0.6739,2901,146,4,1,0
2,358,0.3304,0.6316,0.1075,0.0117,0.7535,2901,148,8,1,0
2,359,0.3340,0.6995,0.1165,0.0341,0.8569,2901,145,2,1,0
2,360,0.3373,0.6889,0.1322,0.0238,0.8472,2901,145,2,1,0
2,361,0.3407,0.8702,0.1264,0.0135,1.0146,2901,149,10,1,0
2,362,0.3441,0.6494,0.1096,0.0115,0.7735,2901,150,12,1,0
2,363,0.3475,0.6127,0.1272,0.0168,0.7593,2901,144,0,1,0
2,364,0.3508,0.4592,0.1295,0.0470,0.6434,2901,146,4,1,0
2,365,0.3543,0.7322,0.1516,0.0149,0.9050,2901,145,2,1,0
2,366,0.3576,0.4589,0.1170,0.0183,0.5969,2901,150,12,1,0
2,367,0.3611,0.7241,0.1489,0.0120,0.8888,2901,152,16,1,0
2,368,0.3645,0.8060,0.1264,0.0174,0.9540,2901,147,6,1,0
2,369,0.3681,0.7031,0.1271,0.0118,0.8510,2901,151,12,1,0
2,370,0.3710,0.4053,0.0963,0.0110,0.5142,2901,148,7,1,0
2,371,0.3736,0.3852,0.0896,0.0073,0.4838,2901,145,2,1,0
2,372,0.3762,0.4068,0.0989,0.0110,0.5187,2901,148,8,1,0
2,373,0.3788,0.3880,0.0998,0.0070,0.4967,2901,152,14,1,0
2,374,0.3818,0.7038,0.1332,0.0256,0.8654,2901,147,6,1,0
2,375,0.3850,0.4237,0.1057,0.0266,0.5589,2901,145,2,1,0
2,376,0.3882,0.3914,0.0981,0.0111,0.5048,2901,149,10,1,0
2,377,0.3913,0.7244,0.1409,0.0173,0.8892,2901,153,17,1,0
2,378,0.3945,0.6621,0.0992,0.0083,0.7730,2901,148,8,1,0
2,379,0.3978,0.6614,0.1127,0.0120,0.7886,2901,150,11,1,0
2,380,0.4010,0.6410,0.1120,0.0233,0.7790,2901,147,6,1,0
2,381,0.4045,0.5423,0.1480,0.0156,0.7147,2901,149,9,1,0
2,382,0.4079,0.4761,0.1291,0.0390,0.6539,2901,146,4,1,0
2,383,0.4113,0.4523,0.1514,0.0254,0.6356,2901,144,0,1,0
2,384,0.4148,0.6425,0.1354,0.0114,0.7955,2901,153,17,1,0
2,385,0.4183,0.6633,0.1338,0.0139,0.8156,2901,149,10,1,0
2,386,0.4217,0.7414,0.1418,0.0123,0.9040,2901,145,2,1,0
2,387,0.4252,0.4558,0.1156,0.0200,0.5946,2901,145,2,1,0
2,388,0.4284,0.6011,0.1489,0.0165,0.7690,2901,146,4,1,0
2,389,0.4319,0.7283,0.1553,0.0151,0.9037,2901,144,0,1,0
2,390,0.4351,0.8962,0.1166,0.0135,1.0307,2901,144,0,1,0
2,391,0.4385,0.6964,0.1584,0.0154,0.8793,2901,146,4,1,0
2,392,0.4417,0.6572,0.1298,0.0384,0.8330,2901,144,0,1,0
2,393,0.4451,0.6609,0.1133,0.0118,0.7928,2901,146,4,1,0
2,394,0.4484,0.7479,0.1433,0.0115,0.9089,2901,146,4,1,0
2,395,0.4516,0.4612,0.1238,0.0342,0.6233,2901,146,4,1,0
2,396,0.4549,0.7071,0.1190,0.0211,0.8512,2901,146,3,1,0
2,397,0.4583,0.6653,0.1484,0.0152,0.8377,2901,145,2,1,0
2,398,0.4613,0.4012,0.0965,0.0198,0.5194,2901,146,4,1,0
2,399,0.4640,0.3895,0.0973,0.0115,0.5001,2901,146,4,1,0
2,400,0.4668,0.3908,0.0947,0.0110,0.4983,2901,147,6,1,0
2,401,0.4695,0.4134,0.0959,0.0103,0.5214,2901,148,8,1,0
2,402,0.4725,0.4547,0.1013,0.0109,0.5690,2901,144,0,1,0
2,403,0.4758,0.6824,0.1143,0.0111,0.8119,2901,146,4,1,0
2,404,0.4791,0.4963,0.1488,0.0173,0.6664,2901,152,16,1,0
2,405,0.4824,0.6414,0.1093,0.0246,0.7773,2901,148,7,1,0
2,406,0.4857,0.6341,0.1181,0.0131,0.7683,2901,151,13,1,0
2,407,0.4892,0.7934,0.1172,0.0130,0.9279,2901,145,2,1,0
2,408,0.4926,0.8935,0.1357,0.0145,1.0490,2901,150,12,1,0
2,409,0.4959,0.4195,0.0937,0.0105,0.5269,2901,147,6,1,0
2,410,0.4989,0.4013,0.0876,0.0083,0.4988,2901,145,2,1,0
2,411,0.5019,0.6623,0.1226,0.0120,0.8011,2901,151,12,1,0
2,412,0.5053,0.7568,0.1336,0.0262,0.9196,2901,148,8,1,0
2,413,0.5088,0.7797,0.1736,0.0180,0.9757,2901,157,24,1,0
2,414,0.5122,0.7386,0.1043,0.0111,0.8613,2901,145,2,1,0
2,415,0.5162,0.5803,0.1562,0.0298,0.7707,2901,148,8,1,0
2,416,0.5193,0.6622,0.1369,0.0424,0.8472,2901,151,12,1,0
2,417,0.5227,0.6433,0.1164,0.0133,0.7772,2901,147,6,1,0
2,418,0.5258,0.6878,0.1144,0.0111,0.8181,2901,149,10,1,0
2,419,0.5292,0.6903,0.1278,0.0439,0.8730,2901,145,2,1,0
2,420,0.5323,0.7155,0.1342,0.0127,0.8663,2901,153,16,1,0
2,421,0.5355,0.4938,0.1055,0.0255,0.6291,2901,146,4,1,0
2,422,0.5389,0.7209,0.1243,0.0123,0.8662,2901,144,0,1,0
2,423,0.5422,0.3943,0.0923,0.0116,0.5015,2901,145,2,1,0
2,424,0.5453,0.4191,0.0910,0.0114,0.5232,2901,145,2,1,0
2,425,0.5485,0.7547,0.1135,0.0123,0.8873,2901,148,8,1,0
2,426,0.5518,0.6426,0.1437,0.0312,0.8214,2901,149,10,1,0
2,427,0.5553,0.6959,0.1155,0.0116,0.8273,2901,147,6,1,0
2,428,0.5587,0.6555,0.1027,0.0254,0.7866,2901,146,4,1,0
2,429,0.5621,0.5084,0.1046,0.0235,0.6395,2901,145,2,1,0
2,430,0.5654,0.7521,0.1497,0.0165,0.9249,2901,149,10,1,0
2,431,0.5687,0.6900,0.1368,0.0175,0.8475,2901,146,4,1,0
2,432,0.5721,0.6072,0.1526,0.0204,0.7841,2901,155,18,1,0
2,433,0.5755,0.7407,0.1241,0.0151,0.8835,2901,148,7,1,0
2,434,0.5788,0.7598,0.1129,0.0125,0.8895,2901,148,8,1,0
2,435,0.5822,0.6818,0.1620,0.0270,0.8742,2901,149,9,1,0
2,436,0.5857,0.6440,0.1472,0.0153,0.8102,2901,149,10,1,0
2,437,0.5892,0.3901,0.0922,0.0075,0.4918,2901,147,6,1,0
2,438,0.5926,0.6552,0.1373,0.0108,0.8072,2901,149,10,1,0
2,439,0.5958,0.4575,0.1334,0.0467,0.6403,2901,150,11,21,10
2,440,0.5991,0.6787,0.1572,0.0435,0.8848,2901,153,17,21,15
2,441,0.6024,0.4000,0.1014,0.0515,0.5552,2901,148,8,27,22
2,442,0.6058,0.6971,0.1121,0.0516,0.8670,2901,147,6,27,49
2,443,0.6091,0.6738,0.1398,0.0595,0.8761,2901,148,7,27,61
2,444,0.6126,0.4064,0.0924,0.0477,0.5484,2901,146,4,27,85
2,445,0.6158,0.3929,0.0952,0.0429,0.5328,2901,150,12,27,85
2,446,0.6189,0.4291,0.1048,0.0670,0.6092,2901,144,0,27,95
2,447,0.6224,0.8172,0.1287,0.1802,1.1301,2901,150,11,35,133
2,448,0.6260,0.6414,0.1089,0.0782,0.8337,2901,148,8,41,171
2,449,0.6294,0.5201,0.1152,0.1161,0.7534,2901,148,8,41,185
2,450,0.6324,0.4338,0.1098,0.0899,0.6361,2901,145,2,41,203
2,451,0.6353,0.3874,0.1014,0.0874,0.5780,2901,144,0,41,236
2,452,0.6385,0.7264,0.1480,0.1251,1.0058,2901,146,4,53,286
2,453,0.6422,0.6495,0.1176,0.1360,0.9074,2901,145,2,55,343
2,454,0.6458,0.4832,0.1222,0.1414,0.7526,2901,144,0,63,394
2,455,0.6496,0.4280,0.1136,0.1208,0.6667,2901,147,5,65,430
2,456,0.6533,0.4212,0.1171,0.1370,0.6783,2901,145,2,67,449
2,457,0.6573,0.5112,0.1185,0.2352,0.8689,2901,145,2,81,497
2,458,0.6607,0.5211,0.1095,0.2559,0.8891,2901,145,2,81,536
2,459,0.6638,0.4081,0.0944,0.1472,0.6525,2901,145,2,81,549
2,460,0.6669,0.3904,0.1051,0.1571,0.6561,2901,146,4,85,576
2,461,0.6704,0.3902,0.0967,0.1648,0.6535,2901,146,4,97,631
2,462,0.6739,0.5328,0.1038,0.1933,0.8329,2901,146,4,101,695
2,463,0.6776,0.3985,0.0984,0.1826,0.6814,2901,150,12,105,737
2,464,0.6811,0.3820,0.0848,0.2317,0.7004,2901,146,4,121,809
2,465,0.6847,0.4615,0.1026,0.3253,0.8923,2901,146,4,123,864
2,466,0.6883,0.3847,0.0929,0.2322,0.7114,2901,151,13,131,893
2,467,0.6921,0.5206,0.1021,0.2504,0.8758,2901,148,8,139,957
2,468,0.6959,0.5523,0.1042,0.2691,0.9281,2901,150,11,143,1023
2,469,0.7001,0.5080,0.1029,0.2776,0.8910,2901,149,10,145,1126
2,470,0.7038,0.5856,0.1080,0.2934,0.9898,2901,148,7,145,1189
2,471,0.7079,0.3859,0.0968,0.3509,0.8354,2901,153,17,173,1157
2,472,0.7119,0.5580,0.1019,0.3625,1.0257,2901,149,8,227,1333
2,473,0.7163,0.4358,0.1310,0.4088,0.9790,2901,157,21,229,1380
2,474,0.7208,0.5624,0.1076,0.3821,1.0548,2901,150,12,229,1434
2,475,0.7250,0.6362,0.1136,0.4295,1.1831,2901,150,11,235,1442
2,476,0.7291,0.5038,0.1154,0.4195,1.0425,2901,149,10,235,1485
2,477,0.7338,0.5672,0.1158,0.4477,1.1339,2901,149,10,243,1520
2,478,0.7384,0.5895,0.1164,0.4684,1.1783,2901,145,2,241,1552
2,479,0.7430,0.5971,0.1455,0.3975,1.1451,2901,151,12,227,1560
2,480,0.7473,0.5614,0.1131,0.4127,1.0915,2901,148,8,225,1632
2,481,0.7520,0.5668,0.1171,0.4148,1.1038,2901,146,4,225,1632
2,482,0.7565,0.5095,0.1054,0.4292,1.0467,2901,147,6,227,1563
2,483,0.7611,0.5788,0.1264,0.4114,1.1197,2901,150,12,243,1553
2,484,0.7659,0.4305,0.1120,0.4116,0.9585,2901,149,10,243,1519
2,485,0.7706,0.4307,0.1201,0.4003,0.9539,2901,150,12,235,1514
2,486,0.7759,0.6046,0.1140,0.4165,1.1382,2901,149,10,235,1471
2,487,0.7807,0.5158,0.1043,0.3863,1.0089,2901,148,8,231,1451
2,488,0.7853,0.6035,0.1511,0.3711,1.1284,2901,151,13,229,1347
2,489,0.7897,0.6452,0.1341,0.6536,1.4379,2901,148,8,233,1316
2,490,0.7943,0.6711,0.1387,0.3443,1.1584,2901,153,17,145,1175
2,491,0.7987,0.4757,0.1313,0.4100,1.0206,2901,150,10,145,1173
2,492,0.8031,0.5846,0.1083,0.2796,0.9765,2901,148,8,143,1068
2,493,0.8074,0.5330,0.1159,0.2871,0.9385,2901,154,20,139,992
2,494,0.8117,0.5167,0.1306,0.2717,0.9230,2901,149,10,129,919
2,495,0.8159,0.7043,0.1186,0.3473,1.1739,2901,149,9,121,838
2,496,0.8202,0.4310,0.1053,0.2675,0.8061,2901,152,13,117,788
2,497,0.8243,0.4957,0.1344,0.1872,0.8200,2901,150,11,103,722
2,498,0.8284,0.4798,0.1023,0.2214,0.8064,2901,147,6,95,654
2,499,0.8325,0.5045,0.1119,0.1688,0.7881,2901,149,9,85,585
2,500,0.8365,0.6453,0.1302,0.2605,1.0414,2901,152,16,81,558
2,501,0.8405,0.6714,0.1054,0.1732,0.9530,2901,147,6,81,530
2,502,0.8443,0.4244,0.1403,0.1825,0.7559,2901,144,0,79,472
2,503,0.8481,0.6038,0.1494,0.1265,0.8856,2901,145,2,65,443
2,504,0.8519,0.6749,0.1418,0.1500,0.9729,2901,144,0,65,407
2,505,0.8557,0.5945,0.1370,0.1355,0.8695,2901,144,0,63,378
2,506,0.8594,0.5816,0.1221,0.1161,0.8233,2901,145,2,55,320
2,507,0.8632,0.5921,0.1122,0.0897,0.7972,2901,145,2,41,243
2,508,0.8668,0.4206,0.1085,0.0927,0.6253,2901,145,2,41,203
2,509,0.8704,0.7300,0.1059,0.0785,0.9189,2901,146,4,41,192
2,510,0.8739,0.6429,0.1400,0.0880,0.8750,2901,147,5,41,171
2,511,0.8775,0.6789,0.1469,0.0783,0.9128,2901,147,5,35,138
2,512,0.8809,0.4944,0.1070,0.0517,0.6566,2901,146,4,27,95
2,513,0.8845,0.6627,0.1181,0.0752,0.8581,2901,147,6,27,85
2,514,0.8879,0.6947,0.1222,0.0512,0.8724,2901,149,9,27,85
2,515,0.8915,0.7477,0.1215,0.0539,0.9284,2901,146,4,27,61
2,516,0.8949,0.8101,0.1136,0.0478,0.9760,2901,146,4,27,37
2,517,0.8984,0.7247,0.1244,0.0516,0.9087,2901,151,14,27,22
2,518,0.9018,0.4821,0.1297,0.0737,0.6929,2901,148,8,21,10
2,519,0.9052,0.6929,0.1335,0.0408,0.8755,2901,148,8,21,4
2,520,0.9086,0.7263,0.1094,0.0136,0.8519,2901,148,8,1,0
2,521,0.9120,0.6366,0.1446,0.0219,0.8083,2901,147,6,1,0
2,522,0.9156,0.6505,0.1125,0.0421,0.8095,2901,148,8,1,0
2,523,0.9189,0.7700,0.1350,0.0296,0.9397,2901,149,10,1,0
2,524,0.9224,0.7140,0.1149,0.0152,0.8475,2901,151,11,1,0
2,525,0.9259,0.7208,0.1159,0.0119,0.8534,2901,151,11,1,0
2,526,0.9293,0.7202,0.1227,0.0126,0.8584,2901,148,8,1,0
2,527,0.9327,0.4173,0.1426,0.0122,0.5771,2901,152,13,1,0
2,528,0.9360,0.7715,0.1188,0.0128,0.9087,2901,147,6,1,0
2,529,0.9396,0.6561,0.1355,0.0130,0.8081,2901,155,22,1,0
2,530,0.9430,0.7029,0.1609,0.0120,0.8821,2901,146,4,1,0
2,531,0.9464,0.3910,0.1203,0.0102,0.5243,2901,146,4,1,0
2,532,0.9496,0.6679,0.0994,0.0154,0.7876,2901,144,0,1,0
2,533,0.9529,0.5715,0.1649,0.0389,0.7894,2901,148,8,1,0
2,534,0.9561,0.4157,0.1097,0.0167,0.5469,2901,150,10,1,0
2,535,0.9596,0.6936,0.1268,0.0120,0.8396,2901,147,6,1,0
2,536,0.9629,0.4210,0.0982,0.0269,0.5518,2901,144,0,1,0
2,537,0.9664,0.6006,0.1259,0.0170,0.7486,2901,144,0,1,0
2,538,0.9698,0.6728,0.1581,0.0123,0.8518,2901,149,10,1,0
2,539,0.9730,0.6729,0.1523,0.0406,0.8746,2901,147,6,1,0
2,540,0.9761,0.7286,0.1221,0.0155,0.8707,2901,144,0,1,0
2,541,0.9795,0.6816,0.1068,0.0112,0.8034,2901,147,6,1,0
2,542,0.9828,0.3887,0.1076,0.0094,0.5079,2901,149,10,1,0
2,543,0.9861,0.4804,0.1405,0.0116,0.6400,2901,147,6,1,0
2,544,0.9893,0.4380,0.1218,0.0099,0.5740,2901,150,10,1,0
2,545,0.9926,0.6426,0.1497,0.0167,0.8147,2901,150,11,1,0
2,546,0.9959,0.7598,0.1386,0.0133,0.9143,2901,146,4,1,0
2,547,0.9993,0.6616,0.1125,0.0119,0.7897,2901,150,12,1,0
3,548,0.0035,0.6491,0.2376,0.0290,0.9185,2901,287,287,1,0
3,549,0.0070,0.6862,0.1410,0.0282,0.8597,2901,144,0,1,0
3,550,0.0106,0.7707,0.1520,0.0207,0.9473,2901,144,0,1,0
3,551,0.0140,0.4852,0.1087,0.0086,0.6072,2901,144,0,1,0
3,552,0.0173,0.7047,0.1291,0.0169,0.8543,2901,144,0,1,0
3,553,0.0207,0.7296,0.1242,0.0185,0.8760,2901,144,0,1,0
3,554,0.0241,0.7640,0.1441,0.0123,0.9304,2901,144,0,1,0
3,555,0.0275,0.7126,0.1273,0.0115,0.8563,2901,146,4,1,0
3,556,0.0309,0.6598,0.1347,0.0117,0.8097,2901,145,2,1,0
3,557,0.0343,0.7153,0.1285,0.0112,0.8593,2901,150,11,1,0
3,558,0.0377,0.8180,0.1512,0.0121,0.9854,2901,148,8,1,0
3,559,0.0411,0.7400,0.1309,0.0116,0.8852,2901,149,10,1,0
3,560,0.0442,0.4471,0.1204,0.0107,0.5809,2901,145,2,1,0
3,561,0.0477,0.7360,0.1640,0.0127,0.9172,2901,151,13,1,0
3,562,0.0511,0.6584,0.1290,0.0117,0.8034,2901,148,8,1,0
3,563,0.0545,0.7183,0.1674,0.0184,0.9079,2901,151,14,1,0
3,564,0.0580,0.6979,0.1732,0.0139,0.8913,2901,153,15,1,0
3,565,0.0615,0.6146,0.1775,0.0136,0.8098,2901,147,6,1,0
3,566,0.0649,0.6413,0.1575,0.0215,0.8226,2901,147,5,1,0
3,567,0.0683,0.6960,0.1767,0.0402,0.9222,2901,150,12,1,0
3,568,0.0718,0.6198,0.1479,0.0124,0.7863,2901,149,10,1,0
3,569,0.0752,0.7416,0.1627,0.0168,0.9247,2901,147,5,1,0
3,570,0.0786,0.5409,0.1251,0.0170,0.6864,2901,147,6,1,0
3,571,0.0820,0.6892,0.1645,0.0200,0.8769,2901,159,27,1,0
3,572,0.0854,0.6922,0.1351,0.0142,0.8448,2901,148,8,1,0
3,573,0.0889,0.7487,0.1391,0.0291,0.9198,2901,150,12,1,0
3,574,0.0924,0.7502,0.1274,0.0119,0.8932,2901,148,8,1,0
3,575,0.0958,0.6730,0.1285,0.0169,0.8220,2901,150,12,1,0
3,576,0.0994,0.6136,0.1441,0.0180,0.7796,2901,144,0,1,0
3,577,0.1027,0.6573,0.1502,0.0115,0.8255,2901,150,12,1,0
3,578,0.1061,0.6849,0.1478,0.0115,0.8559,2901,147,6,1,0
3,579,0.1096,0.7265,0.1336,0.0154,0.8804,2901,149,8,1,0
3,580,0.1138,0.6670,0.1593,0.0134,0.8447,2901,149,10,1,0
3,581,0.1176,0.5220,0.1367,0.0091,0.6705,2901,147,6,1,0
3,582,0.1210,0.4081,0.1269,0.0132,0.5503,2901,148,7,1,0
3,583,0.1245,0.6472,0.1394,0.0139,0.8041,2901,146,4,1,0
3,584,0.1281,0.4148,0.1303,0.0124,0.5614,2901,145,2,1,0
3,585,0.1319,0.4810,0.1326,0.0092,0.6248,2901,150,12,1,0
3,586,0.1354,0.4879,0.1068,0.0092,0.6067,2901,145,2,1,0
3,587,0.1391,0.4995,0.1359,0.0090,0.6482,2901,148,8,1,0
3,588,0.1430,0.5090,0.1342,0.0090,0.6542,2901,146,4,1,0
3,589,0.1466,0.5007,0.1760,0.0148,0.6986,2901,149,10,1,0
3,590,0.1504,0.5064,0.1297,0.0099,0.6483,2901,150,11,1,0
3,591,0.1543,0.5115,0.1411,0.0112,0.6663,2901,153,15,1,0
3,592,0.1579,0.5164,0.1413,0.0134,0.6738,2901,149,10,1,0
3,593,0.1613,0.4723,0.1212,0.0089,0.6052,2901,151,13,1,0
3,594,0.1648,0.4506,0.1252,0.0106,0.5889,2901,150,12,1,0
3,595,0.1683,0.4295,0.1340,0.0095,0.5766,2901,151,12,1,0
3,596,0.1719,0.5543,0.1394,0.0128,0.7094,2901,146,4,1,0
3,597,0.1754,0.6241,0.1648,0.0207,0.8167,2901,149,10,1,0
3,598,0.1789,0.5162,0.1549,0.0093,0.6841,2901,151,14,1,0
3,599,0.1828,0.5365,0.1371,0.0213,0.6969,2901,153,17,1,0
3,600,0.1864,0.5336,0.1426,0.0126,0.6912,2901,147,6,1,0
3,601,0.1898,0.4899,0.1253,0.0110,0.6284,2901,149,10,1,0
3,602,0.1934,0.4399,0.1305,0.0080,0.5806,2901,152,15,1,0
3,603,0.1968,0.7204,0.1501,0.0166,0.8936,2901,145,2,1,0
3,604,0.2003,0.5478,0.1922,0.0188,0.7623,2901,149,10,1,0
3,605,0.2041,0.5330,0.1234,0.0099,0.6691,2901,146,4,1,0
3,606,0.2074,0.4465,0.1310,0.0080,0.5909,2901,148,8,1,0
3,607,0.2109,0.5857,0.1398,0.0158,0.7440,2901,150,12,1,0
3,608,0.2143,0.6354,0.1299,0.0092,0.7768,2901,147,4,1,0
3,609,0.2178,0.4243,0.1333,0.0116,0.5717,2901,147,6,1,0
3,610,0.2214,0.4331,0.1342,0.0153,0.5846,2901,144,0,1,0
3,611,0.2250,0.4198,0.1584,0.0149,0.5988,2901,146,4,1,0
3,612,0.2288,0.4809,0.1161,0.0093,0.6087,2901,145,2,1,0
3,613,0.2324,0.4528,0.1217,0.0077,0.5839,2901,146,3,1,0
3,614,0.2361,0.4335,0.1357,0.0071,0.5794,2901,149,9,1,0
3,615,0.2396,0.5197,0.1340,0.0084,0.6658,2901,145,2,1,0
3,616,0.2432,0.5639,0.1291,0.0274,0.7235,2901,147,5,1,0
3,617,0.2467,0.5101,0.1300,0.0090,0.6525,2901,144,0,1,0
3,618,0.2502,0.5106,0.1420,0.0108,0.6665,2901,146,4,1,0
3,619,0.2534,0.4424,0.1209,0.0087,0.5749,2901,145,2,1,0
3,620,0.2569,0.5004,0.1325,0.0119,0.6471,2901,152,14,1,0
3,621,0.2605,0.5762,0.1171,0.0110,0.7068,2901,146,4,1,0
3,622,0.2640,0.5291,0.1402,0.0159,0.6880,2901,150,10,1,0
3,623,0.2672,0.4496,0.1333,0.0111,0.5963,2901,149,9,1,0
3,624,0.2702,0.4205,0.1195,0.0079,0.5511,2901,148,8,1,0
3,625,0.2731,0.3942,0.1105,0.0106,0.5169,2901,147,6,1,0
3,626,0.2761,0.3889,0.1140,0.0102,0.5173,2901,147,6,1,0
3,627,0.2790,0.3939,0.1162,0.0122,0.5274,2901,147,6,1,0
3,628,0.2821,0.7160,0.1917,0.0121,0.9280,2901,153,16,1,0
3,629,0.2851,0.3872,0.1137,0.0138,0.5196,2901,144,0,1,0
3,630,0.2882,0.3837,0.1177,0.0071,0.5117,2901,148,8,1,0
3,631,0.2912,0.7138,0.1332,0.0113,0.8650,2901,149,10,1,0
3,632,0.2946,0.7244,0.1909,0.0125,0.9383,2901,150,9,1,0
3,633,0.2980,0.4812,0.1240,0.0074,0.6142,2901,154,19,1,0
3,634,0.3011,0.3976,0.1109,0.0127,0.5236,2901,147,6,1,0
3,635,0.3040,0.3968,0.1219,0.0070,0.5282,2901,148,8,1,0
3,636,0.3070,0.5133,0.1273,0.0086,0.6514,2901,152,13,1,0
3,637,0.3100,0.7001,0.1570,0.0109,0.8757,2901,147,6,1,0
3,638,0.3132,0.3947,0.1016,0.0081,0.5071,2901,144,0,1,0
3,639,0.3163,0.4288,0.1124,0.0115,0.5565,2901,147,6,1,0
3,640,0.3196,0.6774,0.1802,0.0501,0.9192,2901,154,18,1,0
3,641,0.3230,0.6185,0.1737,0.0259,0.8215,2901,148,8,1,0
3,642,0.3264,0.7490,0.1256,0.0124,0.8965,2901,147,6,1,0
3,643,0.3298,0.7717,0.1226,0.0115,0.9107,2901,145,2,1,0
3,644,0.3333,0.6240,0.1148,0.0136,0.7559,2901,144,0,1,0
3,645,0.3366,0.7308,0.1412,0.0115,0.8876,2901,145,2,1,0
3,646,0.3401,0.4112,0.1180,0.0218,0.5534,2901,146,4,1,0
3,647,0.3430,0.3917,0.1128,0.0079,0.5154,2901,147,6,1,0
3,648,0.3461,0.7480,0.1357,0.0135,0.9009,2901,146,4,1,0
3,649,0.3492,0.3935,0.1216,0.0071,0.5255,2901,147,6,1,0
3,650,0.3526,0.6182,0.1684,0.0152,0.8088,2901,149,10,1,0
3,651,0.3560,0.6903,0.1650,0.0109,0.8739,2901,148,8,1,0
3,652,0.3593,0.7739,0.1495,0.0101,0.9417,2901,146,4,1,0
3,653,0.3626,0.3890,0.1174,0.0100,0.5189,2901,153,16,1,0
3,654,0.3658,0.4321,0.1294,0.0167,0.5803,2901,148,7,1,0
3,655,0.3692,0.5832,0.1228,0.0122,0.7216,2901,147,6,1,0
3,656,0.3726,0.3995,0.1129,0.0079,0.5225,2901,146,4,1,0
3,657,0.3757,0.7481,0.1660,0.0225,0.9426,2901,150,12,1,0
3,658,0.3788,0.7187,0.1539,0.0357,0.9123,2901,147,6,1,0
3,659,0.3818,0.4331,0.1152,0.0163,0.5679,2901,148,8,1,0
3,660,0.3851,0.6104,0.1586,0.0129,0.7868,2901,150,11,1,0
3,661,0.3883,0.4076,0.1215,0.0085,0.5403,2901,149,10,1,0
3,662,0.3913,0.3875,0.1150,0.0068,0.5110,2901,150,12,1,0
3,663,0.3943,0.7685,0.1702,0.0117,0.9560,2901,152,13,1,0
3,664,0.3977,0.4878,0.2111,0.0154,0.7187,2901,147,6,1,0
3,665,0.4010,0.6799,0.1553,0.0137,0.8594,2901,150,12,1,0
3,666,0.4044,0.6505,0.1280,0.0124,0.7934,2901,149,10,1,0
3,667,0.4077,0.6841,0.1515,0.0315,0.8748,2901,146,4,1,0
3,668,0.4111,0.7201,0.1529,0.0133,0.8903,2901,146,4,1,0
3,669,0.4145,0.6900,0.1207,0.0115,0.8246,2901,145,2,1,0
3,670,0.4180,0.6361,0.1283,0.0387,0.8078,2901,149,9,1,0
3,671,0.4215,0.7890,0.1409,0.0128,0.9474,2901,151,14,1,0
3,672,0.4251,0.7610,0.1360,0.0129,0.9188,2901,147,5,1,0
3,673,0.4286,0.4344,0.1244,0.0180,0.5798,2901,144,0,1,0
3,674,0.4319,0.4703,0.1420,0.0108,0.6280,2901,144,0,1,0
3,675,0.4353,0.7165,0.1351,0.0319,0.8864,2901,146,4,1,0
3,676,0.4388,0.6551,0.1244,0.0113,0.7949,2901,146,3,1,0
3,677,0.4423,0.7565,0.1752,0.0409,0.9789,2901,144,0,1,0
3,678,0.4457,0.5847,0.1300,0.0238,0.7403,2901,145,2,1,0
3,679,0.4492,0.7726,0.1357,0.0143,0.9274,2901,147,6,1,0
3,680,0.4526,0.7394,0.1691,0.0144,0.9291,2901,148,7,1,0
3,681,0.4560,0.7499,0.1252,0.0144,0.8940,2901,144,0,1,0
3,682,0.4591,0.4300,0.1042,0.0116,0.5502,2901,144,0,1,0
3,683,0.4623,0.6965,0.1501,0.0377,0.8926,2901,147,6,1,0
3,684,0.4655,0.4715,0.1299,0.0084,0.6135,2901,147,6,1,0
3,685,0.4687,0.6965,0.1635,0.0225,0.8851,2901,150,10,1,0
3,686,0.4721,0.6141,0.1449,0.0172,0.7798,2901,149,8,1,0
3,687,0.4755,0.6515,0.1213,0.0108,0.7868,2901,146,4,1,0
3,688,0.4790,0.6429,0.1752,0.0397,0.8633,2901,152,15,1,0
3,689,0.4824,0.6743,0.1670,0.0388,0.8892,2901,149,10,1,0
3,690,0.4858,0.9154,0.1231,0.0148,1.0608,2901,148,8,1,0
3,691,0.4893,0.8342,0.1397,0.0139,0.9929,2901,147,6,1,0
3,692,0.4928,0.7076,0.1702,0.0121,0.8973,2901,146,4,1,0
3,693,0.4961,0.7361,0.1674,0.0163,0.9257,2901,150,12,1,0
3,694,0.4996,0.6258,0.1761,0.0206,0.8282,2901,150,11,1,0
3,695,0.5031,0.4370,0.1239,0.0142,0.5784,2901,148,8,1,0
3,696,0.5064,0.6922,0.1419,0.0120,0.8501,2901,150,10,1,0
3,697,0.5095,0.3911,0.1101,0.0071,0.5102,2901,146,4,1,0
3,698,0.5123,0.4288,0.1311,0.0135,0.5768,2901,152,14,1,0
3,699,0.5156,0.7224,0.1451,0.0109,0.8832,2901,153,15,1,0
3,700,0.5191,0.6340,0.1187,0.0090,0.7638,2901,148,8,1,0
3,701,0.5225,0.5720,0.1796,0.0352,0.7902,2901,149,10,1,0
3,702,0.5260,0.6513,0.1405,0.0242,0.8232,2901,146,4,1,0
3,703,0.5293,0.6603,0.1508,0.0115,0.8319,2901,145,2,1,0
3,704,0.5327,0.7220,0.1583,0.0141,0.9012,2901,152,14,1,0
3,705,0.5360,0.8244,0.1188,0.0121,0.9619,2901,144,0,1,0
3,706,0.5394,0.6959,0.1239,0.0118,0.8366,2901,146,4,1,0
3,707,0.5428,0.5833,0.1589,0.0223,0.7677,2901,148,8,1,0
3,708,0.5462,0.6443,0.1198,0.0110,0.7780,2901,145,2,1,0
3,709,0.5495,0.7294,0.1358,0.0279,0.8968,2901,147,6,1,0
3,710,0.5530,0.6641,0.1759,0.0203,0.8647,2901,151,14,1,0
3,711,0.5563,0.4072,0.1076,0.0074,0.5258,2901,144,0,1,0
3,712,0.5595,0.6735,0.1292,0.0190,0.8247,2901,149,10,1,0
3,713,0.5627,0.4554,0.1490,0.0444,0.6539,2901,146,4,1,0
3,714,0.5660,0.5595,0.1617,0.0161,0.7427,2901,147,6,1,0
3,715,0.5694,0.4293,0.1264,0.0221,0.5805,2901,147,6,1,0
3,716,0.5727,0.7025,0.1342,0.0123,0.8524,2901,152,14,1,0
3,717,0.5762,0.7699,0.1372,0.0183,0.9305,2901,146,4,1,0
3,718,0.5798,0.6254,0.1683,0.0229,0.8211,2901,149,10,1,0
3,719,0.5831,0.6968,0.1527,0.0310,0.8837,2901,148,8,1,0
3,720,0.5866,0.7114,0.1338,0.0205,0.8695,2901,148,8,1,0
3,721,0.5900,0.6902,0.1498,0.0116,0.8627,2901,147,6,1,0
3,722,0.5935,0.6679,0.1158,0.0122,0.7996,2901,151,13,1,0
3,723,0.5966,0.4152,0.1153,0.0349,0.5681,2901,147,6,21,10
3,724,0.5995,0.4095,0.1265,0.0354,0.5773,2901,151,14,21,15
3,725,0.6028,0.8626,0.1505,0.0627,1.0789,2901,148,8,27,22
3,726,0.6064,0.5618,0.1893,0.0872,0.8419,2901,152,13,27,49
3,727,0.6099,0.4254,0.1208,0.0608,0.6104,2901,147,6,27,79
3,728,0.6132,0.6501,0.1744,0.0554,0.8851,2901,145,2,27,85
3,729,0.6166,0.4412,0.1621,0.0898,0.6964,2901,147,6,27,90
3,730,0.6200,0.4711,0.1135,0.0436,0.6300,2901,148,8,27,95
3,731,0.6234,0.4850,0.1643,0.0972,0.7488,2901,148,8,41,156
3,732,0.6269,0.6314,0.1689,0.0781,0.8860,2901,154,14,41,171
3,733,0.6304,0.7258,0.1330,0.0784,0.9438,2901,148,8,41,198
3,734,0.6342,0.6581,0.1356,0.0827,0.8806,2901,144,0,41,214
3,735,0.6376,0.8657,0.1396,0.1447,1.1559,2901,144,0,47,256
3,736,0.6412,0.4175,0.1226,0.1234,0.6665,2901,144,0,55,331
3,737,0.6447,0.8022,0.1431,0.1885,1.1420,2901,146,4,63,382
3,738,0.6486,0.6482,0.1262,0.1759,0.9536,2901,145,2,65,418
3,739,0.6524,0.8278,0.1447,0.2313,1.2137,2901,144,0,67,443
3,740,0.6563,0.6353,0.1345,0.2511,1.0247,2901,145,2,77,478
3,741,0.6603,0.8266,0.1365,0.2223,1.1900,2901,144,0,81,530
3,742,0.6642,0.5070,0.1646,0.2879,0.9632,2901,147,5,81,560
3,743,0.6681,0.7345,0.1591,0.1635,1.0614,2901,147,6,87,586
3,744,0.6720,0.8470,0.1451,0.3353,1.3313,2901,149,9,101,654
3,745,0.6759,0.5070,0.1315,0.1810,0.8223,2901,146,4,101,730
3,746,0.6800,0.4213,0.1316,0.2332,0.7892,2901,147,5,115,768
3,747,0.6842,0.5032,0.1314,0.3471,0.9887,2901,149,8,123,858
3,748,0.6886,0.5046,0.1294,0.2646,0.9011,2901,154,17,131,900
3,749,0.6928,0.5028,0.1212,0.2745,0.9032,2901,148,8,139,947
3,750,0.6969,0.4244,0.1241,0.2716,0.8263,2901,151,12,143,1049
3,751,0.7011,0.4235,0.1403,0.2837,0.8504,2901,149,10,145,1148
3,752,0.7054,0.4041,0.1371,0.4240,0.9688,2901,151,13,145,1175
3,753,0.7098,0.5190,0.1238,0.4131,1.0588,2901,149,10,233,1302
3,754,0.7143,0.5871,0.1287,0.3625,1.0814,2901,148,8,227,1350
3,755,0.7190,0.4160,0.1347,0.4163,0.9706,2901,151,12,229,1419
3,756,0.7236,0.5590,0.1403,0.4156,1.1180,2901,154,19,235,1447
3,757,0.7282,0.6665,0.1302,0.4262,1.2287,2901,149,10,235,1492
3,758,0.7329,0.4218,0.1449,0.4108,0.9820,2901,147,6,237,1508
3,759,0.7376,0.5821,0.1209,0.3943,1.1009,2901,149,10,237,1567
3,760,0.7422,0.5850,0.1445,0.5074,1.2403,2901,154,17,223,1547
3,761,0.7472,0.7987,0.1249,0.6065,1.5345,2901,146,4,225,1632
3,762,0.7519,0.4949,0.1217,0.4022,1.0215,2901,145,2,225,1632
3,763,0.7566,0.4562,0.1231,0.4236,1.0053,2901,147,6,227,1563
3,764,0.7612,0.5716,0.1311,0.4237,1.1315,2901,149,10,239,1557
3,765,0.7660,0.5983,0.1506,0.4039,1.1562,2901,148,8,237,1508
3,766,0.7708,0.5366,0.1202,0.4501,1.1099,2901,149,10,235,1508
3,767,0.7756,0.6583,0.1415,0.7163,1.5208,2901,149,10,235,1469
3,768,0.7804,0.4234,0.1374,0.4829,1.0471,2901,154,17,231,1455
3,769,0.7850,0.5754,0.1486,0.4124,1.1397,2901,151,13,229,1352
3,770,0.7897,0.5995,0.1366,0.3774,1.1181,2901,149,9,227,1313
3,771,0.7942,0.5631,0.1528,0.4926,1.2134,2901,149,9,145,1175
3,772,0.7988,0.5473,0.1196,0.2899,0.9599,2901,148,8,145,1173
3,773,0.8031,0.5616,0.1457,0.2770,0.9877,2901,153,15,143,1068
3,774,0.8074,0.5179,0.1411,0.4027,1.0651,2901,153,17,139,992
3,775,0.8116,0.4279,0.1510,0.2626,0.8454,2901,154,20,131,920
3,776,0.8159,0.4231,0.1171,0.2771,0.8200,2901,147,6,121,838
3,777,0.8200,0.5425,0.1217,0.2240,0.8913,2901,150,11,117,788
3,778,0.8242,0.4867,0.1254,0.2064,0.8215,2901,147,6,103,722
3,779,0.8282,0.4771,0.1180,0.2698,0.8683,2901,144,0,101,661
3,780,0.8322,0.5056,0.1340,0.2482,0.8910,2901,148,7,87,588
3,781,0.8362,0.5130,0.1778,0.1580,0.8538,2901,154,19,81,558
3,782,0.8401,0.4250,0.1805,0.1773,0.7921,2901,154,15,81,530
3,783,0.8440,0.4337,0.1461,0.1654,0.7481,2901,148,8,77,479
3,784,0.8479,0.6531,0.1547,0.1259,0.9389,2901,144,0,65,443
3,785,0.8517,0.6021,0.1440,0.1236,0.8752,2901,144,0,65,413
3,786,0.8554,0.6771,0.1461,0.1428,0.9787,2901,144,0,63,382
3,787,0.8590,0.6571,0.1583,0.1318,0.9573,2901,146,4,55,331
3,788,0.8628,0.6618,0.1252,0.1349,0.9252,2901,146,4,45,243
3,789,0.8664,0.4262,0.1277,0.1135,0.6740,2901,146,4,41,203
3,790,0.8699,0.6776,0.1742,0.1153,0.9784,2901,147,5,41,192
3,791,0.8735,0.7483,0.1205,0.0782,0.9504,2901,144,0,41,171
3,792,0.8771,0.6449,0.1310,0.0747,0.8536,2901,146,4,35,138
3,793,0.8807,0.6905,0.1551,0.0778,0.9306,2901,150,12,27,95
3,794,0.8841,0.7589,0.1432,0.0949,1.0002,2901,146,4,27,85
3,795,0.8877,0.7205,0.1530,0.0555,0.9350,2901,146,4,27,85
3,796,0.8912,0.7282,0.1307,0.0492,0.9118,2901,150,11,27,61
3,797,0.8947,0.7033,0.1241,0.0488,0.8826,2901,148,8,27,37
3,798,0.8986,0.7475,0.1305,0.1271,1.0134,2901,151,12,21,15
3,799,0.9022,0.6849,0.1412,0.1696,1.0011,2901,146,4,21,10
3,800,0.9057,0.7209,0.1333,0.0146,0.8732,2901,149,9,1,0
3,801,0.9091,0.8055,0.1384,0.0286,0.9766,2901,149,10,1,0
3,802,0.9126,0.6607,0.1300,0.0116,0.8064,2901,149,10,1,0
3,803,0.9160,0.7085,0.1462,0.0130,0.8748,2901,149,10,1,0
3,804,0.9194,0.6806,0.1350,0.0122,0.8327,2901,148,8,1,0
3,805,0.9228,0.6964,0.1421,0.0246,0.8736,2901,149,8,1,0
3,806,0.9262,0.7226,0.1449,0.0212,0.8922,2901,155,17,1,0
3,807,0.9298,0.5820,0.1610,0.0146,0.7602,2901,150,12,1,0
3,808,0.9333,0.6775,0.1255,0.0119,0.8197,2901,148,8,1,0
3,809,0.9366,0.7598,0.1282,0.0156,0.9100,2901,150,12,1,0
3,810,0.9401,0.7624,0.1494,0.0283,0.9464,2901,146,4,1,0
3,811,0.9433,0.4035,0.1149,0.0094,0.5305,2901,146,4,1,0
3,812,0.9463,0.5195,0.1443,0.0083,0.6749,2901,150,10,1,0
3,813,0.9496,0.7510,0.1337,0.0123,0.9006,2901,147,6,1,0
3,814,0.9529,0.7345,0.1252,0.0201,0.8830,2901,144,0,1,0
3,815,0.9559,0.3861,0.1156,0.0073,0.5107,2901,149,10,1,0
3,816,0.9592,0.8901,0.1358,0.0188,1.0499,2901,146,4,1,0
3,817,0.9626,0.5991,0.1744,0.0404,0.8202,2901,147,6,1,0
3,818,0.9655,0.4125,0.1147,0.0074,0.5373,2901,145,2,1,0
3,819,0.9684,0.4926,0.1192,0.0089,0.6230,2901,146,4,1,0
3,820,0.9717,0.7044,0.1242,0.0117,0.8435,2901,147,6,1,0
3,821,0.9751,0.6795,0.1302,0.0119,0.8249,2901,150,11,1,0
3,822,0.9786,0.7248,0.1227,0.0126,0.8641,2901,146,4,1,0
3,823,0.9822,0.7547,0.1325,0.0201,0.9097,2901,146,4,1,0
3,824,0.9853,0.6562,0.1520,0.0165,0.8345,2901,147,6,1,0
3,825,0.9887,0.6996,0.1411,0.0128,0.8567,2901,147,6,1,0
3,826,0.9920,0.7279,0.1787,0.0130,0.9235,2901,152,15,1,0
3,827,0.9953,0.7191,0.1647,0.0117,0.9006,2901,149,9,1,0
3,828,0.9988,0.8318,0.1348,0.0264,0.9979,2901,149,10,1,0
