# method=KineticBVH,deformation=Localized,triangles=4352,vertices=2442,treeNodes=1247,maxTrisPerLeaf=10,moveSpeed=2.0000,moveDistance=3.0000
run,frame,cycleProgress,deformMs,updateMs,queryMs,totalMs,verticesChecked,nodesVisitedUpdate,dirtyNodes,nodesVisitedQuery,collidedVertices
1,0,0.0050,0.4286,3.9899,0.0078,4.4340,57920,624,961,1,0
1,1,0.0085,0.4243,4.8103,0.0091,5.2475,72207,624,758,1,0
1,2,0.0121,0.3845,4.7052,0.0082,5.1016,71778,624,781,1,0
1,3,0.0157,0.4027,4.7042,0.0158,5.1272,71329,624,796,1,0
1,4,0.0194,0.5225,4.7667,0.0118,5.3067,70991,624,817,1,0
1,5,0.0230,0.3884,4.6639,0.0130,5.0696,70835,624,818,1,0
1,6,0.0267,0.4441,4.8915,0.0118,5.3496,71634,624,830,1,0
1,7,0.0303,0.4209,4.8250,0.0271,5.2785,71792,624,845,1,0
1,8,0.0342,0.4446,4.6657,0.0079,5.1222,70165,624,851,1,0
1,9,0.0381,0.4051,4.9392,0.0110,5.3665,69719,624,861,1,0
1,10,0.0418,0.4009,4.6616,0.0077,5.0726,70223,624,860,1,0
1,11,0.0454,0.4635,4.6606,0.0074,5.1331,69288,624,879,1,0
1,12,0.0491,0.4126,4.7488,0.0108,5.1772,69697,624,867,1,0
1,13,0.0529,0.6198,4.7824,0.0123,5.4180,70590,624,853,1,0
1,14,0.0565,0.4284,4.7406,0.0113,5.1827,70845,624,861,1,0
1,15,0.0602,0.4245,4.7840,0.0112,5.2244,70729,624,862,1,0
1,16,0.0639,0.4238,4.7293,0.0079,5.1631,70068,624,865,1,0
1,17,0.0675,0.4146,4.7062,0.0105,5.1382,69461,624,867,1,0
1,18,0.0713,0.4071,4.6399,0.0213,5.0711,69291,624,860,1,0
1,19,0.0749,0.4234,4.7225,0.0092,5.1601,70615,624,857,1,0
1,20,0.0787,0.4406,4.8356,0.0113,5.2898,71285,624,843,1,0
1,21,0.0824,0.4140,4.7872,0.0079,5.2114,72234,624,837,1,0
1,22,0.0861,0.5134,5.1254,0.0136,5.6568,71470,624,830,1,0
1,23,0.0899,0.4117,4.1934,0.0131,4.6206,71054,624,828,1,0
1,24,0.0935,0.5105,5.0068,0.0107,5.5349,70872,624,816,1,0
1,25,0.0974,0.4956,4.7471,0.0121,5.2613,70878,624,800,1,0
1,26,0.1012,0.4221,4.7424,0.0086,5.1757,70194,624,782,1,0
1,27,0.1051,0.4149,4.6417,0.0240,5.0832,70360,624,753,1,0
1,28,0.1089,0.4280,4.8000,0.0111,5.2432,72376,624,711,1,0
1,29,0.1126,0.4101,4.8421,0.0120,5.2673,71834,624,747,1,0
1,30,0.1163,0.5218,4.7042,0.0082,5.2366,71276,624,765,1,0
1,31,0.1201,0.3985,4.8429,0.0083,5.2534,71299,624,797,1,0
1,32,0.1238,0.4171,4.8298,0.0119,5.2610,70953,624,819,1,0
1,33,0.1275,0.3837,4.7019,0.0112,5.1000,71050,624,821,1,0
1,34,0.1312,0.4085,5.1152,0.0113,5.5375,71885,624,835,1,0
1,35,0.1349,0.4014,4.8332,0.0109,5.2483,71519,624,846,1,0
1,36,0.1386,0.4227,4.7981,0.0095,5.2326,70270,624,855,1,0
1,37,0.1422,0.4140,5.0282,0.0110,5.4561,69735,624,864,1,0
1,38,0.1460,0.6220,4.8117,0.0095,5.4490,69748,624,863,1,0
1,39,0.1497,0.3729,4.7172,0.0081,5.0999,69396,624,871,1,0
1,40,0.1534,0.4993,4.8534,0.0100,5.3662,69646,624,875,1,0
1,41,0.1570,0.4140,4.7744,0.0089,5.2014,71103,624,853,1,0
1,42,0.1607,0.4394,4.7926,0.0101,5.2443,70880,624,865,1,0
1,43,0.1643,0.4058,4.8515,0.0100,5.2696,70764,624,864,1,0
1,44,0.1680,0.3999,5.0023,0.0132,5.4185,69823,624,861,1,0
1,45,0.1718,0.3874,4.7483,0.0122,5.1526,69467,624,868,1,0
1,46,0.1757,0.4583,4.5859,0.0112,5.0579,69304,624,858,1,0
1,47,0.1797,0.4096,4.8132,0.0148,5.2405,70634,624,853,1,0
1,48,0.1836,0.4246,4.8326,0.0144,5.2771,71301,624,839,1,0
1,49,0.1873,0.4260,5.0450,0.0200,5.4938,71611,624,834,1,0
1,50,0.1911,0.5239,5.0738,0.0158,5.6216,71912,624,822,1,0
1,51,0.1949,0.4473,4.7395,0.0085,5.1996,71673,624,812,1,0
1,52,0.1987,0.4600,4.7358,0.0172,5.2158,70905,624,810,1,0
1,53,0.2024,0.4522,4.6498,0.0117,5.1180,70906,624,797,1,0
1,54,0.2061,0.3720,3.3803,0.0076,3.7618,70204,624,778,1,0
1,55,0.2091,0.4465,3.6601,0.0101,4.1236,70938,624,750,1,0
1,56,0.2122,0.3900,3.5316,0.0070,3.9308,71138,624,725,1,0
1,57,0.2153,0.4418,3.5802,0.0092,4.0354,71473,624,729,1,0
1,58,0.2184,0.3984,3.5524,0.0095,3.9655,72207,624,761,1,0
1,59,0.2214,0.4405,4.0693,0.0119,4.5255,72285,624,781,1,0
1,60,0.2246,0.4910,3.9406,0.0085,4.4432,71329,624,795,1,0
1,61,0.2278,0.4354,3.9971,0.0075,4.4441,71517,624,816,1,0
1,62,0.2310,0.4416,3.8091,0.0094,4.2643,71899,624,812,1,0
1,63,0.2341,0.3966,3.4593,0.0101,3.8699,71490,624,824,1,0
1,64,0.2372,0.3927,3.6309,0.0073,4.0331,71634,624,835,1,0
1,65,0.2403,0.3657,3.5527,0.0103,3.9326,71792,624,844,1,0
1,66,0.2433,0.3623,3.5191,0.0078,3.8909,71123,624,849,1,0
1,67,0.2466,0.3776,4.3885,0.0252,4.7946,69781,624,861,1,0
1,68,0.2499,0.3651,3.6501,0.0075,4.0274,70190,624,860,1,0
1,69,0.2531,0.3834,4.1328,0.0075,4.5255,71368,624,858,1,0
1,70,0.2564,0.4909,4.0996,0.0093,4.6027,70034,624,875,1,0
1,71,0.2597,0.3756,3.8411,0.0105,4.2292,70144,624,865,1,0
1,72,0.2629,0.4444,4.3307,0.0112,4.7915,71061,624,854,1,0
1,73,0.2661,0.3630,3.9965,0.0103,4.3721,70845,624,861,1,0
1,74,0.2692,0.3586,4.1117,0.0078,4.4800,71172,624,859,1,0
1,75,0.2724,0.4553,4.0624,0.0224,4.5439,70557,624,861,1,0
1,76,0.2756,0.3535,3.6993,0.0088,4.0636,70573,624,864,1,0
1,77,0.2787,0.3655,3.7724,0.0073,4.1477,71019,624,862,1,0
1,78,0.2820,0.3750,3.6023,0.0105,3.9907,70000,624,853,1,0
1,79,0.2857,0.7258,4.3664,0.0105,5.1076,70615,624,856,1,0
1,80,0.2897,0.6624,5.1161,0.0139,5.8008,71285,624,839,1,0
1,81,0.2937,0.5515,4.4558,0.0186,5.0354,70978,624,836,1,0
1,82,0.2978,0.7389,3.8318,0.0109,4.5842,71054,624,820,1,0
1,83,0.3020,0.3661,3.7795,0.0112,4.1593,70872,624,817,1,0
1,84,0.3056,0.3758,3.7595,0.0113,4.1488,71536,624,795,1,0
1,85,0.3094,0.4736,4.3400,0.0393,4.8562,72296,624,789,1,0
1,86,0.3133,0.7939,4.4148,0.0136,5.2282,70194,624,760,1,0
1,87,0.3175,0.7131,4.2608,0.0124,4.9897,71125,624,726,1,0
1,88,0.3216,0.7536,4.2159,0.0152,4.9896,71436,624,745,1,0
1,89,0.3255,0.3726,3.0662,0.0267,3.4677,71276,624,761,1,0
1,90,0.3290,0.4145,4.4597,0.0140,4.8923,71299,624,795,1,0
1,91,0.3330,0.5352,4.4374,0.0110,4.9873,70953,624,817,1,0
1,92,0.3368,0.7574,3.7923,0.0108,4.5629,70655,624,821,1,0
1,93,0.3406,0.7591,5.0675,0.0142,5.8514,71378,624,842,1,0
1,94,0.3446,0.7225,4.0685,0.0111,4.8045,71519,624,846,1,0
1,95,0.3486,0.7452,4.1650,0.0113,4.9298,69788,624,861,1,0
1,96,0.3524,0.7349,4.2213,0.0138,4.9737,69251,624,866,1,0
1,97,0.3561,0.5274,4.2965,0.0258,4.8544,70208,624,861,1,0
1,98,0.3601,0.5741,4.3691,0.0108,4.9567,69319,624,880,1,0
1,99,0.3639,0.6239,4.2185,0.0138,4.8592,69638,624,867,1,0
1,100,0.3679,0.6953,4.0764,0.0219,4.7995,70160,624,855,1,0
1,101,0.3717,0.6323,4.0946,0.0108,4.7404,70322,624,863,1,0
1,102,0.3755,0.6453,3.6409,0.0111,4.3005,70596,624,859,1,0
1,103,0.3793,0.7443,3.8854,0.0116,4.6441,70451,624,863,1,0
1,104,0.3831,0.7041,3.3982,0.0316,4.1378,70477,624,864,1,0
1,105,0.3869,0.5939,4.2229,0.0111,4.8317,69427,624,855,1,0
1,106,0.3908,0.6275,4.3169,0.0145,4.9625,70634,624,853,1,0
1,107,0.3946,0.9506,4.6440,0.0132,5.6121,71301,624,837,1,0
1,108,0.3986,0.6647,4.1839,0.0115,4.8645,71016,624,833,1,0
1,109,0.4024,0.6765,3.7295,0.0138,4.4232,71102,624,819,1,0
1,110,0.4059,0.7576,4.0475,0.0136,4.8281,71639,624,811,1,0
1,111,0.4097,0.7350,4.2488,0.0117,4.9991,71773,624,799,1,0
1,112,0.4137,0.7570,5.1617,0.0183,5.9409,71452,624,792,1,0
1,113,0.4178,0.6471,4.2896,0.0109,4.9555,70204,624,758,1,0
1,114,0.4218,0.5403,3.9848,0.0102,4.5377,70381,624,729,1,0
1,115,0.4256,0.6453,3.6485,0.0280,4.3257,71473,624,741,1,0
1,116,0.4292,0.6647,4.4817,0.0109,5.1618,71320,624,757,1,0
1,117,0.4330,0.7099,4.6152,0.0136,5.3456,71329,624,796,1,0
1,118,0.4369,0.6269,3.9312,0.0136,4.5763,71517,624,813,1,0
1,119,0.4407,0.6327,4.9481,0.0139,5.6015,71899,624,812,1,0
1,120,0.4446,0.7422,4.4180,0.0130,5.1766,71490,624,824,1,0
1,121,0.4484,0.6523,4.0490,0.0310,4.7372,71342,624,840,1,0
1,122,0.4522,0.6568,3.9693,0.0120,4.6419,70247,624,851,1,0
1,123,0.4559,0.4974,4.3495,0.0134,4.8646,69707,624,860,1,0
1,124,0.4597,0.6195,4.0224,0.0117,4.6565,69766,624,861,1,0
1,125,0.4634,0.4050,3.1645,0.0372,3.6112,70341,624,869,1,0
1,126,0.4675,0.4605,4.0898,0.0471,4.5994,69622,624,873,1,0
1,127,0.4714,0.5912,4.6000,0.0123,5.2068,71061,624,851,1,0
1,128,0.4754,0.6047,3.6450,0.0295,4.2850,70257,624,862,1,0
1,129,0.4791,0.6526,4.0104,0.0158,4.6862,70729,624,862,1,0
1,130,0.4829,0.8049,4.2988,0.0321,5.1415,70068,624,865,1,0
1,131,0.4867,0.6682,4.2201,0.0136,4.9109,69461,624,867,1,0
1,132,0.4905,0.6399,4.3007,0.0138,4.9585,69291,624,859,1,0
1,133,0.4943,0.5881,4.1849,0.0120,4.7915,70615,624,857,1,0
1,134,0.4982,0.5761,3.5927,0.0147,4.1892,71285,624,843,1,0
1,135,0.5034,0.6422,4.4042,0.0146,5.0660,70978,624,838,1,0
1,136,0.5073,0.5840,3.9167,0.0114,4.5166,71054,624,820,1,0
1,137,0.5112,0.7717,4.6420,0.0133,5.4330,70872,624,817,1,0
1,138,0.5151,0.7877,4.2110,0.0119,5.0165,70878,624,800,1,0
1,139,0.5190,0.7415,4.0519,0.0124,4.8099,71238,624,791,1,0
1,140,0.5228,0.8169,4.9074,0.0138,5.7432,70194,624,760,1,0
1,141,0.5272,0.4889,4.7868,0.0144,5.2938,71125,624,724,1,0
1,142,0.5310,0.6242,4.1492,0.0102,4.7878,71436,624,745,1,0
1,143,0.5350,0.6205,3.8312,0.0120,4.4734,71276,624,761,1,0
1,144,0.5389,0.8856,4.3449,0.0127,5.2467,71299,624,796,1,0
1,145,0.5431,0.7881,4.4069,0.0125,5.2121,70863,624,820,1,0
1,146,0.5472,0.5133,2.8142,0.0368,3.3696,70655,624,826,1,0
1,147,0.5509,0.6255,3.2780,0.0105,3.9158,70802,624,834,1,0
1,148,0.5545,0.6219,4.8254,0.0148,5.4660,71519,624,846,1,0
1,149,0.5587,0.7380,4.3020,0.0126,5.0574,69593,624,861,1,0
1,150,0.5626,0.6468,4.4318,0.0113,5.0931,69610,624,861,1,0
1,151,0.5664,0.7040,4.7302,0.0136,5.4520,70784,624,854,1,0
1,152,0.5705,0.6702,4.2752,0.0126,4.9621,69969,624,877,1,0
1,153,0.5744,0.7241,4.6676,0.0128,5.4076,70173,624,867,1,0
1,154,0.5784,0.5554,4.4076,0.0108,4.9777,70160,624,857,1,0
1,155,0.5823,0.6565,4.0711,0.0135,4.7439,69738,624,864,1,0
1,156,0.5861,0.7286,4.3779,0.0121,5.1224,69823,624,862,1,0
1,157,0.5900,0.8518,4.3178,0.0122,5.1883,70491,624,866,1,0
1,158,0.5939,0.6016,4.3048,0.0126,4.9252,69417,624,859,1,0
1,159,0.5978,0.6954,4.3577,0.0123,5.0686,69491,624,858,1,0
1,160,0.6016,0.5868,4.3425,0.0106,4.9427,72272,624,842,1,0
1,161,0.6055,0.5621,4.7703,0.0137,5.3494,71862,624,837,1,0
1,162,0.6094,0.6595,4.0706,0.0278,4.7649,71500,624,826,23,6
1,163,0.6134,0.7961,4.5981,0.0697,5.4691,71102,624,818,29,18
1,164,0.6180,0.7507,3.7802,0.0908,4.6250,70905,624,810,41,34
1,165,0.6219,0.6139,4.2340,0.0790,4.9335,70906,624,798,51,51
1,166,0.6257,0.7003,3.9936,0.1016,4.7989,70204,624,774,55,70
1,167,0.6295,0.6243,4.0730,0.1219,4.8216,70381,624,734,81,95
1,168,0.6336,0.7574,4.9517,0.1632,5.8822,71473,624,711,107,124
1,169,0.6376,0.6157,4.1952,0.1990,5.0125,71320,624,759,119,156
1,170,0.6417,0.7212,4.4507,0.2348,5.4123,71806,624,791,131,191
1,171,0.6458,0.7154,4.2629,0.2608,5.2427,71517,624,805,149,229
1,172,0.6505,0.6399,4.5353,0.3654,5.5522,70269,624,816,189,278
1,173,0.6551,0.6944,4.6551,0.4269,5.7810,71076,624,840,231,330
1,174,0.6600,0.5479,4.6330,0.5230,5.7081,70384,624,848,255,392
1,175,0.6647,0.6322,5.0713,0.5373,6.2467,69444,624,858,281,453
1,176,0.6695,0.6413,4.6221,0.6225,5.8921,69766,624,861,307,521
1,177,0.6739,0.4003,4.6975,0.7523,5.8538,69288,624,877,375,589
1,178,0.6781,0.4791,4.7596,0.8516,6.0950,69608,624,867,429,658
1,179,0.6824,0.3732,4.5851,0.8828,5.8433,70118,624,856,443,726
1,180,0.6869,0.3954,4.6494,0.9914,6.0385,69687,624,863,489,806
1,181,0.6913,0.4026,4.6982,1.0678,6.1709,69812,624,861,509,884
1,182,0.6961,0.3954,4.5920,1.1758,6.1652,69461,624,867,573,963
1,183,0.7005,0.4025,4.5611,1.3355,6.3012,69291,624,855,641,1031
1,184,0.7052,0.4099,4.7010,1.4260,6.5393,70615,624,856,677,1095
1,185,0.7099,0.4155,4.7688,1.4532,6.6398,70623,624,840,711,1156
1,186,0.7147,0.5104,4.8149,1.5610,6.8929,70530,624,832,741,1219
1,187,0.7197,0.4091,4.7781,1.7008,6.8917,70264,624,822,799,1279
1,188,0.7246,0.4017,4.7281,1.6505,6.7830,70789,624,804,833,1335
1,189,0.7298,0.4151,4.7035,1.7546,6.8772,70194,624,788,873,1391
1,190,0.7348,0.4122,4.7415,1.8916,7.0481,70360,624,736,893,1434
1,191,0.7399,0.4399,4.7432,2.0658,7.2520,71436,624,735,927,1467
1,192,0.7454,0.4023,4.6716,1.9184,6.9973,70319,624,768,927,1487
1,193,0.7504,0.4163,4.7055,1.8761,7.0000,70255,624,804,927,1495
1,194,0.7558,0.4154,4.6732,1.8943,6.9855,70151,624,816,919,1487
1,195,0.7611,0.4051,4.7695,1.9178,7.0948,70429,624,838,911,1470
1,196,0.7664,0.4250,4.7296,1.8272,6.9883,69404,624,862,903,1442
1,197,0.7713,0.4029,4.7089,1.8270,6.9422,68969,624,869,877,1404
1,198,0.7763,0.4226,4.5591,1.7018,6.6876,68906,624,866,857,1354
1,199,0.7813,0.3873,4.6588,1.6634,6.7114,69134,624,879,817,1303
1,200,0.7861,0.4003,4.7261,1.5678,6.6975,69082,624,856,769,1242
1,201,0.7911,0.4151,4.7049,1.3955,6.5178,69738,624,863,713,1179
1,202,0.7959,0.3960,4.7161,1.4080,6.5226,69823,624,862,681,1114
1,203,0.8007,0.3854,4.6594,1.2722,6.3191,69467,624,868,645,1032
1,204,0.8054,0.4088,4.7011,1.1765,6.2888,69304,624,855,559,958
1,205,0.8100,0.3936,4.7100,1.1062,6.2117,70634,624,853,517,881
1,206,0.8146,0.4528,4.9208,0.9435,6.3193,71301,624,837,483,794
1,207,0.8190,0.3852,4.8440,0.8644,6.0956,71016,624,828,435,711
1,208,0.8746,0.4584,3.4487,0.1070,4.0166,54577,624,842,55,69
1,209,0.8805,0.4962,3.2487,0.1036,3.8520,67783,624,871,47,42
1,210,0.8854,0.5972,3.3744,0.0629,4.0374,69188,624,877,29,20
1,211,0.8893,0.7126,2.8140,0.0689,3.6027,70095,624,856,23,10
1,212,0.8930,0.6264,4.8799,0.0184,5.5295,70556,624,866,1,0
1,213,0.8970,0.7166,4.4236,0.0241,5.1698,70107,624,863,1,0
1,214,0.9011,0.7018,3.6712,0.0131,4.3897,69812,624,861,1,0
1,215,0.9048,0.7711,4.0717,0.0130,4.8588,69461,624,868,1,0
1,216,0.9087,0.6005,3.7596,0.0235,4.3904,69291,624,859,1,0
1,217,0.9124,0.6841,3.7706,0.0104,4.4697,70615,624,857,1,0
1,218,0.9161,0.7963,5.1580,0.0136,5.9730,71652,624,841,1,0
1,219,0.9200,0.6643,4.1820,0.0109,4.8601,72234,624,837,1,0
1,220,0.9238,0.6826,3.8550,0.0107,4.5516,71470,624,830,1,0
1,221,0.9276,0.6304,4.9833,0.0135,5.6317,71054,624,825,1,0
1,222,0.9316,0.7037,4.6175,0.0144,5.3395,70872,624,814,1,0
1,223,0.9357,0.5732,3.4095,0.0337,4.0206,70878,624,799,1,0
1,224,0.9393,0.5633,4.2146,0.0127,4.7962,70194,624,779,1,0
1,225,0.9431,0.6414,4.1542,0.0127,4.8137,70360,624,753,1,0
1,226,0.9468,0.5112,4.6001,0.0151,5.1349,71836,624,712,1,0
1,227,0.9507,0.6352,4.2788,0.0141,4.9356,72172,624,750,1,0
1,228,0.9547,0.7494,5.0593,0.0141,5.8264,71738,624,778,1,0
1,229,0.9587,0.5663,4.5110,0.0138,5.0994,71299,624,800,1,0
1,230,0.9626,0.6271,4.4048,0.0114,5.0472,70863,624,812,1,0
1,231,0.9663,0.7193,4.3121,0.0120,5.0473,70655,624,826,1,0
1,232,0.9701,0.4708,3.5897,0.0336,4.0991,70802,624,838,1,0
1,233,0.9737,0.6539,3.6870,0.0104,4.3561,70733,624,849,1,0
1,234,0.9774,0.6280,4.0731,0.0120,4.7159,70613,624,861,1,0
1,235,0.9812,0.6231,4.1321,0.0129,4.7793,69892,624,859,1,0
1,236,0.9849,0.7307,4.2501,0.0146,4.9986,70547,624,854,1,0
1,237,0.9888,0.6100,3.7415,0.0299,4.3840,69684,624,881,1,0
1,238,0.9926,0.8748,4.3230,0.0131,5.2174,69638,624,867,1,0
1,239,0.9964,0.7986,4.2303,0.0261,5.0660,70160,624,856,1,0
2,240,0.0041,0.6782,3.2119,0.0121,3.9068,57931,624,962,1,0
2,241,0.0078,0.5653,4.2309,0.0118,4.8106,71865,624,750,1,0
2,242,0.0115,0.6326,4.3750,0.0115,5.0221,71320,624,766,1,0
2,243,0.0153,0.6393,3.8003,0.0105,4.4547,71329,624,795,1,0
2,244,0.0190,0.7539,4.2539,0.0117,5.0238,70991,624,820,1,0
2,245,0.0229,0.5997,4.1244,0.0137,4.7400,70835,624,818,1,0
2,246,0.0266,0.7303,3.1787,0.0127,3.9256,71634,624,830,1,0
2,247,0.0302,0.6181,3.9567,0.0115,4.5907,71792,624,845,1,0
2,248,0.0341,0.5986,3.7883,0.0107,4.4012,70165,624,851,1,0
2,249,0.0376,0.6165,4.3934,0.0126,5.0292,69781,624,860,1,0
2,250,0.0414,0.6453,4.4716,0.0144,5.1362,70162,624,858,1,0
2,251,0.0453,0.6161,3.8850,0.0108,4.5153,69364,624,871,1,0
2,252,0.0490,0.4805,4.0543,0.0143,4.5582,69622,624,873,1,0
2,253,0.0527,0.6769,4.3586,0.0118,5.0511,71061,624,851,1,0
2,254,0.0565,0.6308,3.9913,0.0106,4.6352,70551,624,861,1,0
2,255,0.0605,0.5535,4.4372,0.0127,5.0065,70151,624,862,1,0
2,256,0.0643,0.6362,4.4042,0.0127,5.0604,70473,624,865,1,0
2,257,0.0681,0.6696,4.3408,0.0245,5.0417,69944,624,867,1,0
2,258,0.0720,0.6839,3.9097,0.0113,4.6091,69291,624,855,1,0
2,259,0.0759,0.4449,4.4111,0.0321,4.8924,70615,624,856,1,0
2,260,0.0797,0.7621,4.0455,0.0153,4.8401,71285,624,840,1,0
2,261,0.0836,0.7408,4.0464,0.0112,4.8019,70978,624,838,1,0
2,262,0.0873,0.5100,4.6564,0.0134,5.1826,71422,624,823,1,0
2,263,0.0912,0.5122,4.5097,0.0133,5.0435,71679,624,816,1,0
2,264,0.0950,0.6850,4.4311,0.0142,5.1328,71203,624,806,1,0
2,265,0.0989,0.6520,4.4692,0.0120,5.1359,70878,624,799,1,0
2,266,0.1026,0.7155,4.2176,0.0124,4.9487,70194,624,774,1,0
2,267,0.1063,0.6506,4.3681,0.0143,5.0409,70360,624,740,1,0
2,268,0.1101,0.7614,4.6062,0.0274,5.3991,71436,624,714,1,0
2,269,0.1141,0.6152,4.5655,0.0143,5.1982,71276,624,763,1,0
2,270,0.1180,0.8343,4.1734,0.0137,5.0322,71786,624,791,1,0
2,271,0.1218,0.7594,4.1918,0.0113,4.9655,72180,624,805,1,0
2,272,0.1255,0.6292,4.3878,0.0112,5.0322,71202,624,812,1,0
2,273,0.1293,0.6378,3.7088,0.0128,4.3637,70655,624,830,1,0
2,274,0.1331,0.6714,4.1379,0.0136,4.8342,70802,624,838,1,0
2,275,0.1369,0.6497,3.8222,0.0112,4.4852,70095,624,853,1,0
2,276,0.1405,0.5759,3.7588,0.0125,4.3493,69849,624,860,1,0
2,277,0.1443,0.5943,3.5988,0.0303,4.2256,70373,624,862,1,0
2,278,0.1481,0.6355,4.0953,0.0138,4.7480,70365,624,865,1,0
2,279,0.1519,0.6327,4.3769,0.0112,5.0285,69854,624,877,1,0
2,280,0.1557,0.6392,3.7481,0.0105,4.4041,70651,624,858,1,0
2,281,0.1597,0.5502,3.4324,0.0124,3.9993,70339,624,857,1,0
2,282,0.1633,0.8160,4.1229,0.0122,4.9618,69738,624,864,1,0
2,283,0.1672,0.5161,4.3131,0.0124,4.8445,69823,624,862,1,0
2,284,0.1710,0.6941,4.4540,0.0127,5.1643,70567,624,864,1,0
2,285,0.1747,0.4183,4.0801,0.0136,4.5144,69341,624,868,1,0
2,286,0.1786,0.7281,3.8663,0.0141,4.6145,69491,624,858,1,0
2,287,0.1823,0.7542,3.8106,0.0134,4.5805,72272,624,843,1,0
2,288,0.1860,0.5374,4.5793,0.0178,5.1380,71862,624,837,1,0
2,289,0.1898,0.5283,3.9692,0.0162,4.5213,71016,624,831,1,0
2,290,0.1935,0.5188,4.6441,0.0134,5.1849,71102,624,816,1,0
2,291,0.1973,0.6551,4.3775,0.0105,5.0496,70905,624,813,1,0
2,292,0.2010,0.6915,4.3817,0.0124,5.0909,71577,624,794,1,0
2,293,0.2048,0.4280,3.7713,0.0207,4.2276,72339,624,788,1,0
2,294,0.2085,0.7120,3.9695,0.0134,4.6991,70204,624,755,1,0
2,295,0.2122,0.6760,2.9956,0.0343,3.7098,70381,624,729,1,0
2,296,0.2162,0.7348,4.0855,0.0141,4.8400,71473,624,730,1,0
2,297,0.2201,0.5393,4.4013,0.0138,4.9579,71320,624,755,1,0
2,298,0.2240,0.7796,4.1062,0.0121,4.9077,71329,624,795,1,0
2,299,0.2277,0.7326,3.7668,0.0192,4.5222,71517,624,815,1,0
2,300,0.2315,0.6584,4.4706,0.0147,5.1461,71248,624,817,1,0
2,301,0.2354,0.6673,3.8419,0.0110,4.5235,72154,624,824,1,0
2,302,0.2392,0.7420,4.4558,0.0146,5.2190,71342,624,840,1,0
2,303,0.2431,0.5419,4.3075,0.0121,4.8652,70174,624,852,1,0
2,304,0.2469,0.6614,4.2700,0.0130,4.9482,69873,624,860,1,0
2,305,0.2508,0.7306,4.1840,0.0123,4.9314,69766,624,861,1,0
2,306,0.2545,0.6205,3.6104,0.0276,4.2681,69364,624,871,1,0
2,307,0.2581,0.6932,4.6486,0.0221,5.3737,69622,624,873,1,0
2,308,0.2619,0.7145,3.9943,0.0134,4.7276,71061,624,851,1,0
2,309,0.2656,0.7156,3.8795,0.0130,4.6134,70551,624,863,1,0
2,310,0.2693,0.6553,3.5599,0.0147,4.2364,70729,624,863,1,0
2,311,0.2731,0.7717,5.2644,0.0172,6.0591,70068,624,865,1,0
2,312,0.2772,0.7916,4.0988,0.0112,4.9056,69461,624,867,1,0
2,313,0.2811,0.6726,4.0040,0.0132,4.6940,69291,624,859,1,0
2,314,0.2849,0.8618,4.1191,0.0120,4.9968,70615,624,857,1,0
2,315,0.2887,0.7028,4.3967,0.0137,5.1169,71285,624,843,1,0
2,316,0.2925,0.5006,3.6388,0.0299,4.1808,71572,624,837,1,0
2,317,0.2963,0.6349,3.7383,0.0338,4.4107,71870,624,825,1,0
2,318,0.3001,0.6893,4.1601,0.0118,4.8645,71595,624,821,1,0
2,319,0.3039,0.6546,3.6605,0.0323,4.3506,71203,624,806,1,0
2,320,0.3075,0.7535,4.3211,0.0154,5.0933,70878,624,799,1,0
2,321,0.3112,0.7468,3.6568,0.0109,4.4165,70194,624,779,1,0
2,322,0.3149,0.7929,4.5460,0.0140,5.3572,70360,624,752,1,0
2,323,0.3189,0.6766,3.9110,0.0107,4.6011,71436,624,711,1,0
2,324,0.3227,0.7978,4.3179,0.0145,5.1341,72172,624,755,1,0
2,325,0.3264,0.6185,4.2710,0.0120,4.9042,71738,624,781,1,0
2,326,0.3304,0.6352,3.6799,0.0108,4.3289,71299,624,801,1,0
2,327,0.3341,0.4770,4.2911,0.0104,4.7828,70953,624,812,1,0
2,328,0.3378,0.5680,4.0518,0.0119,4.6351,70655,624,826,1,0
2,329,0.3416,0.6369,4.3261,0.0114,4.9778,70802,624,835,1,0
2,330,0.3453,0.7966,4.7424,0.0136,5.5562,70989,624,849,1,0
2,331,0.3493,0.7559,3.8567,0.0124,4.6282,69843,624,861,1,0
2,332,0.3532,0.7802,4.4219,0.0133,5.2200,69610,624,862,1,0
2,333,0.3571,0.6542,3.8204,0.0105,4.4898,70784,624,856,1,0
2,334,0.3608,0.7009,4.2599,0.0146,4.9787,69969,624,877,1,0
2,335,0.3645,0.6577,3.7245,0.0111,4.4003,70173,624,867,1,0
2,336,0.3682,0.8620,4.3458,0.0130,5.2254,70160,624,856,1,0
2,337,0.3720,0.6396,3.6840,0.0161,4.3426,70322,624,863,1,0
2,338,0.3756,0.6171,3.8402,0.0125,4.4739,70596,624,859,1,0
2,339,0.3794,0.6146,4.1992,0.0118,4.8284,70451,624,863,1,0
2,340,0.3831,0.6499,4.3278,0.0140,4.9968,70477,624,863,1,0
2,341,0.3869,0.6275,4.2082,0.0146,4.8532,69427,624,855,1,0
2,342,0.3906,0.7011,4.2996,0.0138,5.0172,70634,624,853,1,0
2,343,0.3945,0.7479,4.4624,0.0128,5.2290,71301,624,837,1,0
2,344,0.3983,0.6513,4.0595,0.0110,4.7279,71016,624,834,1,0
2,345,0.4019,0.6406,3.9830,0.0162,4.6445,71102,624,819,1,0
2,346,0.4060,0.6461,3.1069,0.0260,3.7833,70905,624,811,1,0
2,347,0.4097,0.7492,3.8110,0.0166,4.5842,71773,624,799,1,0
2,348,0.4135,0.6080,4.3699,0.0147,4.9958,71452,624,795,1,0
2,349,0.4173,0.4480,3.5115,0.0524,4.0167,70204,624,763,1,0
2,350,0.4211,0.5769,4.7964,0.0134,5.3925,70381,624,730,1,0
2,351,0.4250,0.6505,4.4193,0.0133,5.0896,71473,624,729,1,0
2,352,0.4287,0.6863,4.2723,0.0120,4.9734,71320,624,753,1,0
2,353,0.4325,0.5851,4.1951,0.0108,4.7928,71806,624,793,1,0
2,354,0.4362,0.8048,4.2999,0.0128,5.1232,72215,624,804,1,0
2,355,0.4400,0.9915,4.5604,0.0155,5.5720,71333,624,815,1,0
2,356,0.4440,0.6038,2.7030,0.0352,3.3442,70835,624,825,1,0
2,357,0.4475,0.6464,3.4150,0.0322,4.0988,71076,624,835,1,0
2,358,0.4512,0.8216,4.3584,0.0162,5.2024,70384,624,849,1,0
2,359,0.4550,0.7920,4.2004,0.0115,5.0072,69436,624,858,1,0
2,360,0.4589,0.5560,4.2056,0.0119,4.7767,70190,624,860,1,0
2,361,0.4626,0.6476,4.3482,0.0175,5.0204,70950,624,866,1,0
2,362,0.4665,0.6363,3.8921,0.0111,4.5415,69826,624,875,1,0
2,363,0.4702,0.6639,3.6555,0.0392,4.3631,70622,624,856,1,0
2,364,0.4738,0.4280,3.6266,0.0312,4.0923,70297,624,859,1,0
2,365,0.4775,0.6352,3.9684,0.0117,4.6189,69687,624,863,1,0
2,366,0.4812,0.6184,4.1904,0.0155,4.8288,70301,624,861,1,0
2,367,0.4857,0.7880,3.6719,0.0128,4.4771,69461,624,868,1,0
2,368,0.4898,0.6914,4.2279,0.0156,4.9378,69291,624,859,1,0
2,369,0.4937,0.6002,3.7753,0.0136,4.3925,70615,624,857,1,0
2,370,0.4975,0.5342,3.9720,0.0109,4.5194,71652,624,841,1,0
2,371,0.5013,0.6818,3.9689,0.0109,4.6641,71572,624,838,1,0
2,372,0.5049,0.6413,3.8369,0.0181,4.5005,71470,624,830,1,0
2,373,0.5086,0.6502,3.8623,0.0137,4.5328,71054,624,825,1,0
2,374,0.5125,0.5679,4.2629,0.0106,4.8455,70872,624,816,1,0
2,375,0.5163,0.6358,3.8333,0.0106,4.4830,70878,624,800,1,0
2,376,0.5199,0.6753,3.9097,0.0108,4.5994,70194,624,788,1,0
2,377,0.5237,0.5371,3.8866,0.0136,4.4455,70399,624,753,1,0
2,378,0.5274,0.4309,4.1608,0.0100,4.6043,72376,624,711,1,0
2,379,0.5311,0.6899,3.4066,0.0284,4.1274,71834,624,747,1,0
2,380,0.5347,0.6804,4.1409,0.0134,4.8390,71276,624,762,1,0
2,381,0.5386,0.5905,4.1559,0.0108,4.7600,71299,624,799,1,0
2,382,0.5422,0.6435,3.9731,0.0103,4.6335,70953,624,817,1,0
2,383,0.5458,0.6920,3.9168,0.0149,4.6275,71050,624,818,1,0
2,384,0.5495,0.6689,3.9777,0.0255,4.6802,71885,624,830,1,0
2,385,0.5532,0.7579,4.1647,0.0112,4.9377,71086,624,844,1,0
2,386,0.5571,0.6248,4.2173,0.0131,4.8586,69883,624,859,1,0
2,387,0.5609,0.7160,4.0812,0.0139,4.8163,69735,624,864,1,0
2,388,0.5647,0.5896,4.4312,0.0104,5.0347,69748,624,863,1,0
2,389,0.5686,0.5617,4.1347,0.0125,4.7146,69396,624,871,1,0
2,390,0.5723,0.6498,3.9366,0.0110,4.6015,69646,624,875,1,0
2,391,0.5761,0.6627,4.1281,0.0111,4.8046,71103,624,853,1,0
2,392,0.5797,0.7740,4.1029,0.0139,4.9005,70603,624,865,1,0
2,393,0.5835,0.8280,4.4582,0.0123,5.3017,70764,624,864,1,0
2,394,0.5874,0.4940,4.1049,0.0114,4.6130,70071,624,861,1,0
2,395,0.5912,0.6015,3.9438,0.0119,4.5620,69467,624,867,1,0
2,396,0.5948,0.6353,4.4249,0.0137,5.0787,69304,624,859,1,0
2,397,0.5985,1.0443,4.4390,0.0118,5.5007,70634,624,853,1,0
2,398,0.6023,0.6239,4.2017,0.0195,4.8514,71301,624,839,1,0
2,399,0.6061,0.8448,4.4125,0.0141,5.2816,72253,624,834,1,0
2,400,0.6100,0.7841,4.2171,0.0284,5.0344,71500,624,824,23,6
2,401,0.6139,0.6248,4.2237,0.0440,4.8950,71673,624,811,29,19
2,402,0.6176,0.7853,4.3381,0.0560,5.1832,70905,624,810,31,31
2,403,0.6216,0.5809,2.8622,0.0767,3.5245,70906,624,798,51,49
2,404,0.6251,0.6135,3.9267,0.0903,4.6347,70204,624,776,55,67
2,405,0.6289,0.7467,4.1658,0.1207,5.0365,70381,624,750,73,91
2,406,0.6327,0.3929,3.6982,0.1772,4.2723,71870,624,707,97,116
2,407,0.6364,0.4244,4.4299,0.1729,5.0316,72207,624,751,107,145
2,408,0.6404,0.6441,4.1063,0.2161,4.9712,71778,624,776,121,177
2,409,0.6443,0.6085,4.2500,0.2524,5.1134,71329,624,798,145,213
2,410,0.6484,0.7486,4.4013,0.2905,5.4457,70991,624,812,157,255
2,411,0.6525,0.6561,3.5825,0.3582,4.6004,70835,624,825,219,302
2,412,0.6564,0.8017,4.2727,0.3924,5.4732,71076,624,835,235,346
2,413,0.6611,0.4899,3.6366,0.6106,4.7451,70384,624,849,267,405
2,414,0.6650,0.5513,3.4848,0.5698,4.6127,69436,624,861,285,458
2,415,0.6691,0.6013,3.7867,0.6294,5.0210,69766,624,861,307,517
2,416,0.6734,0.7998,4.2883,0.6359,5.7286,69364,624,869,361,581
2,417,0.6776,0.6343,3.5547,1.0464,5.2442,69533,624,873,425,648
2,418,0.6820,0.4844,4.0501,0.8423,5.3807,70118,624,853,443,722
2,419,0.6865,0.4972,4.1002,0.9110,5.5125,69687,624,863,481,799
2,420,0.6912,0.4399,4.0621,0.9655,5.4717,69812,624,861,509,884
2,421,0.6957,0.4822,3.9562,1.1430,5.5850,69461,624,868,551,956
2,422,0.7005,0.4624,4.1207,1.1825,5.7714,69291,624,859,641,1031
2,423,0.7054,0.5079,4.3641,1.2871,6.1634,70019,624,858,677,1099
2,424,0.7104,0.4463,3.8291,1.3712,5.6501,70409,624,840,715,1165
2,425,0.7154,0.5117,3.8754,1.4099,5.8001,70654,624,828,761,1229
2,426,0.7204,0.5688,3.0186,1.5034,5.0937,70872,624,819,813,1288
2,427,0.7254,0.5277,2.9753,1.6381,5.1441,70878,624,798,835,1340
2,428,0.7304,0.5398,3.8098,1.6512,6.0048,70194,624,779,869,1395
2,429,0.7357,0.5636,4.4143,2.1089,7.0923,70360,624,738,901,1438
2,430,0.7409,0.5295,4.3023,1.8151,6.6507,70846,624,741,925,1468
2,431,0.7461,0.4524,3.6143,2.5187,6.5889,70319,624,785,929,1485
2,432,0.7515,0.4271,4.3395,1.7321,6.5021,70479,624,806,929,1495
2,433,0.7570,0.4544,3.4705,1.7100,5.6372,70655,624,824,913,1484
2,434,0.7621,0.5507,4.5227,1.7063,6.7842,70429,624,842,913,1468
2,435,0.7674,0.6484,2.9197,1.6761,5.2524,68625,624,865,889,1435
2,436,0.7726,0.5219,3.7477,2.2461,6.5202,68659,624,869,875,1392
2,437,0.7780,0.5860,2.9044,1.5524,5.0472,68731,624,869,831,1338
2,438,0.7832,0.5356,4.2367,1.4910,6.2666,69560,624,875,811,1280
2,439,0.7884,0.4851,4.3438,1.3795,6.2116,69712,624,863,741,1218
2,440,0.7935,0.4518,4.4111,1.3293,6.1981,69069,624,867,697,1143
2,441,0.7984,0.4209,3.9245,1.2231,5.5719,69727,624,866,665,1073
2,442,0.8034,0.4099,4.1784,1.1353,5.7280,68782,624,869,625,993
2,443,0.8083,0.4362,4.2982,1.0353,5.7731,69229,624,861,523,909
2,444,0.8130,0.4765,3.5292,0.9198,4.9285,71301,624,836,497,821
2,445,0.8176,0.3665,4.2809,1.2078,5.8589,71016,624,833,447,735
2,446,0.8223,0.4210,3.9089,0.7929,5.1253,71102,624,816,425,653
2,447,0.8267,0.4690,3.8741,0.7077,5.0533,70905,624,813,371,583
2,448,0.8311,0.6172,3.7488,0.5839,4.9554,70906,624,797,307,513
2,449,0.8353,0.5674,4.3237,0.4955,5.3909,70204,624,774,281,453
2,450,0.8395,0.5962,2.8508,0.7039,4.1549,70381,624,731,261,398
2,451,0.8436,0.7638,4.0285,0.4253,5.2223,71473,624,716,235,346
2,452,0.8476,0.7524,4.1492,0.5471,5.4572,71320,624,755,219,301
2,453,0.8516,0.7586,4.2261,0.3005,5.2908,71329,624,795,157,255
2,454,0.8558,0.5296,4.5107,0.2502,5.2962,70991,624,809,145,213
2,455,0.8598,0.6830,4.0800,0.2043,4.9702,71248,624,812,121,176
2,456,0.8638,0.4555,4.7327,0.1732,5.3637,72154,624,824,107,143
2,457,0.8677,0.6481,4.4955,0.1565,5.3057,71342,624,840,97,114
2,458,0.8717,0.5178,4.0851,0.1193,4.7263,69775,624,855,73,85
2,459,0.8757,0.7241,4.3537,0.0968,5.1784,69719,624,862,55,65
2,460,0.8796,0.5008,4.5489,0.0929,5.1531,70223,624,860,51,43
2,461,0.8834,0.5910,3.7464,0.0595,4.3999,69288,624,879,31,29
2,462,0.8872,0.7149,4.2217,0.0456,4.9861,69608,624,867,29,16
2,463,0.8911,0.5866,4.2950,0.0290,4.9147,70590,624,853,23,6
2,464,0.8948,0.4135,4.4074,0.0128,4.8360,70551,624,862,1,0
2,465,0.8985,0.8639,4.4117,0.0112,5.2904,70594,624,856,1,0
2,466,0.9024,0.8050,4.5242,0.0118,5.3450,70216,624,865,1,0
2,467,0.9063,0.6456,4.1278,0.0113,4.7892,69944,624,864,1,0
2,468,0.9101,0.6532,3.8431,0.0106,4.5117,69413,624,855,1,0
2,469,0.9140,0.6893,3.7287,0.0115,4.4334,70615,624,856,1,0
2,470,0.9178,0.6863,4.1886,0.0133,4.8926,71285,624,840,1,0
2,471,0.9216,0.5639,3.9514,0.0133,4.5319,70978,624,838,1,0
2,472,0.9256,0.6409,4.6290,0.0142,5.2869,71054,624,823,1,0
2,473,0.9295,0.6512,4.2383,0.0146,4.9098,71591,624,816,1,0
2,474,0.9332,0.7838,4.5827,0.0121,5.3813,71736,624,799,1,0
2,475,0.9371,0.6547,4.1834,0.0143,4.8593,71426,624,796,1,0
2,476,0.9410,0.4978,3.9966,0.0251,4.5235,70194,624,771,1,0
2,477,0.9449,0.5732,4.5542,0.0137,5.1465,70360,624,737,1,0
2,478,0.9487,0.7668,4.0618,0.0272,4.8641,71436,624,735,1,0
2,479,0.9524,0.6332,3.6826,0.0107,4.3348,71276,624,754,1,0
2,480,0.9561,0.7251,4.0933,0.0114,4.8331,71786,624,793,1,0
2,481,0.9598,0.7861,4.4086,0.0113,5.2112,72180,624,805,1,0
2,482,0.9637,0.7181,4.7447,0.0141,5.4816,71202,624,815,1,0
2,483,0.9677,0.3930,4.2712,0.0110,4.6829,71312,624,830,1,0
2,484,0.9716,0.6533,4.4296,0.0106,5.0979,70802,624,839,1,0
2,485,0.9755,0.3968,4.5587,0.0141,4.9765,70095,624,855,1,0
2,486,0.9793,0.6292,4.2071,0.0114,4.8514,69403,624,864,1,0
2,487,0.9831,0.7552,4.3077,0.0123,5.0810,69830,624,862,1,0
2,488,0.9869,0.5549,4.5497,0.0135,5.1238,70261,624,872,1,0
2,489,0.9908,0.6354,3.8232,0.0114,4.4745,69651,624,875,1,0
2,490,0.9946,0.7392,4.4917,0.0130,5.2501,70608,624,854,1,0
2,491,0.9986,0.6935,3.9925,0.0124,4.7042,70319,624,866,1,0
3,492,0.0042,0.5567,3.5640,0.0199,4.1465,57931,624,961,1,0
3,493,0.0080,0.5941,4.5899,0.0141,5.2044,71865,624,750,1,0
3,494,0.0118,0.6634,3.8298,0.0104,4.5067,71778,624,774,1,0
3,495,0.0155,0.6630,4.6164,0.0122,5.2959,71329,624,795,1,0
3,496,0.0192,0.7048,3.9588,0.0121,4.6808,70991,624,817,1,0
3,497,0.0231,0.5622,4.7962,0.0137,5.3752,70835,624,818,1,0
3,498,0.0269,0.6325,3.8851,0.0113,4.5354,71634,624,830,1,0
3,499,0.0306,0.6422,4.0278,0.0114,4.6839,71792,624,845,1,0
3,500,0.0343,0.4758,4.5117,0.0137,5.0049,70165,624,852,1,0
3,501,0.0380,0.6806,3.9542,0.0110,4.6486,69719,624,861,1,0
3,502,0.0417,0.7118,4.0311,0.0121,4.7583,70223,624,860,1,0
3,503,0.0456,0.6235,3.9135,0.0125,4.5520,69288,624,879,1,0
3,504,0.0493,0.5519,4.3023,0.0113,4.8682,69608,624,867,1,0
3,505,0.0531,0.3865,3.5999,0.0306,4.0210,70590,624,853,1,0
3,506,0.0567,0.6171,3.7983,0.0110,4.4297,70845,624,861,1,0
3,507,0.0604,0.6458,5.2393,0.0147,5.9053,71172,624,859,1,0
3,508,0.0642,0.6407,4.3685,0.0109,5.0258,70068,624,866,1,0
3,509,0.0680,0.8029,4.2137,0.0118,5.0326,69944,624,867,1,0
3,510,0.0719,0.3971,3.4231,0.0350,3.8627,69291,624,855,1,0
3,511,0.0756,0.6450,4.5948,0.0143,5.2595,70615,624,856,1,0
3,512,0.0794,0.7221,4.6335,0.0136,5.3724,71285,624,840,1,0
3,513,0.0833,0.6072,4.1203,0.0133,4.7437,70978,624,837,1,0
3,514,0.0872,0.7672,4.3719,0.0132,5.1565,71422,624,823,1,0
3,515,0.0912,0.8000,4.3539,0.0130,5.1715,71679,624,816,1,0
3,516,0.0952,0.6645,4.2721,0.0135,4.9540,71203,624,806,1,0
3,517,0.0991,0.7483,4.4516,0.0119,5.2178,71426,624,797,1,0
3,518,0.1032,0.7393,3.6054,0.0119,4.3594,70194,624,771,1,0
3,519,0.1077,0.6647,4.7628,0.0172,5.4487,70360,624,738,1,0
3,520,0.1124,0.7631,5.1927,0.0168,5.9793,71436,624,745,1,0
3,521,0.1169,0.6634,3.9006,0.0137,4.5855,71276,624,775,1,0
3,522,0.1214,0.6249,5.0548,0.0121,5.6946,71299,624,801,1,0
3,523,0.1259,0.6662,4.8732,0.0149,5.5590,70863,624,812,1,0
3,524,0.1305,0.6038,4.6806,0.0147,5.3021,70148,624,838,1,0
3,525,0.1361,0.6935,4.7246,0.0165,5.4385,69664,624,850,1,0
3,526,0.1406,0.7408,4.9337,0.0124,5.6972,69403,624,861,1,0
3,527,0.1451,0.6922,4.8598,0.0157,5.5708,69830,624,863,1,0
3,528,0.1495,0.6110,4.7808,0.0157,5.4138,69314,624,872,1,0
3,529,0.1553,0.5737,4.7752,0.0154,5.3705,68772,624,875,1,0
3,530,0.1598,0.6840,5.0954,0.0187,5.8075,70160,624,857,1,0
3,531,0.1642,0.6035,5.1934,0.0177,5.8204,69738,624,864,1,0
3,532,0.1686,0.7571,4.8575,0.0139,5.6324,69823,624,861,1,0
3,533,0.1731,0.6756,5.1969,0.0215,5.8996,69467,624,867,1,0
3,534,0.1776,0.6450,4.6830,0.0153,5.3487,68711,624,855,1,0
3,535,0.1821,0.6642,4.9586,0.0205,5.6475,70046,624,851,1,0
3,536,0.1867,0.6516,4.8690,0.0117,5.5362,71220,624,838,1,0
3,537,0.1912,0.6794,4.8310,0.0132,5.5310,71058,624,826,1,0
3,538,0.1953,0.3993,5.1313,0.0124,5.5455,71673,624,811,1,0
3,539,0.1991,0.4192,4.9326,0.0103,5.3663,71238,624,806,1,0
3,540,0.2029,0.4479,4.7918,0.0191,5.2616,70906,624,798,1,0
3,541,0.2066,0.4375,4.7029,0.0086,5.1513,70204,624,774,1,0
3,542,0.2105,0.4280,5.1773,0.0114,5.6212,70381,624,744,1,0
3,543,0.2144,0.4104,4.7957,0.0093,5.2176,71473,624,711,1,0
3,544,0.2181,0.4125,4.8121,0.0090,5.2358,72207,624,758,1,0
3,545,0.2220,0.4183,4.9029,0.0085,5.3339,71778,624,784,1,0
3,546,0.2258,0.5167,4.9278,0.0079,5.4544,71822,624,801,1,0
3,547,0.2297,0.4306,4.7588,0.0188,5.2141,70991,624,812,1,0
3,548,0.2335,0.4383,4.7721,0.0097,5.2223,70835,624,825,1,0
3,549,0.2373,0.5591,4.8031,0.0094,5.3747,71076,624,835,1,0
3,550,0.2410,0.4889,4.8001,0.0102,5.3016,70384,624,848,1,0
3,551,0.2448,0.4339,4.7403,0.0114,5.1901,69878,624,858,1,0
3,552,0.2498,0.4938,4.8925,0.0119,5.4006,69846,624,860,1,0
3,553,0.2538,0.4288,4.8126,0.0091,5.2538,70261,624,870,1,0
3,554,0.2577,0.4038,4.6938,0.0102,5.1107,69908,624,871,1,0
3,555,0.2615,0.4449,4.9730,0.0124,5.4386,70573,624,852,1,0
3,556,0.2653,0.3881,4.8619,0.0124,5.2646,70267,624,865,1,0
3,557,0.2691,0.4540,4.7210,0.0084,5.1854,70107,624,863,1,0
3,558,0.2729,0.4246,5.0877,0.0104,5.5252,69812,624,861,1,0
3,559,0.2766,0.4761,4.7281,0.0080,5.2149,69461,624,867,1,0
3,560,0.2804,0.4325,4.6906,0.0125,5.1402,69291,624,859,1,0
3,561,0.2841,0.3734,4.5876,0.0094,4.9729,70615,624,857,1,0
3,562,0.2877,0.3972,4.8177,0.0098,5.2267,71652,624,841,1,0
3,563,0.2916,0.4315,4.9425,0.0100,5.3882,72234,624,838,1,0
3,564,0.2953,0.4430,4.7964,0.0113,5.2530,71470,624,830,1,0
3,565,0.2990,0.3987,4.8409,0.0113,5.2532,71054,624,822,1,0
3,566,0.3028,0.5199,4.6788,0.0086,5.2109,70872,624,816,1,0
3,567,0.3067,0.3947,4.7604,0.0078,5.1648,70878,624,801,1,0
3,568,0.3105,0.4869,4.8381,0.0108,5.3419,70194,624,788,1,0
3,569,0.3142,0.4075,4.7339,0.0095,5.1551,70399,624,754,1,0
3,570,0.3177,0.5006,4.7894,0.0229,5.3150,72376,624,718,1,0
3,571,0.3214,0.5319,4.8168,0.0076,5.3585,71436,624,745,1,0
3,572,0.3251,0.5118,4.8627,0.0095,5.3865,71276,624,764,1,0
3,573,0.3288,0.3979,4.2169,0.0102,4.6290,71299,624,799,1,0
3,574,0.3323,0.4118,4.7103,0.0083,5.1340,71491,624,817,1,0
3,575,0.3361,0.4130,4.7541,0.0085,5.1780,71706,624,812,1,0
3,576,0.3393,0.3628,3.7243,0.0072,4.0979,71312,624,830,1,0
3,577,0.3427,0.3544,3.5176,0.0099,3.8835,70802,624,838,1,0
3,578,0.3461,0.6709,4.0901,0.0346,4.7977,70095,624,853,1,0
3,579,0.3499,0.5703,4.4082,0.0140,4.9952,69849,624,860,1,0
3,580,0.3537,0.6266,3.6362,0.0300,4.2974,70373,624,862,1,0
3,581,0.3573,0.6453,4.4895,0.0101,5.1528,70784,624,857,1,0
3,582,0.3610,0.7843,3.7103,0.0149,4.5131,69969,624,877,1,0
3,583,0.3646,0.6674,3.6393,0.0327,4.3436,70173,624,867,1,0
3,584,0.3694,0.5879,4.6825,0.0251,5.3070,69883,624,857,1,0
3,585,0.3739,0.7872,3.6921,0.0109,4.4973,69573,624,864,1,0
3,586,0.3784,0.5908,3.5889,0.0111,4.1942,69815,624,861,1,0
3,587,0.3828,0.6678,4.5490,0.0119,5.2328,69155,624,867,1,0
3,588,0.3872,0.7671,2.6786,0.0117,3.4641,68834,624,855,1,0
3,589,0.3914,0.4567,3.5322,0.0110,4.0068,71320,624,848,1,0
3,590,0.3956,0.7154,3.9771,0.0115,4.7072,71301,624,837,1,0
3,591,0.4001,0.6708,4.7306,0.0112,5.4179,71016,624,828,1,0
3,592,0.4047,0.7958,2.9817,0.0122,3.7960,70497,624,813,1,0
3,593,0.4090,0.7241,4.3904,0.0142,5.1344,70905,624,806,1,0
3,594,0.4136,0.7012,3.4006,0.0118,4.1188,69853,624,796,1,0
3,595,0.4180,0.8162,4.8816,0.0127,5.7177,70204,624,758,1,0
3,596,0.4227,0.7867,4.6725,0.0110,5.4777,69842,624,722,1,0
3,597,0.4287,0.8429,4.0664,0.0125,4.9306,70978,624,758,1,0
3,598,0.4332,0.7644,3.8364,0.0135,4.6180,71329,624,796,1,0
3,599,0.4376,0.7730,4.8357,0.0168,5.6336,70991,624,816,1,0
3,600,0.4422,0.4648,4.7058,0.0121,5.1884,70835,624,818,1,0
3,601,0.4466,0.4248,3.8846,0.0107,4.3259,71076,624,832,1,0
3,602,0.4509,0.7974,4.5254,0.0122,5.3396,70384,624,848,1,0
3,603,0.4554,0.8253,4.0104,0.0119,4.8528,69444,624,858,1,0
3,604,0.4599,0.7519,2.9169,0.0113,3.6832,69766,624,861,1,0
3,605,0.4643,0.8631,4.8261,0.0154,5.7136,69288,624,877,1,0
3,606,0.4689,0.6609,3.0019,0.0198,3.6886,69608,624,867,1,0
3,607,0.4731,0.4467,4.4855,0.0108,4.9522,70118,624,857,1,0
3,608,0.4780,0.4742,5.4072,0.0183,5.9027,69687,624,863,1,0
3,609,0.4832,0.8402,4.8563,0.0129,5.7141,69276,624,866,1,0
3,610,0.4883,0.7605,4.1545,0.0131,4.9315,68255,624,870,1,0
3,611,0.4932,0.8271,4.9656,0.0195,5.8180,69209,624,861,1,0
3,612,0.4984,0.8612,4.3421,0.0117,5.2208,71285,624,843,1,0
3,613,0.5033,0.8067,5.0841,0.0122,5.9062,70978,624,838,1,0
3,614,0.5083,1.1060,3.7534,0.0131,4.8758,71054,624,820,1,0
3,615,0.5131,0.7451,4.9295,0.0131,5.6963,70872,624,814,1,0
3,616,0.5183,0.3778,4.7353,0.0121,5.1278,69820,624,798,1,0
3,617,0.5247,0.7620,4.9391,0.0118,5.7177,69642,624,758,1,0
3,618,0.5298,0.8978,3.5900,0.0106,4.5010,71436,624,718,1,0
3,619,0.5345,0.8078,4.6674,0.0115,5.4927,71276,624,759,1,0
3,620,0.5395,0.7371,5.4005,0.0132,6.3243,71299,624,797,1,0
3,621,0.5447,0.5474,3.8959,0.0114,4.4572,70207,624,812,1,0
3,622,0.5498,0.7661,5.0583,0.0127,5.8429,69783,624,838,1,0
3,623,0.5549,0.8260,4.2519,0.0125,5.0965,69664,624,850,1,0
3,624,0.5596,0.5116,4.9289,0.0113,5.4561,69403,624,861,1,0
3,625,0.5648,0.7686,4.7659,0.0111,5.5483,69748,624,863,1,0
3,626,0.5701,0.4871,5.0405,0.0115,5.5426,69071,624,880,1,0
3,627,0.5753,0.6457,5.0002,0.0125,5.6653,68592,624,869,1,0
3,628,0.5805,0.7776,5.0428,0.0122,5.8403,69332,624,867,1,0
3,629,0.5858,0.4997,5.3733,0.0128,5.8910,69353,624,862,1,0
3,630,0.5912,0.7485,3.9300,0.0116,4.6959,69467,624,868,1,0
3,631,0.5962,0.5591,4.8242,0.0128,5.3984,68711,624,855,1,0
3,632,0.6012,0.6414,4.8132,0.0107,5.4678,69800,624,853,1,0
3,633,0.6247,0.7691,3.7010,0.0921,4.5671,64832,624,826,55,66
3,634,0.6290,0.9273,4.0583,0.1255,5.1154,70381,624,750,73,92
3,635,0.6333,0.8503,4.1058,0.1533,5.1139,71473,624,711,97,119
3,636,0.6374,0.4895,3.4842,0.1846,4.1608,71320,624,758,119,155
3,637,0.6411,0.5542,3.9401,0.2128,4.7101,72285,624,788,127,185
3,638,0.6450,0.5778,4.2506,0.2555,5.0870,71822,624,803,149,222
3,639,0.6490,0.5338,3.9596,0.3038,4.8001,70991,624,811,165,262
3,640,0.6530,0.4861,3.9997,0.4691,4.9572,70835,624,824,229,306
3,641,0.6570,0.5277,3.9833,0.4247,4.9383,71076,624,835,239,354
3,642,0.6607,0.4367,4.0143,0.4501,4.9050,70384,624,849,265,401
3,643,0.6641,0.3654,3.7080,0.6900,4.7659,69878,624,857,273,445
3,644,0.6677,0.6649,4.3774,0.5539,5.5993,70398,624,859,297,496
3,645,0.6719,0.6949,4.3130,0.6377,5.6507,69677,624,873,361,557
3,646,0.6762,0.6265,3.6043,0.7495,4.9848,69569,624,875,415,625
3,647,0.6806,0.4951,3.5601,0.8203,4.8780,69980,624,852,433,697
3,648,0.6851,0.4727,4.1933,0.9351,5.6054,69992,624,862,471,772
3,649,0.6898,0.3915,4.1715,1.0927,5.6605,69830,624,862,505,861
3,650,0.6945,0.4603,3.6875,1.0672,5.2185,68911,624,866,545,939
3,651,0.6993,0.4847,4.0113,1.1990,5.6985,69217,624,861,633,1008
3,652,0.7043,0.4553,3.8758,1.2289,5.5624,70615,624,857,671,1086
3,653,0.7091,0.4476,4.3927,1.3058,6.1487,71285,624,839,709,1149
3,654,0.7142,0.6258,4.0897,1.4522,6.1731,70530,624,835,725,1215
3,655,0.7193,0.4841,4.3176,1.5153,6.3211,70075,624,825,799,1278
3,656,0.7244,0.6239,2.6808,1.6046,4.9160,70345,624,804,833,1333
3,657,0.7296,0.5349,2.7800,1.7052,5.0262,70194,624,792,873,1390
3,658,0.7350,0.5134,4.2325,1.6612,6.4146,70360,624,736,893,1433
3,659,0.7402,0.6710,4.2522,1.8243,6.7537,71436,624,732,935,1466
3,660,0.7456,0.4470,4.3939,1.7398,6.5850,70319,624,770,925,1484
3,661,0.7509,0.3723,4.0682,1.7118,6.1546,70479,624,809,925,1490
3,662,0.7561,0.6046,3.9348,1.7337,6.2777,70655,624,818,919,1485
3,663,0.7614,0.5612,4.3320,1.7285,6.6246,70429,624,842,913,1467
3,664,0.7667,0.5086,3.7648,1.6692,5.9474,69401,624,864,899,1438
3,665,0.7721,0.3785,4.1315,1.6598,6.1732,68659,624,869,877,1395
3,666,0.7774,0.6170,4.3104,1.5645,6.5142,68731,624,867,845,1345
3,667,0.7827,0.5697,4.4864,1.5032,6.5727,69560,624,875,811,1283
3,668,0.7882,0.5766,3.2172,1.3700,5.1663,69712,624,863,741,1217
3,669,0.7932,0.4557,4.4932,1.5268,6.4916,68756,624,867,697,1147
3,670,0.7986,0.4596,4.4791,1.3100,6.2520,68416,624,865,663,1069
3,671,0.8036,0.4962,4.3558,1.2771,6.1331,68803,624,868,625,993
3,672,0.8085,0.4938,4.4331,1.1101,6.0397,69229,624,861,523,905
3,673,0.8134,0.5453,4.4911,1.1258,6.1674,71301,624,837,493,815
3,674,0.8183,0.5126,4.4585,0.9035,5.8785,71016,624,833,447,725
3,675,0.8229,0.4725,4.6225,0.9397,6.0387,71102,624,818,421,644
3,676,0.8275,0.4452,4.4173,0.6704,5.5353,70905,624,806,361,568
3,677,0.8320,0.7935,4.2109,0.5759,5.5884,70906,624,797,297,503
3,678,0.8365,0.8217,4.2261,0.5163,5.5681,70204,624,763,273,440
3,679,0.8408,0.5237,4.7090,0.4588,5.6955,70381,624,729,249,380
3,680,0.8451,0.7457,4.2066,0.3827,5.3390,71473,624,741,231,328
3,681,0.8493,0.8100,4.3620,0.3197,5.4963,71320,624,761,189,280
3,682,0.8535,0.6926,4.9918,0.2742,5.9656,71329,624,795,149,234
3,683,0.8579,0.5248,4.3066,0.2377,5.0720,70991,624,812,135,195
3,684,0.8621,0.6071,4.3829,0.1996,5.1928,70835,624,825,119,159
3,685,0.8661,0.5233,3.5323,0.1607,4.2187,71076,624,835,107,127
3,686,0.8700,0.8822,4.7445,0.1507,5.7854,70384,624,849,81,98
3,687,0.8742,0.7766,4.4728,0.1499,5.4044,69436,624,858,57,72
3,688,0.8785,0.8883,4.2148,0.1078,5.2144,69766,624,861,51,49
3,689,0.8825,0.7042,4.3350,0.0553,5.0972,69364,624,869,31,30
3,690,0.8864,0.6683,4.1218,0.0429,4.8366,69622,624,873,29,18
3,691,0.8905,0.9789,4.2273,0.0340,5.2522,70590,624,853,23,6
3,692,0.8946,0.6454,4.0559,0.0148,4.7198,70257,624,862,1,0
3,693,0.8985,0.7598,4.1831,0.0125,4.9590,70594,624,858,1,0
3,694,0.9025,0.8018,4.5053,0.0191,5.3299,70216,624,865,1,0
3,695,0.9068,0.6317,3.9073,0.0108,4.5551,69146,624,866,1,0
3,696,0.9106,0.6080,4.1122,0.0119,4.7348,69413,624,855,1,0
3,697,0.9143,0.5965,3.9461,0.0111,4.5594,70615,624,856,1,0
3,698,0.9180,0.5916,4.4216,0.0110,5.0318,71285,624,839,1,0
3,699,0.9220,0.6105,4.3609,0.0118,4.9864,70978,624,835,1,0
3,700,0.9259,0.6304,4.1768,0.0117,4.8214,71054,624,823,1,0
3,701,0.9297,0.8103,4.2920,0.0120,5.1183,70872,624,817,1,0
3,702,0.9335,0.7411,4.4447,0.0130,5.2186,71536,624,799,1,0
3,703,0.9374,0.6769,4.7919,0.0145,5.4894,72296,624,791,1,0
3,704,0.9413,0.6644,3.7531,0.0155,4.4372,70194,624,763,1,0
3,705,0.9450,0.6467,4.3291,0.0113,4.9902,70360,624,736,1,0
3,706,0.9489,0.7592,3.0534,0.0138,3.8309,71436,624,732,1,0
3,707,0.9525,0.6339,5.0747,0.0141,5.7801,71276,624,754,1,0
3,708,0.9565,0.7693,4.2048,0.0121,4.9902,71299,624,796,1,0
3,709,0.9603,0.8991,4.7481,0.0264,5.6774,71491,624,810,1,0
3,710,0.9643,0.5986,3.9388,0.0222,4.5623,71050,624,812,1,0
3,711,0.9680,0.6225,4.5636,0.0139,5.2036,71312,624,830,1,0
3,712,0.9719,0.5969,4.0528,0.0105,4.6692,70429,624,843,1,0
3,713,0.9757,0.6698,4.5070,0.0143,5.1959,69958,624,857,1,0
3,714,0.9795,0.6741,4.1415,0.0224,4.8463,69661,624,863,1,0
3,715,0.9834,0.6818,3.5110,0.0106,4.2066,69748,624,863,1,0
3,716,0.9871,0.7646,4.1835,0.0134,4.9656,70343,624,871,1,0
3,717,0.9910,0.6218,3.5886,0.0110,4.2241,69646,624,875,1,0
3,718,0.9948,0.5778,4.1079,0.0107,4.7003,71103,624,853,1,0
3,719,0.9987,0.6052,4.7018,0.0173,5.3277,70603,624,865,1,0
